Name,"Full Address",City,County/State,Postcode,Country,"Telephone Number",Rating,Keywords,"Opening hours",URL,Latitude,Longitude,"Data Source","Data Source Identifer"
"Harvest Moon Centre","24 Baggot Street Lower, Dublin 2, Ireland","Dublin 2",Dublin,,IE,"(01) 662 7556",,"health, establishment","Monday: 9:30 am – 9:00 pm
Tuesday: 9:30 am – 9:00 pm
Wednesday: 9:30 am – 9:00 pm
Thursday: 9:30 am – 9:00 pm
Friday: 9:30 am – 9:00 pm
Saturday: 11:00 am – 8:00 pm
Sunday: 11:00 am – 7:00 pm",http://www.harvestmoon.ie/,53.337669,-6.250849,"Google Places",ChIJdx5TnJcOZ0gR7FiAZEuFRfI,https://plus.google.com/107809565298474930392/about?hl=en
"Nurture Therapies","55 Rock Road, Blackrock, Co. Dublin, Ireland",,Dublin,,IE,"087 126 7427",,"health, establishment",,http://www.nurturetherapies.ie/,53.306038,-6.18919,"Google Places",ChIJ96TjA9AIZ0gRuTHY2s6ZAD8,https://plus.google.com/104286302159476400718/about?hl=en
"Mai Thai Massage Dublin","41A Wellington Quay, Dublin 2, Ireland","Dublin 2",Dublin,,IE,"086 250 8643",,"health, establishment","Monday: 10:00 am – 8:00 pm
Tuesday: 10:00 am – 8:00 pm
Wednesday: 10:00 am – 8:00 pm
Thursday: 10:00 am – 8:00 pm
Friday: 10:00 am – 8:00 pm
Saturday: 10:00 am – 8:00 pm
Sunday: 10:00 am – 8:00 pm",http://www.maithaimassage.ie/,53.345823,-6.263598,"Google Places",ChIJB7HRjIIOZ0gRrOozu0dBBm4,https://plus.google.com/104061697592704546002/about?hl=en
"Anne Butler - Reflexologist","63 Beechwood Avenue Lower, Dublin 6, Ireland","Dublin 6",Dublin,,IE,"(01) 412 6215",,"health, establishment","Monday: 9:00 am – 5:00 pm
Tuesday: 9:00 am – 5:00 pm
Wednesday: 9:00 am – 5:00 pm
Thursday: 9:00 am – 5:00 pm
Friday: 9:00 am – 5:00 pm
Saturday: 9:00 am – 5:00 pm
Sunday: Closed",http://www.complementary-therapists.com/irish-therapists/dublin/anne-butler.htm,53.323383,-6.254416,"Google Places",ChIJI3laaK8OZ0gRg-HsouRNdBw,https://plus.google.com/110519937472744261139/about?hl=en
"Dublin Holistic Massage","19 Talbot Street, Dublin 1, Ireland","Dublin 1","Co. Dublin",,IE,"085 774 7474",,"health, establishment","Monday: 9:00 am – 9:00 pm
Tuesday: 9:00 am – 9:00 pm
Wednesday: 9:00 am – 9:00 pm
Thursday: 9:00 am – 9:00 pm
Friday: 9:00 am – 9:00 pm
Saturday: 9:00 am – 9:00 pm
Sunday: 9:00 am – 9:00 pm",http://www.dublinholisticmassage.com/,53.350706,-6.25493,"Google Places",ChIJrVCRUY8OZ0gR7OWmnxfmUbs,https://plus.google.com/113905626145902080671/about?hl=en
"Thai Well Centre","53 Ranelagh Village, Ranelagh, Dublin 6, Ireland","Dublin 6",Dublin,,IE,"(01) 497 0888",,"health, establishment","Monday: 11:00 am – 8:00 pm
Tuesday: 11:00 am – 8:00 pm
Wednesday: 11:00 am – 8:00 pm
Thursday: 11:00 am – 8:00 pm
Friday: 11:00 am – 8:00 pm
Saturday: 11:00 am – 8:00 pm
Sunday: Closed",http://www.thaiwell.ie/,53.324619,-6.253709,"Google Places",ChIJpTKQXe0LZ0gRM8u921hx0rc,https://plus.google.com/110989085247145743081/about?hl=en
Therap-Eaze,"25 Suffolk Street, Dublin 2, Ireland","Dublin 2",Dublin,,IE,"086 194 1366",,"health, establishment","Monday: 8:00 am – 8:00 pm
Tuesday: 8:00 am – 8:00 pm
Wednesday: 8:00 am – 8:00 pm
Thursday: 8:00 am – 8:00 pm
Friday: 8:00 am – 8:00 pm
Saturday: 11:00 am – 5:00 pm
Sunday: Closed",http://www.therap-eaze.ie/,53.343553,-6.260352,"Google Places",ChIJq5jig5wOZ0gRy-7TygRflu0,https://plus.google.com/113737251773562983989/about?hl=en
"Holistic Sensei Thai Massage and Spa","14 Exchequer Street, Dublin 2, Ireland","Dublin 2",Dublin,,IE,"086 442 9356",,"health, establishment","Monday: 11:00 am – 8:00 pm
Tuesday: 11:00 am – 8:00 pm
Wednesday: 11:00 am – 8:00 pm
Thursday: 11:00 am – 8:00 pm
Friday: 11:00 am – 8:00 pm
Saturday: 11:00 am – 8:00 pm
Sunday: 12:00 – 8:00 pm",http://thaidublinmassage.blogspot.ie/,53.342958,-6.263388,"Google Places",ChIJ1aYI-pwOZ0gRfuruoXFC47A,https://plus.google.com/103560123182888364332/about?hl=en
Amatouch,"46 Walkinstown Avenue, Dublin 12, Ireland","Dublin City",Dublin,,IE,"087 252 9456",,"health, establishment",,http://www.amatouch.com/,53.319988,-6.337662,"Google Places",ChIJPxfZnZAMZ0gRHJGEEnl2s-I,https://plus.google.com/101923083730115577033/about?hl=en
"Nurture Therapies","Mount Carmel, 36 Rochestown Park, Dublin, Ireland",,,,IE,"087 126 7427",,"health, establishment",,http://www.nurturetherapies.ie/,53.270276,-6.139819,"Google Places",ChIJD7rwrXgIZ0gRIjB_dZbKd0Q,https://plus.google.com/115769233173657152753/about?hl=en
"Trish Darcy Holistic Therapist / Reflexologist M.I.R.I.L","4 Cian Park, Dublin 9, Ireland","Dublin 9",Dublin,,IE,"087 263 3612",,"health, establishment","Monday: Closed
Tuesday: Closed
Wednesday: 10:30 am – 7:30 pm
Thursday: 10:30 am – 7:30 pm
Friday: 10:30 am – 7:30 pm
Saturday: Closed
Sunday: Closed",http://www.croinadarach.ie/,53.36741,-6.25387,"Google Places",ChIJXytt9WUOZ0gREn7IUhAEkH0,https://plus.google.com/108408313415974516901/about?hl=en
"Holistic Therapist - Jennifer Dunne","22 Jugback Lane, Swords, Co. Dublin, Ireland",Swords,Dublin,,IE,"086 156 2701",,"health, establishment","Monday: 9:00 am – 9:00 pm
Tuesday: 9:00 am – 9:00 pm
Wednesday: 9:00 am – 9:00 pm
Thursday: 9:00 am – 9:00 pm
Friday: 9:00 am – 9:00 pm
Saturday: 9:00 am – 6:00 pm
Sunday: Closed",http://www.complementary-therapists.com/irish-therapists/dublin/jennifer-dunne.htm,53.465927,-6.226136,"Google Places",ChIJS2ZX4-cQZ0gRiE2OpQRHN-A,https://plus.google.com/105491966479826400668/about?hl=en
"Harmony Holistic Therapies","31 Hollystown Demesne, Dublin 15, Ireland","Dublin 15",Dublin,,IE,"087 997 3150",,"health, establishment",,http://www.harmonyholistic.ie/,53.435261,-6.381488,"Google Places",ChIJfYarztgSZ0gRJs48MlfBUis,https://plus.google.com/112513416605628446165/about?hl=en
"Johnstown Therapy Centre","35A Johnstown Rd, Dun Laoghaire, Co. Dublin, Ireland","Dun Laoghaire",Dublin,,IE,"(01) 202 4837",,"health, establishment","Monday: 9:00 am – 9:00 pm
Tuesday: 9:00 am – 9:00 pm
Wednesday: 9:00 am – 9:00 pm
Thursday: 9:00 am – 9:00 pm
Friday: 9:00 am – 9:00 pm
Saturday: 9:00 am – 6:00 pm
Sunday: 9:00 am – 6:00 pm",http://www.johnstowntherapy.com/,53.26837,-6.146183,"Google Places",ChIJHfpu23sIZ0gRG1Is2vTA5uU,https://plus.google.com/101372393264350016436/about?hl=en
"Tender Touch Treatments","2 Stonebridge Close, Shankill Village,, Shankill, Co. Dublin, Ireland",Shankill,"Co. Dublin",,IE,"086 331 3770",,"health, establishment","Monday: 9:00 am – 8:00 pm
Tuesday: 9:00 am – 8:00 pm
Wednesday: 9:00 am – 8:00 pm
Thursday: 9:00 am – 8:00 pm
Friday: 9:00 am – 8:00 pm
Saturday: 1:00 – 6:00 pm
Sunday: Closed",http://www.tender-touch-treatments.com/,53.229975,-6.124412,"Google Places",ChIJk559APgHZ0gR4icNhR9L0vI,https://plus.google.com/117742049187792696382/about?hl=en
"Nuad Thai - Foot Reflex & Thai Massage","10 Ranelagh, Dublin 6, Ireland","Dublin 6",Dublin,,IE,"(01) 406 6910",,"health, establishment","Monday: 11:00 am – 9:00 pm
Tuesday: 11:00 am – 9:00 pm
Wednesday: 11:00 am – 9:00 pm
Thursday: 11:00 am – 9:00 pm
Friday: 11:00 am – 9:00 pm
Saturday: 11:00 am – 9:00 pm
Sunday: Closed",https://plus.google.com/117791852570902320446/about?hl=en,53.326278,-6.255766,"Google Places",ChIJF1n8zqUOZ0gRu962SbOvsOg,https://plus.google.com/117791852570902320446/about?hl=en
"Christina Anderson - At Home Massage Dublin (Female Clients Only)","1 Sandyford Road, Dublin 16, Ireland","Dublin 16",Dublin,,IE,"085 779 4713",,"health, establishment","Monday: 8:00 – 10:00 pm
Tuesday: 8:00 – 10:00 pm
Wednesday: 8:00 – 10:00 pm
Thursday: 8:00 – 10:00 pm
Friday: 8:00 – 10:00 pm
Saturday: 9:00 am – 10:00 pm
Sunday: 9:00 am – 10:00 pm",http://about.me/christina.anderson,53.325476,-6.22712,"Google Places",ChIJ3bRXyMYOZ0gRJwLnEaKxP2c,https://plus.google.com/101284812497363285339/about?hl=en
"Mai Thai Massage","10 Abbey Street Upper, Dublin 1, Ireland","Dublin 1",Dublin,,IE,"086 191 1781",,"health, establishment","Monday: 10:00 am – 8:00 pm
Tuesday: 10:00 am – 8:00 pm
Wednesday: 10:00 am – 8:00 pm
Thursday: 10:00 am – 8:00 pm
Friday: 10:00 am – 8:00 pm
Saturday: 10:00 am – 8:00 pm
Sunday: 10:00 am – 8:00 pm",http://www.maithaimassage.ie/10-Upper-Abbey-Street.html,53.347368,-6.26705,"Google Places",ChIJB7HRjIIOZ0gRhITFe_XJZ0E,https://plus.google.com/118326615888161017702/about?hl=en
"Relax and Revive Massage Therapy Centre","67 Camden Street Lower, Dublin 2, Ireland","Dublin 2",Dublin,,IE,"086 199 9917",,"health, establishment","Monday: 9:00 am – 9:00 pm
Tuesday: 9:00 am – 9:00 pm
Wednesday: 9:00 am – 9:00 pm
Thursday: 9:00 am – 9:00 pm
Friday: 9:00 am – 9:00 pm
Saturday: 9:00 am – 5:00 pm
Sunday: Closed",https://plus.google.com/104406295856788742624/about?hl=en,53.334688,-6.265492,"Google Places",ChIJKV2u_p8OZ0gRS_uo0wRt-kw,https://plus.google.com/104406295856788742624/about?hl=en
"Rainkoat Energy Therapy","Lipton's Court, Temple Lane South, Temple Bar, Dublin 2, Ireland",,,,IE,"087 781 1606",,"health, establishment",,http://www.rainkoat.com/,53.34442,-6.264325,"Google Places",ChIJSedGtJwOZ0gR6k1hYQoA6mg,https://plus.google.com/109069121758550472864/about?hl=en
"Melanie Mondini","28 William Street South, Dublin 2, Ireland","Dublin 2",Dublin,,IE,"085 275 8914",,"health, establishment","Monday: 3:00 – 10:00 pm
Tuesday: 3:00 – 10:00 pm
Wednesday: 3:00 – 10:00 pm
Thursday: 3:00 – 10:00 pm
Friday: 3:00 – 10:00 pm
Saturday: 3:00 – 10:00 pm
Sunday: Closed",http://melaniemondini.com/,53.341547,-6.263123,"Google Places",ChIJD7gbRpwOZ0gR3bfLEtt5zSM,https://plus.google.com/112000809378808551791/about?hl=en
"Holistic massage in Dublin. Beauty in Dublin - Melody Studio","1 Talbot Street, 1st & 2nd Floor, Dublin 1, Ireland","Dublin 1",Dublin,,IE,"087 659 0377",4.8,"beauty_salon, physiotherapist, spa, health, establishment","Monday: 11:00 am – 8:00 pm
Tuesday: 11:00 am – 8:00 pm
Wednesday: 11:00 am – 8:00 pm
Thursday: 11:00 am – 8:00 pm
Friday: 11:00 am – 8:00 pm
Saturday: 11:00 am – 8:00 pm
Sunday: Closed",http://www.holisticmassageandbeauty.com/,53.350052,-6.257981,"Google Places",ChIJV6b1xYUOZ0gRQ2YjumrE6Wg,https://plus.google.com/108608750760348857236/about?hl=en
"Stauntons Holistic Healthcare","Marian Rd, Rathfarnham, Co. Dublin, Ireland",,Dublin,,IE,"085 151 0929",,"health, establishment","Monday: 7:30 am – 8:00 pm
Tuesday: 7:30 am – 8:00 pm
Wednesday: 7:30 am – 8:00 pm
Thursday: 7:30 am – 8:00 pm
Friday: 7:30 am – 8:00 pm
Saturday: 10:00 am – 2:00 pm
Sunday: Closed",http://stauntonsholistic.ie/,53.293105,-6.297558,"Google Places",ChIJZRqraJcLZ0gRDK2HF8X4t8w,https://plus.google.com/101480954752511446685/about?hl=en
"Helen Sherlock Yoga","Gate Lodge, All Hallows Missonary College - Lodge, Grace Park Road, Dublin, Ireland",Dublin,Dublin,,IE,"087 791 1837",,"health, establishment",,http://www.yogaclass.ie/,53.369954,-6.247753,"Google Places",ChIJ-5BmYGgOZ0gRmhkHvKBCLBY,https://plus.google.com/114897133281125456708/about?hl=en
"reflexology malahide","Kilronan House, Church Road, Malahide, Co. Dublin, Ireland",Malahide,Dublin,,IE,"086 207 1065",,"health, establishment",,http://www.reflexologymalahide.com/,53.450322,-6.153393,"Google Places",ChIJ6fImQmAaZ0gRVd7du3joYPY,https://plus.google.com/103737467935645349912/about?hl=en
"Ryevale Holistic Therapies","229 Ryevale Lawns, Leixlip, Co. Kildare, Ireland",Leixlip,Kildare,,IE,"087 909 1610",,"health, establishment",,http://www.ryevaleholistic.ie/,53.369803,-6.495867,"Google Places",ChIJu0PJgR5yZ0gRmPhRtElj2uc,https://plus.google.com/105647135678626194421/about?hl=en
"Reflexologist Dorothy Forrester","Casalattico, Old Lucan Road, Co. Dublin, Ireland","Old Lucan Road",Dublin,,IE,"086 198 3867",,"health, establishment",,http://dorothy.forrester.ie/,53.35634,-6.39769,"Google Places",ChIJpT63d9pyZ0gR85I1tKa3FGc,https://plus.google.com/114073289940518359474/about?hl=en
"Body Therapy Ireland","Howth Rd, Dublin 5, Ireland","Dublin 5",Dublin,,IE,"086 647 8898",,"health, establishment",,https://plus.google.com/108269055633633238870/about?hl=en,53.379724,-6.161431,"Google Places",ChIJ648PumEFZ0gRXz_sBtTjBBU,https://plus.google.com/108269055633633238870/about?hl=en
"Breath of Life - Natural Healing clinic","Village Court, 10 Strand Road, Portmarnock, Co. Dublin, Ireland",Fingal,Dublin,,IE,"(01) 846 0942",,"health, establishment",,http://www.bolhealing.com/,53.422601,-6.135478,"Google Places",ChIJX3szhsMaZ0gR9GLM-HHWuWQ,https://plus.google.com/101981024942908754383/about?hl=en
"Thai Jasmine Massage Centre","18 Main Street, Dublin 14, Ireland","Dublin 14",Dublin,,IE,"(01) 296 6563",,"health, establishment","Monday: 11:30 am – 8:00 pm
Tuesday: 11:30 am – 8:00 pm
Wednesday: 11:30 am – 8:00 pm
Thursday: 11:30 am – 8:00 pm
Friday: 11:30 am – 8:00 pm
Saturday: 11:30 am – 8:00 pm
Sunday: Closed",http://www.thaijasmine.net/,53.291437,-6.245512,"Google Places",ChIJixH2d2cJZ0gRaP1lXswCqCs,https://plus.google.com/114798935916895374743/about?hl=en
"Health Balance","88 Deepdales, Bray, Co. Wicklow, Ireland",Bray,Wicklow,,IE,"087 250 5811",,establishment,,http://www.healthbalance.ie/,53.181919,-6.123115,"Google Places",ChIJlXj5-yimZ0gRIs_ijLKLxJE,https://plus.google.com/101677284374609645702/about?hl=en
"Elizabeth Webb","Ballawley Lodge, Sandyford Road, Dundrun, Co. Dublin, Ireland",Dundrun,Dublin,,IE,"087 287 5412",,establishment,"Monday: 9:00 am – 5:00 pm
Tuesday: 9:00 am – 5:00 pm
Wednesday: 9:00 am – 5:00 pm
Thursday: 9:00 am – 5:30 pm
Friday: 9:00 am – 5:00 pm
Saturday: 9:00 am – 5:00 pm
Sunday: Closed",https://plus.google.com/100775502265746903682/about?hl=en,53.277685,-6.231265,"Google Places",ChIJXzW75nMJZ0gROgZfyjq0i94,https://plus.google.com/100775502265746903682/about?hl=en
"Pembroke Health and Wellbeing","9 Eglinton Road, Bray, Co. Wicklow, Ireland",Bray,Wicklow,,IE,"(01) 211 6969",,"health, establishment","Monday: 9:00 am – 6:00 pm
Tuesday: 9:00 am – 8:00 pm
Wednesday: 9:00 am – 6:00 pm
Thursday: 9:00 am – 8:00 pm
Friday: 9:00 am – 6:00 pm
Saturday: 9:00 am – 6:00 pm
Sunday: Closed",https://plus.google.com/114306688913320895676/about?hl=en,53.203786,-6.106496,"Google Places",ChIJvSIvCW-oZ0gRxdMA7SBAHVY,https://plus.google.com/114306688913320895676/about?hl=en
"Deirdre Doyle Reflexologist","47 Ardcian Park, Swords, Co. Dublin, Ireland",Swords,Dublin,,IE,"085 113 7414",,"health, establishment","Monday: 11:00 am – 10:00 pm
Tuesday: 11:00 am – 10:00 pm
Wednesday: 11:00 am – 10:00 pm
Thursday: 11:00 am – 10:00 pm
Friday: 11:00 am – 10:00 pm
Saturday: 11:00 am – 10:00 pm
Sunday: 11:00 am – 10:00 pm",https://plus.google.com/102534186704354491678/about?hl=en,53.465926,-6.238071,"Google Places",ChIJn5swCuAQZ0gRZ9HHswSVsqI,https://plus.google.com/102534186704354491678/about?hl=en
"Optimal Health","120 Whitebarn Road, Dublin 14, Ireland","Dublin 14",Dublin,,IE,"087 929 3941",,establishment,,http://www.optimalhealth.ie/,53.292644,-6.263864,"Google Places",ChIJjQKINucLZ0gRpqYF7UPF9LU,https://plus.google.com/110526277400148267168/about?hl=en
Reflexology,"Gartan Drive, Swords, Co. Dublin, Ireland",Swords,Dublin,,IE,"086 207 1065",,"health, establishment",,https://plus.google.com/109897673405230650253/about?hl=en,53.464646,-6.207301,"Google Places",ChIJaxbWqpUQZ0gR6luFJRUjqoU,https://plus.google.com/109897673405230650253/about?hl=en
"Fiona Byrne","172 Alderbrook Vale, Ashbourne, Co. Meath, Ireland",Ashbourne,Meath,,IE,"087 972 6887",,"health, establishment",,http://www.reflexology.ie/,53.505523,-6.393442,"Google Places",ChIJrbOjnsEUZ0gRo4ke5H9PuLI,https://plus.google.com/117751810565392769115/about?hl=en
"Positive Healing Clinic","172 Alderbrook Vale, Ashbourne, Co. Meath, Ireland",Ashbourne,Meath,,IE,"087 972 6887",,"health, establishment","Monday: 9:30 am – 8:00 pm
Tuesday: 9:30 am – 8:00 pm
Wednesday: 9:00 am – 6:00 pm
Thursday: 9:00 am – 8:00 pm
Friday: Closed
Saturday: Closed
Sunday: Closed",http://www.positivehealingclinic.ie/,53.505523,-6.393442,"Google Places",ChIJafEPnsEUZ0gRBisKxRPIr_Q,https://plus.google.com/103658921832602811994/about?hl=en
"Complementary Therapists","5 Ardmore Drive, Dublin 5, Ireland","Dublin 5",Dublin,,IE,"086 668 2855",,"health, establishment",,http://www.complementary-therapists.com/,53.388366,-6.215449,"Google Places",ChIJVfGDK8wPZ0gROjMPMQhZeLc,https://plus.google.com/113651269337634309661/about?hl=en
"Marian Sopoliga & Lenka Sopoligova - Reiki Therapists","Castleforbes Square, Dublin 1, Ireland","Dublin 1",Dublin,,IE,"(01) 442 2702",,"health, establishment","Monday: 9:00 am – 8:00 pm
Tuesday: 9:00 am – 8:00 pm
Wednesday: 9:00 am – 8:00 pm
Thursday: 9:00 am – 8:00 pm
Friday: 9:00 am – 8:00 pm
Saturday: 9:00 am – 8:00 pm
Sunday: 9:00 am – 2:00 pm",http://www.complementary-therapists.com/irish-therapists/dublin/marian-lenka.htm,53.349629,-6.232219,"Google Places",ChIJCWR6dvEOZ0gRi4--U5REvMQ,https://plus.google.com/102876961350105050651/about?hl=en
"Tony Lawless","16 Brookwood Rise, Dublin 5, Ireland","Dublin 5",Dublin,,IE,"087 223 0052",,"health, establishment","Monday: 9:00 am – 9:00 pm
Tuesday: 9:00 am – 9:00 pm
Wednesday: 9:00 am – 9:00 pm
Thursday: 9:00 am – 9:00 pm
Friday: 9:00 am – 9:00 pm
Saturday: 9:00 am – 9:00 pm
Sunday: Closed",http://www.complementary-therapists.com/irish-therapists/dublin/tony-lawless.htm,53.377791,-6.195111,"Google Places",ChIJzwhw9r4PZ0gRpBdra39XWUw,https://plus.google.com/117596132256849753047/about?hl=en
"Linda Keogh - Spiritual Healer & Reiki Master","2, The Strand, Dublin 13, Ireland","Dublin 13",Dublin,,IE,"086 880 0602",,establishment,"Monday: 9:00 am – 9:00 pm
Tuesday: 9:00 am – 9:00 pm
Wednesday: 9:00 am – 9:00 pm
Thursday: 9:00 am – 9:00 pm
Friday: 9:00 am – 9:00 pm
Saturday: 9:00 am – 9:00 pm
Sunday: Closed",http://www.complementary-therapists.com/irish-therapists/dublin/linda-keogh.htm,53.425562,-6.13676,"Google Places",ChIJh9gdScIaZ0gRBHYeB6BTd50,https://plus.google.com/109268889001666722036/about?hl=en
"Cedarwood Holistic Therapy","23 Bramley Grove, Castleknock, Co. Dublin, Ireland",Castleknock,Dublin,,IE,"085 161 0322",,"health, establishment","Monday: 10:00 am – 7:00 pm
Tuesday: 10:00 am – 7:00 pm
Wednesday: 10:00 am – 7:00 pm
Thursday: 10:00 am – 7:00 pm
Friday: 10:00 am – 7:00 pm
Saturday: Closed
Sunday: Closed",http://www.cedarwoodholistic.ie/,53.375294,-6.388671,"Google Places",ChIJXXzTybRyZ0gRHbXLi4swRGw,https://plus.google.com/116825430958908700242/about?hl=en
"Zest Therapies","The Bodywise Clinic, 25 Suffolk St, Dublin 2, Ireland","Dublin 2",Dublin,,IE,"086 843 1284",,"health, establishment",,http://www.zesttherapies.com/,53.343576,-6.260378,"Google Places",ChIJ_06thpwOZ0gRMUCj13wfz_A,https://plus.google.com/112549999841590250449/about?hl=en
"Active Balance Clinic","Family Resource Centre, Lynchs Lane, Ballyfermot Dublin 10, Co. Dublin, Ireland","Ballyfermot Dublin 10",Dublin,,IE,"087 271 1215",,establishment,,https://plus.google.com/101089982801965230920/about?hl=en,53.342423,-6.345387,"Google Places",ChIJ_1y9dOYMZ0gRdbC2lBhHkA4,https://plus.google.com/101089982801965230920/about?hl=en
"Holistic Therapies Dublin","15 Wicklow Street, Dublin, Ireland",Dublin,Dublin,,IE,"086 077 3918",,"health, establishment","Monday: 11:00 am – 8:00 pm
Tuesday: 11:00 am – 8:00 pm
Wednesday: 10:00 am – 12:00 pm
Thursday: 6:00 – 9:00 pm
Friday: 11:00 am – 4:00 pm
Saturday: 11:00 am – 5:00 pm
Sunday: Closed",http://holisto.com/,53.343065,-6.261136,"Google Places",ChIJEyNfgZwOZ0gRyyuwdex6xJk,https://plus.google.com/111446747474777650315/about?hl=en
MIGUN-IRELAND,"218 Cherrywood Lawn, Dublin 22, Ireland","Dublin 22",Dublin,,IE,"086 170 6924",,"store, health, establishment",,http://www.migun.ie/catalogue.php?id=1,53.316566,-6.414858,"Google Places",ChIJeYqC629zZ0gRZHt-vq3x_gQ,https://plus.google.com/115700855384791925806/about?hl=en
"Plexus Bio Energy Healing Therapy/Reflexology/Maternity Reflexology","Baldoyle, Dublin 13, Ireland","Dublin 13",Dublin,,IE,"086 311 2194",,establishment,,https://plus.google.com/101574933239800325392/about?hl=en,53.398875,-6.127592,"Google Places",ChIJk2vfyTEFZ0gRld0WwstkK1c,https://plus.google.com/101574933239800325392/about?hl=en
"Ann Hyde Reflexology","Rathdown Square, N Circular Rd, Dublin, Ireland",Dublin,Dublin,,IE,"(01) 868 4695",,establishment,,https://plus.google.com/111163701183954903925/about?hl=en,53.357019,-6.287733,"Google Places",ChIJ88hlBc0NZ0gRvsLwsiqhsjU,https://plus.google.com/111163701183954903925/about?hl=en
"Suaimhneas School of Reflexology","74 The Dunes, Portmarnock, Co. Dublin, Ireland",Portmarnock,Dublin,,IE,"(01) 846 2574",,establishment,,https://plus.google.com/105554590741329446570/about?hl=en,53.422433,-6.131326,"Google Places",ChIJQ10Gq8QaZ0gRsP1k90YG-Po,https://plus.google.com/105554590741329446570/about?hl=en
"The McHugh Clinic","15 Westbury Park, Dublin, Ireland",Dublin,Dublin,,IE,"(01) 624 1035",,establishment,,https://plus.google.com/104210015506133334673/about?hl=en,53.34514,-6.452916,"Google Places",ChIJA8fluLJzZ0gRG-JFfW0jaPM,https://plus.google.com/104210015506133334673/about?hl=en
"Solas School of Complementary Therapies","21 Mount Garrett Walk, Tyrrelstown, Dublin 15, Ireland",,,,IE,"087 269 2749",,establishment,,https://plus.google.com/115073713794085189082/about?hl=en,53.421196,-6.395033,"Google Places",ChIJycYT4coSZ0gRDqdVYMkuN9g,https://plus.google.com/115073713794085189082/about?hl=en
"Melt Natural Healing Centre","2 Temple Lane South, Dublin 2, Ireland","Dublin 2","Co. Dublin",,IE,"(01) 679 8786",,"beauty_salon, health, establishment","Monday: 9:30 am – 9:00 pm
Tuesday: 9:30 am – 9:00 pm
Wednesday: 9:30 am – 9:00 pm
Thursday: 9:30 am – 9:00 pm
Friday: 9:30 am – 9:00 pm
Saturday: 10:00 am – 7:00 pm
Sunday: 10:00 am – 7:00 pm",http://www.meltonline.com/,53.34453,-6.264382,"Google Places",ChIJrS-91JwOZ0gRtm7P7ZgrLCM,https://plus.google.com/110758921450551687758/about?hl=en
"Pure Health","2-3 The Mall, Ongar, Dublin 15, Ireland",,,,IE,"(01) 440 4343",,"health, beauty_salon, establishment","Monday: 10:00 am – 9:00 pm
Tuesday: 10:00 am – 9:00 pm
Wednesday: 10:00 am – 9:00 pm
Thursday: 10:00 am – 9:00 pm
Friday: 10:00 am – 9:00 pm
Saturday: 10:00 am – 6:00 pm
Sunday: 9:30 am – 6:00 pm",http://www.purehealth.ie/,53.394971,-6.439222,"Google Places",ChIJf426jHttZ0gRwwqk2P-nZPs,https://plus.google.com/117662113310029417288/about?hl=en
"Essentials Holistic Centre","New Street Shopping Mall, New St, Malahide, Co. Dublin, Ireland",Malahide,Dublin,,IE,"085 730 6332",,"health, establishment","Monday: 10:00 am – 10:00 pm
Tuesday: 10:00 am – 10:00 pm
Wednesday: 10:00 am – 10:00 pm
Thursday: 10:00 am – 10:00 pm
Friday: 10:00 am – 10:00 pm
Saturday: 10:00 am – 10:00 pm
Sunday: 10:00 am – 10:00 pm",http://www.essentialsholistic.com/,53.451684,-6.154163,"Google Places",ChIJ-w0k8WAaZ0gRI1o1mURB99M,https://plus.google.com/110424830578741333654/about?hl=en
"Willows Clinic","38 Oakwood Ave, Glasnevin, Dublin 11, Ireland","Dublin 11",Dublin,,IE,"(01) 485 1100",5,"beauty_salon, physiotherapist, hair_care, health, establishment","Monday: 9:00 am – 9:00 pm
Tuesday: 9:00 am – 9:00 pm
Wednesday: 9:00 am – 9:00 pm
Thursday: 9:00 am – 9:00 pm
Friday: 9:00 am – 9:00 pm
Saturday: 9:00 am – 6:00 pm
Sunday: Closed",http://www.willowsclinic.com/,53.39456,-6.287535,"Google Places",ChIJIUCIMPkNZ0gRrERBMwgYUVg,https://plus.google.com/111946732411002650213/about?hl=en
"Embody College& Wellness Centre","Chamber Building North Street Swords Co Dublin, Swords, Co. Dublin, Ireland",Swords,Dublin,,IE,"086 806 7701",,establishment,"Monday: 9:00 am – 9:30 pm
Tuesday: 9:00 am – 9:30 pm
Wednesday: 9:00 am – 9:30 pm
Thursday: 9:00 am – 9:30 pm
Friday: 9:00 am – 9:30 pm
Saturday: 9:00 am – 9:30 pm
Sunday: 9:00 am – 9:30 pm",http://www.embody.ie/,53.460619,-6.218626,"Google Places",ChIJIfZyue4QZ0gR6_EELaTQKkA,https://plus.google.com/111734464392805310092/about?hl=en
"Newtownpark Clinic (Ciara Murphy)","7 Rockville Road, Blackrock, Co. Dublin, Ireland",Blackrock,Dublin,,IE,"(01) 210 8489",4.6,"health, establishment","Monday: 9:00 am – 5:00 pm
Tuesday: 9:00 am – 9:00 pm
Wednesday: 9:00 am – 9:00 pm
Thursday: 9:00 am – 6:00 pm
Friday: 9:00 am – 6:00 pm
Saturday: 9:00 am – 5:00 pm
Sunday: Closed",http://www.irishherbalist.ie/,53.290643,-6.171944,"Google Places",ChIJa476VesIZ0gRDjd3Rbizq50,https://plus.google.com/110626303335231895386/about?hl=en
"Essential Health","Westwood Club, Leopardstown Racecourse, Leopardstown, Co. Dublin, Ireland",Leopardstown,Dublin,,IE,"087 959 4286",,"health, establishment","Monday: 9:00 am – 9:00 pm
Tuesday: 9:00 am – 9:00 pm
Wednesday: 9:00 am – 9:00 pm
Thursday: 9:00 am – 9:00 pm
Friday: 9:00 am – 9:00 pm
Saturday: 10:00 am – 3:00 pm
Sunday: 10:00 am – 3:00 pm",http://www.essentialhealth.ie/,53.266495,-6.192684,"Google Places",ChIJpRqHQFMIZ0gR9LvFtLfniKI,https://plus.google.com/109250594932401859829/about?hl=en
"Acu Health Care","The Forum, Glasthule Rd, Glenageary, Sandycove, Co. Dublin, Ireland",Sandycove,Dublin,,IE,"(01) 214 0575",,"health, establishment","Monday: 9:00 am – 7:00 pm
Tuesday: 9:00 am – 5:00 pm
Wednesday: 9:00 am – 7:00 pm
Thursday: 9:00 am – 7:00 pm
Friday: 9:00 am – 7:00 pm
Saturday: 10:00 am – 4:00 pm
Sunday: Closed",http://www.acuhealthcare.ie/,53.287031,-6.122549,"Google Places",ChIJy6_brzAGZ0gRydlCYmowq74,https://plus.google.com/103945542136928468818/about?hl=en
"Zest Therapies","16 Wicklow St, Dublin 2, Ireland","Dublin 2",Dublin,,IE,"086 843 1284",,"health, establishment",,http://www.zesttherapies.com/,53.343032,-6.261187,"Google Places",ChIJ_06thpwOZ0gRnMTQV_evqE8,https://plus.google.com/101029533365580088740/about?hl=en
"Fitzpatrick Castle Hotel","Killiney Hill Road, Killiney, Co. Dublin, Ireland",Killiney,Dublin,,IE,"(01) 230 5400",4.2,"bar, restaurant, lodging, food, establishment",,http://www.fitzpatrickcastle.com/,53.269459,-6.113352,"Google Places",ChIJtZT6S-oHZ0gRVdkGwJwuYCE,https://plus.google.com/107858213522278288399/about?hl=en
"Aspire Health Acupuncture & Massage","106 Roselawn Road, Dublin, Ireland",Dublin,Dublin,,IE,"(01) 823 5660",,"spa, health, establishment","Monday: 9:00 am – 6:00 pm
Tuesday: 9:00 am – 9:00 pm
Wednesday: 9:00 am – 6:00 pm
Thursday: 9:00 am – 9:00 pm
Friday: 9:00 am – 6:00 pm
Saturday: 11:00 am – 4:00 pm
Sunday: Closed",http://www.aspirehealth.ie/,53.383853,-6.381297,"Google Places",ChIJ6QgglVENZ0gRIO66v2AtoJc,https://plus.google.com/116251909709212212621/about?hl=en
"Holistic Dublin","99 Rockford Manor, Stradbrook Road, Blackrock, Co. Dublin, Ireland",Blackrock,Dublin,,IE,"083 438 9840",,"health, establishment",,http://www.holisticdublin.ie/,53.287059,-6.163007,"Google Places",ChIJDaJljZEIZ0gRf54IYg1CujI,https://plus.google.com/104418579296142932687/about?hl=en
"Healing Strands","Ashbrook House, 10 Main Street, Raheny, Co. Dublin, Ireland",Raheny,Dublin,,IE,"086 210 2791",,"health, establishment","Monday: Closed
Tuesday: Closed
Wednesday: 9:30 am – 2:00 pm
Thursday: Closed
Friday: Closed
Saturday: Closed
Sunday: Closed",http://www.healingstrands.com/,53.379554,-6.175379,"Google Places",ChIJd2EPMzAFZ0gRUojLVKFF4Sg,https://plus.google.com/101823203212949341079/about?hl=en
Anahata,"11 St. Stephen's green, Dublin 2, Ireland","Dublin 2",Dublin,,IE,"(01) 611 1108",,"spa, health, establishment","Monday: 11:00 am – 8:00 pm
Tuesday: 11:00 am – 8:00 pm
Wednesday: 11:00 am – 8:00 pm
Thursday: 11:00 am – 8:00 pm
Friday: 11:00 am – 8:00 pm
Saturday: 11:00 am – 6:00 pm
Sunday: Closed",http://www.anahata.ie/,53.342121,-6.257656,"Google Places",ChIJQWFlsJsOZ0gRrurKDSExRQE,https://plus.google.com/116323127017353996786/about?hl=en
"Tree of Life, Malahide Holistic Centre","Kilronan House, Church Road, Malahide, Co. Dublin, Ireland",,Dublin,,IE,"(01) 828 3992",,"physiotherapist, health, establishment","Monday: 1:00 – 9:00 pm
Tuesday: 10:00 am – 9:00 pm
Wednesday: 10:00 am – 9:00 pm
Thursday: 10:00 am – 9:00 pm
Friday: 10:00 am – 7:00 pm
Saturday: 10:00 am – 6:00 pm
Sunday: Closed",http://www.treeoflife.ie/,53.450391,-6.153481,"Google Places",ChIJ_6g_PGAaZ0gR86th0Ci-XPQ,https://plus.google.com/112073704594335420055/about?hl=en
"Dr Acupuncture","41 Henry Street, Dublin 1, Ireland","Dublin 1",Dublin,,IE,"(01) 804 4544",,"health, establishment","Monday: 10:00 am – 7:30 pm
Tuesday: 10:00 am – 7:30 pm
Wednesday: 10:00 am – 7:30 pm
Thursday: 10:00 am – 7:30 pm
Friday: 10:00 am – 7:30 pm
Saturday: 10:00 am – 7:30 pm
Sunday: 11:00 am – 6:00 pm",http://dracupuncture.ie/,53.349625,-6.261756,"Google Places",ChIJzSGKDIQOZ0gRYwNcCzrDt2U,https://plus.google.com/104845170324393510113/about?hl=en
"Stressless Massage","Dartmouth Place, Ranelagh, Dublin, Ireland",Dublin,Dublin,,IE,"086 848 8442",,establishment,,http://www.stressless.ie/,53.330621,-6.258839,"Google Places",ChIJYZJhWqEOZ0gRCm50wNBAfqE,https://plus.google.com/114833830243633017873/about?hl=en
"Body Elements - Physiofit Clinic","Suite 2, Cubes 3, Beacon South Quarter, Sandyford, Co. Dublin, Ireland",Sandyford,Dublin,,IE,"(01) 293 2969",,"health, establishment","Monday: Closed
Tuesday: 10:00 am – 8:00 pm
Wednesday: 12:00 – 8:00 pm
Thursday: 12:00 – 8:00 pm
Friday: 12:00 – 5:00 pm
Saturday: 10:00 am – 4:00 pm
Sunday: Closed",http://www.bodyelements.ie/,53.276582,-6.217446,"Google Places",ChIJdRFtWAkJZ0gRO6U0nKuQg8s,https://plus.google.com/102696813421580338572/about?hl=en
"AVALON Complementary Therapy Centre","9 Dargle View, Dublin 16, Ireland","Dublin 16",Dublin,,IE,"087 227 1298",,"health, establishment","Monday: 2:30 – 8:30 pm
Tuesday: 2:30 – 8:30 pm
Wednesday: 2:30 – 8:30 pm
Thursday: 2:30 – 8:30 pm
Friday: 2:30 – 8:30 pm
Saturday: 10:30 am – 2:00 pm
Sunday: Closed",http://www.theavaloncentre.com/,53.310636,-6.283038,"Google Places",ChIJOyUr6_ULZ0gR6waAZmfuc7Y,https://plus.google.com/118403425873278701974/about?hl=en
"Dr Acupuncture","Unit10A, Nutgrove SC, Rathfarnham, Dublin 14, Dublin, Ireland",Dublin,Dublin,,IE,"(01) 901 0688",,"health, establishment","Monday: 10:00 am – 6:30 pm
Tuesday: 10:00 am – 6:30 pm
Wednesday: 10:00 am – 6:30 pm
Thursday: 10:00 am – 6:30 pm
Friday: 10:00 am – 6:30 pm
Saturday: 10:00 am – 6:30 pm
Sunday: 12:00 – 6:00 pm",http://dracupuncture.ie/,53.289962,-6.267548,"Google Places",ChIJE9iYad0LZ0gRyzDBb4b9mZM,https://plus.google.com/110097071694667427326/about?hl=en
"Keep It Local Shankill","Eaton Wood Avenue, Shankill, Shankill, Co. Dublin, Ireland",Shankill,Dublin,,IE,"083 386 1535",,establishment,,http://www.keepitlocalshankill.com/,53.233784,-6.119054,"Google Places",ChIJUwODgwGoZ0gRtSsW1hVq3eg,https://plus.google.com/109244618247936969601/about?hl=en
"Lara O'Connell Photography","Summerfield Close, Dublin, Ireland",Dublin,Dublin,,IE,"086 277 5212",,establishment,"Monday: 9:00 am – 9:00 pm
Tuesday: 9:00 am – 9:00 pm
Wednesday: 9:00 am – 9:00 pm
Thursday: 9:00 am – 9:00 pm
Friday: 9:00 am – 9:00 pm
Saturday: 9:00 am – 9:00 pm
Sunday: 9:00 am – 9:00 pm",http://laraoconnell.com/,53.276741,-6.108738,"Google Places",ChIJe4bc2LQHZ0gR8ufvQGg6zvU,https://plus.google.com/107531371484486776955/about?hl=en
"Lady Greystones Beauty Skincare Massage Mannicure Eyelash extensions & waxing","Church Road, Greystones, Co. Wicklow, Ireland",Greystones,Wicklow,,IE,"(01) 287 2311",,"beauty_salon, health, establishment",,http://www.ladyg.ie/,53.145032,-6.063551,"Google Places",ChIJxeYPHCyvZ0gRFfk6eCvMCmA,https://plus.google.com/101578549802154909236/about?hl=en
"Rathdown Physiotherapy Ltd","26 Templeogue Road, Dublin, Ireland","Dublin City",Dublin,,IE,"(01) 492 4426",,"physiotherapist, health, establishment",,http://www.whatclinic.com/physiotherapy/ireland/county-dublin/dublin/terenure,53.308659,-6.286075,"Google Places",ChIJ9aH2KyM1RUgR8_wEz2YhF48,https://plus.google.com/115796901683106629585/about?hl=en
"The Schoolhouse Hotel","2-8 Northumberland Road, Ballsbridge, Dublin 4, Ireland","Dublin 4","Co. Dublin",,IE,"(01) 667 5014",3.9,"lodging, establishment",,http://www.schoolhousehotel.com/,53.337415,-6.239491,"Google Places",ChIJh2PvPZUOZ0gRDvuWhYXEceU,https://plus.google.com/111343858057500792947/about?hl=en
"Llorrac Marketing & Design Ltd","27 Forest Park Kingswood Dublin 24, Ireland",,,,IE,"(01) 403 1928",,establishment,,http://www.irishweddingsonline.com/,53.307209,-6.363022,"Google Places",ChIJr-GwIVYLZ0gRzlErotfpShQ,https://plus.google.com/100860280228815056681/about?hl=en
"Dundrum Acupuncture","7 Westbrook Road, Dundrum, Dublin 14, Ireland","Dublin 14",Dublin,,IE,"087 750 7197",,"health, establishment","Monday: 9:00 am – 9:00 pm
Tuesday: 9:00 am – 9:00 pm
Wednesday: 9:00 am – 9:00 pm
Thursday: 9:00 am – 9:00 pm
Friday: 9:00 am – 9:00 pm
Saturday: 9:00 am – 6:00 pm
Sunday: Closed",http://www.dundrumacupuncture.ie/,53.300362,-6.248839,"Google Places",ChIJMdVegmcJZ0gRcu1S5secUR4,https://plus.google.com/105971591460008009221/about?hl=en
"Purely Yoga","Idrone Terrace, Blackrock, Co. Dublin, Ireland",Blackrock,Dublin,,IE,"086 821 5775",,establishment,,http://www.purely-yoga.com/,53.301504,-6.1753,"Google Places",ChIJKbAuSccIZ0gRgsOAHvzbwTY,https://plus.google.com/105751632458085880030/about?hl=en
"Care Cure Acupuncture & Chinese Medicine","1 Rockfort House, St. Augustine Street, Galway, Ireland",Galway,"Co. Galway",,IE,"(091) 539 996",,"health, establishment","Monday: 10:00 am – 6:30 pm
Tuesday: 10:00 am – 6:30 pm
Wednesday: 10:00 am – 6:30 pm
Thursday: 10:00 am – 6:30 pm
Friday: 10:00 am – 6:30 pm
Saturday: 10:00 am – 6:30 pm
Sunday: Closed",http://www.care-cure.ie/,53.288299,-6.167773,"Google Places",ChIJhz_oAJMIZ0gRFnZZM92Dpwc,https://plus.google.com/108046238761759256250/about?hl=en
"Care Cure Acupuncture & Chinese Medicine","County Dublin, Ireland, 53 George's Street Lower, Dun Laoghaire, Co. Dublin, Ireland","Dun Laoghaire",Dublin,,IE,"(01) 284 5555",,"health, establishment","Monday: 10:00 am – 6:30 pm
Tuesday: 10:00 am – 6:30 pm
Wednesday: 10:00 am – 6:30 pm
Thursday: 10:00 am – 6:30 pm
Friday: 10:00 am – 6:30 pm
Saturday: 10:00 am – 6:30 pm
Sunday: Closed",http://www.care-cure.ie/,53.292969,-6.137966,"Google Places",ChIJg3OyFiEGZ0gRKfZ2nKOPUpw,https://plus.google.com/113992898662629071480/about?hl=en
"The Novara Centre","11 Fitzwilliam Terrace, Strand Road, Bray, Co. Wicklow, Ireland",Bray,Wicklow,,IE,"(01) 276 1745",,"health, establishment","Monday: 9:00 am – 9:30 pm
Tuesday: 9:00 am – 9:30 pm
Wednesday: 9:00 am – 9:30 pm
Thursday: 9:00 am – 9:30 pm
Friday: 9:00 am – 9:30 pm
Saturday: 9:00 am – 9:30 pm
Sunday: 9:00 am – 9:30 pm",http://www.thenovaracentre.ie/,53.203609,-6.098999,"Google Places",ChIJ_5ogdmioZ0gRuqwGkAVtEuE,https://plus.google.com/114491955162682409783/about?hl=en
"Care Cure Acupuncture & Chinese Medicine","53 George's Street Lower, Dun Laoghaire, Dublin, Ireland",Dublin,Dublin,,IE,"(01) 284 5555",,"health, establishment","Monday: 10:00 am – 6:30 pm
Tuesday: 10:00 am – 6:30 pm
Wednesday: 10:00 am – 6:30 pm
Thursday: 10:00 am – 6:30 pm
Friday: 10:00 am – 6:30 pm
Saturday: 10:00 am – 6:30 pm
Sunday: Closed",http://www.care-cure.ie/,53.292981,-6.137983,"Google Places",ChIJhXOyFiEGZ0gRcBcTury0QCE,https://plus.google.com/106847439573148444568/about?hl=en
"River Holistic Centre","Ashbrook House,10 Main Street, Raheny, Dublin 5, Ireland","Dublin 5",,,IE,"(01) 831 0888",,"health, establishment","Monday: 9:30 am – 10:00 pm
Tuesday: 9:30 am – 10:00 pm
Wednesday: 9:30 am – 10:00 pm
Thursday: 9:30 am – 10:00 pm
Friday: 9:30 am – 10:00 pm
Saturday: 10:00 am – 6:00 pm
Sunday: 12:00 – 4:00 pm",http://www.riverholistic.ie/,53.379484,-6.175293,"Google Places",ChIJAxDcpo0PZ0gRY9gp5KrK_bk,https://plus.google.com/105935125679827517444/about?hl=en
"Care Cure Acupuncture & Chinese Medicine","53 George's Street Lower, Dun Laoghaire, Dublin, Ireland",Dublin,Dublin,,IE,"(01) 284 5555",,"hospital, health, establishment","Monday: 10:00 am – 6:30 pm
Tuesday: 10:00 am – 6:30 pm
Wednesday: 10:00 am – 6:30 pm
Thursday: 10:00 am – 6:30 pm
Friday: 10:00 am – 6:30 pm
Saturday: 10:00 am – 6:30 pm
Sunday: Closed",http://www.carecure.ie,53.289889,-6.130831,"Google Places",ChIJAd25ICUGZ0gRk9vHJDJKyso,https://plus.google.com/115680807134977763609/about?hl=en
"Purely Yoga","Church of Parish Hall, Enniskerry Road, Stepaside, Co. Dublin, Ireland","Dun Laoghaire-Rathdown",Dublin,,IE,"086 821 5775",,establishment,"Monday: 12:00 – 9:00 pm
Tuesday: 12:00 – 7:00 pm
Wednesday: 12:00 – 7:00 pm
Thursday: 12:00 – 7:00 pm
Friday: Closed
Saturday: 10:30 am – 12:30 pm
Sunday: Closed",http://www.purely-yoga.com/,53.243658,-6.200462,"Google Places",ChIJF1yTYsAJZ0gRxKJqbG8hWTw,https://plus.google.com/104807791947211562077/about?hl=en
"The Buff Day Spa","52 King Street South, Dublin 2, Ireland",,,,IE,"(01) 677 4624",,"spa, beauty_salon, health, establishment","Monday: 10:00 am – 8:00 pm
Tuesday: 10:00 am – 8:00 pm
Wednesday: 10:00 am – 8:00 pm
Thursday: 10:00 am – 9:00 pm
Friday: 10:00 am – 8:00 pm
Saturday: 10:00 am – 6:00 pm
Sunday: 12:00 – 6:00 pm",http://www.thebuffdayspa.com/,53.340242,-6.261286,"Google Places",ChIJzc9-HpwOZ0gRXLbOuaeiYC4,https://plus.google.com/110944887666041008265/about?hl=en
"Dublin Holistic Centre","28 South William St, Dublin 2, Ireland",,Dublin,,IE,"(01) 633 0063",,"health, establishment","Monday: 8:00 am – 10:00 pm
Tuesday: 8:00 am – 10:00 pm
Wednesday: 8:00 am – 10:00 pm
Thursday: 8:00 am – 10:00 pm
Friday: 8:00 am – 10:00 pm
Saturday: 8:00 am – 10:00 pm
Sunday: Closed",http://www.dublinholisticcentre.com/,53.341541,-6.263094,"Google Places",ChIJq5jig5wOZ0gRorA7PqnmV9c,https://plus.google.com/101394568762108166336/about?hl=en
"BaanPai Thai Massage","12 Anglesea St, Temple Bar, Dublin 2, Ireland",,,,IE,"(01) 679 9290",,"health, establishment","Monday: 10:00 am – 8:00 pm
Tuesday: 10:00 am – 8:00 pm
Wednesday: 10:00 am – 8:00 pm
Thursday: 10:00 am – 8:00 pm
Friday: 10:00 am – 8:00 pm
Saturday: 10:00 am – 8:00 pm
Sunday: 12:00 – 7:00 pm",http://www.baanpaithaimassage.ie/,53.345363,-6.261928,"Google Places",ChIJbyTyrJwOZ0gR4o149DwpgYg,https://plus.google.com/103361214626079651843/about?hl=en
"Castleknock Hotel & Country Club","Porterstown Rd, Castleknock, Dublin 15, Ireland","Dublin 15",Dublin,,IE,"(01) 640 6300",4.3,"bar, gym, restaurant, lodging, food, health, establishment","Monday: Open 24 hours
Tuesday: Open 24 hours
Wednesday: Open 24 hours
Thursday: Open 24 hours
Friday: Open 24 hours
Saturday: Open 24 hours
Sunday: Open 24 hours",http://www.castleknockhotel.com/,53.365968,-6.389344,"Google Places",ChIJ8cOAmwE_Z0gRK0M8bpYMzX8,https://plus.google.com/107812299576522639905/about?hl=en
"Vedas Beauty","19 George's Street Lower, Dublin, Ireland",Dublin,Dublin,,IE,"(01) 214 0222",,"beauty_salon, establishment","Monday: 10:00 am – 9:00 pm
Tuesday: 10:00 am – 9:00 pm
Wednesday: 10:00 am – 9:00 pm
Thursday: 10:00 am – 9:00 pm
Friday: 10:00 am – 9:00 pm
Saturday: 10:00 am – 6:00 pm
Sunday: 10:00 am – 6:00 pm",http://www.vedasbeauty.ie/,53.294272,-6.140991,"Google Places",ChIJJ6c4_SAGZ0gROiEsJotDvTY,https://plus.google.com/116017138757887532833/about?hl=en
"Appletree Health and Wellness","126 Ranelagh, Ranelagh, Co. Dublin, Ireland",Ranelagh,Dublin,,IE,"087 287 7837",,"health, establishment",,http://www.appletreehealthandwellness.com/,53.323974,-6.250612,"Google Places",ChIJU6Qqja8OZ0gRS64wjde1tUk,https://plus.google.com/109612149810174601008/about?hl=en
"Wellbeing Ireland","First Floor,, 2C Main Street,, Blackrock, Dublin,, Co. Dublin, Ireland","Blackrock, Dublin,",Dublin,,IE,"(01) 288 5118",,"health, establishment","Monday: 9:00 am – 5:30 pm
Tuesday: 9:00 am – 5:30 pm
Wednesday: 9:00 am – 5:30 pm
Thursday: 9:00 am – 5:30 pm
Friday: 9:00 am – 5:30 pm
Saturday: Closed
Sunday: Closed",http://www.wellbeing.ie/,53.302434,-6.178017,"Google Places",ChIJAVR84MYIZ0gR-1NrtWgefmE,https://plus.google.com/115495403478559735711/about?hl=en
"Dublin Naturopathy Clinic","2 William Street South, Dublin 2, Ireland","Dublin 2",Dublin,,IE,"087 907 7157",,"health, establishment","Monday: 7:00 am – 10:00 pm
Tuesday: 7:00 am – 10:00 pm
Wednesday: 7:00 am – 10:00 pm
Thursday: 7:00 am – 10:00 pm
Friday: 7:00 am – 10:00 pm
Saturday: 7:00 am – 10:00 pm
Sunday: 7:00 am – 10:00 pm",http://www.dublinnaturopathyclinic.com/,53.34109,-6.263535,"Google Places",ChIJ6-lXNJwOZ0gRZ_JIhNaUlrY,https://plus.google.com/100242468062039842520/about?hl=en
"Primacare / Applewood Medical & Dental Centre","Applewood, Swords, Co. Dublin, Ireland",Swords,Dublin,,IE,"(01) 813 9624",,"hospital, doctor, dentist, health, establishment",,http://www.primacare.ie/,53.47124,-6.23311,"Google Places",ChIJ5TspBNwQZ0gRXjHoZWIrnmA,https://plus.google.com/117896783253921329895/about?hl=en
"www.massage.ie, Camden Court Hotel Leisure Centre","Upper Camden Street, Dublin, Ireland",Dublin,Dublin,,IE,"087 238 0321",,"health, establishment",,http://www.massage.ie/,53.333502,-6.264958,"Google Places",ChIJb4fsDqAOZ0gRXUYp7uGQ9fI,https://plus.google.com/105217435863824645999/about?hl=en
"ruoy thai massage","203 Rathmines Road Lower, Dublin 6, Ireland","Dublin 6",Dublin,,IE,"(01) 535 0504",,"health, establishment","Monday: 11:00 am – 8:00 pm
Tuesday: 11:00 am – 8:00 pm
Wednesday: 11:00 am – 8:00 pm
Thursday: 11:00 am – 8:00 pm
Friday: 11:00 am – 8:00 pm
Saturday: 11:00 am – 8:00 pm
Sunday: 11:00 am – 8:00 pm",http://www.ruoythaimassage.ie/,53.322511,-6.26578,"Google Places",ChIJFR-n3AIMZ0gRyYPbRPUC3pk,https://plus.google.com/103496692618359706098/about?hl=en
"The Bali Touch Massage & Therapy at Dublin Holistic Center","28 William Street South, Dublin 2, Ireland","Dublin 2",Dublin,,IE,"087 296 2101",,"health, establishment","Monday: 9:00 am – 3:00 pm
Tuesday: 9:00 am – 3:00 pm
Wednesday: 9:00 am – 10:00 pm
Thursday: 9:00 am – 10:00 pm
Friday: 9:00 am – 3:00 pm
Saturday: 9:00 am – 10:00 pm
Sunday: 11:00 am – 5:00 pm",http://thebalitouch.com/,53.341553,-6.263128,"Google Places",ChIJy0-5SJwOZ0gR3KwUTa3MEpg,https://plus.google.com/116119692830493491456/about?hl=en
"Holistic Cocoon","21 Wicklow St, Dublin, Ireland",Dublin,Dublin,,IE,"085 747 1508",,"health, establishment","Monday: 10:00 am – 8:30 pm
Tuesday: 10:00 am – 8:30 pm
Wednesday: 10:00 am – 8:30 pm
Thursday: 10:00 am – 8:30 pm
Friday: 10:00 am – 8:30 pm
Saturday: 10:00 am – 4:00 pm
Sunday: Closed",http://www.holisticcocoon.com/,53.343064,-6.261413,"Google Places",ChIJI0rVhZwOZ0gRogGKk3kfvro,https://plus.google.com/116726622308691324504/about?hl=en
re:fresh,"West Wood Club, Leopardstown Race Course, Foxrock, Dublin 18, Ireland","Dublin 18",Dublin,,IE,"(01) 289 3208",,"spa, beauty_salon, establishment",,http://www.westwood.ie/refresh/refresh.php,53.266821,-6.194723,"Google Places",ChIJ-8MWn_8IZ0gRbrcij3Xkijg,https://plus.google.com/101069941972096155763/about?hl=en
"Primacare / Oldcourt Medical and Dental Centre","9, Woodstown Village Shopping Centre, Knocklyon, Dublin 16, Ireland","Dublin 16","Co. Dublin",,IE,"(01) 463 0962",,"doctor, dentist, health, establishment",,http://www.primacare.ie/,53.283,-6.317812,"Google Places",ChIJZ9ODwCQLZ0gRyIGxXiGwhqA,https://plus.google.com/109137054866772219950/about?hl=en
"Primacare / Ballyowen Lane Medical Centre","Ballyowen Road, Lucan, Co. Dublin, Ireland",Lucan,Dublin,,IE,"(01) 621 4224",,"health, doctor, establishment",,http://www.primacare.ie/,53.349104,-6.422975,"Google Places",ChIJ-wEiseJyZ0gRyRTFwuZBU1M,https://plus.google.com/106642862533713289196/about?hl=en
"Primacare / Griffeen Medical Centre","Griffeen Ave, Griffeen Neigbourhood Centre, Lucan, Co. Dublin, Ireland",Lucan,Dublin,,IE,"(01) 610 5022",,"doctor, health, establishment","Monday: 9:00 am – 5:00 pm
Tuesday: 9:00 am – 5:00 pm
Wednesday: 9:00 am – 5:00 pm
Thursday: 9:00 am – 5:00 pm
Friday: 9:00 am – 5:00 pm
Saturday: Closed
Sunday: Closed",http://www.primacare.ie/,53.340886,-6.432355,"Google Places",ChIJawl12QZzZ0gRF0EA1Vw1DoY,https://plus.google.com/118181407152657466870/about?hl=en
"Primacare / Citywest Medical and Dental Centre","Unit 5, Citywest Shopping Centre, Citywest Dr, Citywest, Co. Dublin, Ireland",Citywest,Dublin,,IE,"(01) 469 3630",,"dentist, physiotherapist, doctor, health, establishment","Monday: 9:00 am – 7:30 pm
Tuesday: 9:00 am – 7:30 pm
Wednesday: 9:00 am – 7:30 pm
Thursday: 9:00 am – 7:30 pm
Friday: 9:00 am – 7:30 pm
Saturday: 10:00 am – 12:00 pm
Sunday: Closed",http://www.primacare.ie/,53.28301,-6.422688,"Google Places",ChIJ4bL2AWB0Z0gRSPJcwGZXbGY,https://plus.google.com/117904718894021037607/about?hl=en
TheBeautyLounge.ie,"3016 Lake Dr, Dublin 24, Ireland","Dublin 24",Dublin,,IE,"(01) 243 1000",,"beauty_salon, spa, establishment",,http://www.thebeautylounge.ie/,53.292521,-6.424838,"Google Places",ChIJa5WHHYh0Z0gRUricO1CbWmI,https://plus.google.com/114461305035379872055/about?hl=en
"Primacare / Tyrellstown Medical Centre,","Tyrellstown Medical Centre, Tyrellstown Town Centre, Tyrellstown, Dublin 15, Ireland","Tyrellstown, Dublin 15",,,IE,"(01) 885 6380",,"doctor, dentist, health, establishment",,http://www.primacare.ie/,53.41966,-6.384258,"Google Places",ChIJDfI3qMgSZ0gR_jgdsZzZJOs,https://plus.google.com/106626653241416419129/about?hl=en
"Art of Therapeutic & Physical Thai Massage Bray","Unit 1 ,Station House, Station Road, Bray, Co. Wicklow, Ireland",Bray,"Co. Wicklow",,IE,"(01) 430 3082",,"health, establishment","Monday: 10:00 am – 8:00 pm
Tuesday: 10:00 am – 8:00 pm
Wednesday: 10:00 am – 8:00 pm
Thursday: 10:00 am – 8:00 pm
Friday: 10:00 am – 8:00 pm
Saturday: 10:00 am – 8:00 pm
Sunday: 11:00 am – 6:00 pm",http://www.artoftherapeutic.ie/,53.204836,-6.101593,"Google Places",ChIJcTjdZ2ioZ0gRfgmb1qfTyh0,https://plus.google.com/111971199073162806136/about?hl=en
"The Beauty House","Celbridge Shopping Centre, Maynooth Road, Celbridge, Co. Kildare, Ireland",,Kildare,,IE,"(01) 627 5470",,"beauty_salon, establishment","Monday: 9:00 am – 5:00 pm
Tuesday: 9:00 am – 5:00 pm
Wednesday: 9:00 am – 5:00 pm
Thursday: 9:00 am – 8:00 pm
Friday: 9:00 am – 5:00 pm
Saturday: 9:00 am – 5:00 pm
Sunday: Closed",http://www.thebeautyhouse.ie/,53.343771,-6.545088,"Google Places",ChIJe8w5s6txZ0gRNU18IZ-6vuI,https://plus.google.com/105196614264249990775/about?hl=en
"Merrion Hall Hotel Ballsbridge","54-56 Merrion Road, Ballsbridge, Dublin 4, Ireland","Ballsbridge, Dublin 4",,,IE,"(01) 668 1426",,"lodging, establishment",,http://www.aberdeen-lodge.com/merrion-main.html,53.327706,-6.22562,"Google Places",ChIJ9debhW7oWkgRXitREOhQCOg,https://plus.google.com/104402999611036276569/about?hl=en
"Primacare / Littlepace Dental Centre","Littlepace Shopping Centre, Clonee, Dublin 15, Ireland",,,,IE,"(01) 822 2577",,"dentist, health, establishment",,http://www.primacare.ie/,53.405413,-6.428246,"Google Places",ChIJdXtMFGltZ0gRxR8IY--Z7x8,https://plus.google.com/107239213622259376642/about?hl=en
