Name,"Full Address",City,County/State,Postcode,Country,"Telephone Number",Rating,Keywords,"Opening hours",URL,Latitude,Longitude,"Data Source","Data Source Identifer"
"Temple Bar Physiotherapy - The Physio Company","Meeting House Square, Temple Bar, Dublin 2, Ireland",,,,IE,"(01) 679 9685",4.7,"physiotherapist, doctor, health, establishment","Monday: 7:30 am – 8:00 pm
Tuesday: 7:30 am – 8:00 pm
Wednesday: 7:30 am – 8:00 pm
Thursday: 7:30 am – 8:00 pm
Friday: 7:30 am – 8:00 pm
Saturday: 10:00 am – 5:00 pm
Sunday: 10:00 am – 4:00 pm",http://www.thephysiocompany.com/clinic/temple-bar/,53.344849,-6.265562,"Google Places",ChIJC939MZ0OZ0gRFqeYpCtJo10,https://plus.google.com/113225033975573891978/about?hl=en
"Ranelagh Physiotherapy - The Physio Company","22 Sandford Road, Ranelagh, Co. Dublin, Ireland",Ranelagh,Dublin,,IE,"(01) 679 9685",,"physiotherapist, health, establishment","Monday: 8:00 am – 8:00 pm
Tuesday: 8:00 am – 8:00 pm
Wednesday: 8:00 am – 8:00 pm
Thursday: 8:00 am – 8:00 pm
Friday: 8:00 am – 8:00 pm
Saturday: Closed
Sunday: Closed",http://www.thephysiocompany.com/clinic/ranelagh/,53.322986,-6.248681,"Google Places",ChIJk2oXILAOZ0gR8xsXms0XSCo,https://plus.google.com/106933166404633834270/about?hl=en
"Trinity Chiropractic & Natural Health Centre","4th floor, 12-14 College Green, Dublin 2, Ireland","Dublin 2",Dublin,,IE,"(01) 672 9399",,"health, physiotherapist, establishment","Monday: 8:00 am – 7:00 pm
Tuesday: 8:00 am – 7:00 pm
Wednesday: 8:00 am – 7:00 pm
Thursday: 8:00 am – 7:00 pm
Friday: 8:00 am – 7:00 pm
Saturday: 10:00 am – 2:30 pm
Sunday: Closed",http://www.natbalchiro.com/,53.344159,-6.262175,"Google Places",ChIJpzSkvZwOZ0gR6-6FCbLNf0A,https://plus.google.com/104687319188230314628/about?hl=en
"The Balance Centre","73 Lower Leeson St, Dublin, Co. Dublin City, Ireland","Dublin City","Dublin City",,IE,"(01) 662 5977",,"physiotherapist, health, establishment",,http://balancecentre.goldenpages.ie/,53.334135,-6.254723,"Google Places",ChIJV0X68aIOZ0gRLtUlNe66J8s,https://plus.google.com/102372154392122976138/about?hl=en
"Active Physiotherapy and Acupuncture Clinic","112c Lower Baggot Street, Dublin 2, Dublin, Ireland",Dublin,,,IE,"(01) 678 7965",,"physiotherapist, health, establishment","Monday: 8:30 am – 6:00 pm
Tuesday: 8:30 am – 7:00 pm
Wednesday: 8:30 am – 6:00 pm
Thursday: 8:30 am – 7:30 pm
Friday: 8:30 am – 6:00 pm
Saturday: Closed
Sunday: Closed",http://www.dublinphysio.com/,53.336471,-6.248588,"Google Places",ChIJ0WaUypcOZ0gRmDRSDLXg3ek,https://plus.google.com/113851677652604523116/about?hl=en
"PhysioCare Butterfield","1A Butterfield Ave, Dublin 14, Ireland","Dublin 14",Dublin,,IE,"(01) 531 0004",,"physiotherapist, health, establishment","Monday: 8:00 am – 8:00 pm
Tuesday: 8:00 am – 8:00 pm
Wednesday: 8:00 am – 8:00 pm
Thursday: 8:00 am – 8:00 pm
Friday: 8:00 am – 8:00 pm
Saturday: Closed
Sunday: Closed",http://www.physio.ie/,53.293977,-6.308512,"Google Places",ChIJ3dcLg54LZ0gR0dH3hpw1M0I,https://plus.google.com/112812689155893276030/about?hl=en
"Mount Merrion Physiotherapy","105 Trees Road Upper, Mount Merrion, Co. Dublin, Ireland","Mount Merrion",Dublin,,IE,"(01) 283 4303",,"health, establishment","Monday: 8:00 am – 8:00 pm
Tuesday: 8:00 am – 8:00 pm
Wednesday: 8:00 am – 8:00 pm
Thursday: 8:00 am – 8:00 pm
Friday: 8:00 am – 6:00 pm
Saturday: Closed
Sunday: Closed",http://www.mmphysiotherapy.com,53.291932,-6.215539,"Google Places",ChIJX6ulvBcJZ0gR2Pun1k1CTRE,https://plus.google.com/106926105363133159217/about?hl=en
"Navan Road Physiotherapy - The Physio Company","Primary Care Centre The Deaf Village, Navan Road, Navan Road, Dublin 7, Ireland","Dublin 7",Dublin,,IE,"(01) 679 9685",,"physiotherapist, health, establishment","Monday: 7:30 am – 8:00 pm
Tuesday: 7:30 am – 8:00 pm
Wednesday: 7:30 am – 8:00 pm
Thursday: 7:30 am – 8:00 pm
Friday: 7:30 am – 8:00 pm
Saturday: Closed
Sunday: Closed",http://www.thephysiocompany.com/clinic/dublin-navan-road/,53.363236,-6.302343,"Google Places",ChIJ-c5e6qQNZ0gRHj7fYQzoraw,https://plus.google.com/117897812180941974241/about?hl=en
"back2balance - physiotherapy, acupuncture and massage clinc","La Fitness, 31 Palmerston Gardens, Dartry, Dublin 6, Co. Dublin, Ireland","Dartry, Dublin 6",Dublin,,IE,"086 242 5567",,"physiotherapist, health, establishment","Monday: 8:00 am – 8:00 pm
Tuesday: 8:00 am – 8:00 pm
Wednesday: 8:00 am – 8:00 pm
Thursday: 8:00 am – 8:00 pm
Friday: 8:00 am – 8:00 pm
Saturday: Closed
Sunday: Closed",http://www.back2balance.ie/,53.31364,-6.261154,"Google Places",ChIJZ5c1HQAMZ0gR37vzQG85NNs,https://plus.google.com/102906948866192115181/about?hl=en
"Dublin Physiotherapy Clinic","11 The Business Centre, Stadium Business Park,, Ballycoolin Road, Dublin 11, Ireland","Dublin 11",Dublin,,IE,"(01) 882 9174",,"physiotherapist, health, establishment","Monday: 9:00 am – 6:00 pm
Tuesday: 9:00 am – 6:00 pm
Wednesday: 9:00 am – 6:00 pm
Thursday: 9:00 am – 6:00 pm
Friday: 9:00 am – 6:00 pm
Saturday: 9:00 am – 6:00 pm
Sunday: Closed",http://www.dublinphysio.ie/,53.400581,-6.340863,"Google Places",ChIJZ4CLVYcSZ0gRrWwK8ddqFcU,https://plus.google.com/107093005344676653420/about?hl=en
"Sutton Cross Physiotherapy","1 Sutton Cross, Dublin 13, Ireland","Dublin 13",Dublin,,IE,"(01) 806 3030",,"physiotherapist, health, establishment","Monday: 9:00 am – 9:00 pm
Tuesday: 9:00 am – 9:00 pm
Wednesday: 9:00 am – 8:00 pm
Thursday: 9:00 am – 8:00 pm
Friday: 9:00 am – 6:00 pm
Saturday: Closed
Sunday: Closed",http://www.suttoncrossphysio.ie/,53.389586,-6.110426,"Google Places",ChIJXciimSAFZ0gRP-3vhEeyVWA,https://plus.google.com/115639195363958693804/about?hl=en
"Archview Physiotherapy Pain and Sports Injury clinic","49 Ranelagh Rd, Ranelagh, Dublin, Ireland","Dublin City",Dublin,,IE,"(01) 491 3228",,"physiotherapist, health, establishment","Monday: 8:30 am – 8:30 pm
Tuesday: 8:30 am – 8:30 pm
Wednesday: 8:30 am – 8:30 pm
Thursday: 8:30 am – 8:30 pm
Friday: 8:30 am – 8:30 pm
Saturday: Closed
Sunday: Closed",http://www.archviewclinic.ie/,53.32701,-6.257159,"Google Places",ChIJ5ybhu6YOZ0gRxKC2yfWhPjA,https://plus.google.com/117539117567389970051/about?hl=en
"Bodyworks Physiotherapy & Sports Medicine Clinic","93, Baggot Street Lower,, Dublin 2,, Co. Dublin, Ireland","Dublin 2,",Dublin,,IE,"(01) 678 8947",,"physiotherapist, health, establishment","Monday: 8:00 am – 8:30 pm
Tuesday: 8:00 am – 8:30 pm
Wednesday: 8:00 am – 8:30 pm
Thursday: 8:00 am – 8:30 pm
Friday: 8:00 am – 5:00 pm
Saturday: Closed
Sunday: Closed",http://www.bodyworksphysio.ie/,53.33542,-6.247299,"Google Places",ChIJ4S5tJ5YOZ0gRPbbJiuSddSE,https://plus.google.com/111435723079575230878/about?hl=en
"Castleknock Physiotherapy & Acupuncture Clinic","1 Auburn Green, Dublin 15, Ireland","Dublin 15",Dublin,,IE,"(01) 820 1668",,"physiotherapist, health, establishment",,http://www.castleknockphysio.com/,53.379326,-6.357261,"Google Places",ChIJv01onmkNZ0gRbnszkA0KRBs,https://plus.google.com/115906864332930424773/about?hl=en
"The Meridian Clinic Clarehall","Clarehall Shopping Centre, Malahide Rd, Dublin 17, Ireland","Dublin 17",Dublin,,IE,"(01) 877 0818",,"doctor, physiotherapist, dentist, health, establishment","Monday: 10:00 am – 1:00 pm, 2:00 – 6:30 pm
Tuesday: 10:00 am – 1:00 pm, 2:00 – 6:30 pm
Wednesday: 10:00 am – 1:00 pm, 2:00 – 6:30 pm
Thursday: 10:00 am – 1:00 pm, 2:00 – 6:30 pm
Friday: 10:00 am – 1:00 pm, 2:00 – 6:30 pm
Saturday: Closed
Sunday: Closed",http://www.meridianclinic.ie/,53.401204,-6.180002,"Google Places",ChIJjahPHf0PZ0gRxAA3Diu5KD4,https://plus.google.com/102484113206968089491/about?hl=en
"The elbowroom","32 Brunswick Street North, Dublin, Ireland","Dublin City",Dublin,,IE,"(01) 677 9859",4.7,"gym, health, establishment","Monday: 9:00 am – 9:00 pm
Tuesday: 9:00 am – 9:00 pm
Wednesday: 9:00 am – 9:00 pm
Thursday: 9:00 am – 9:00 pm
Friday: 9:00 am – 9:00 pm
Saturday: 9:00 am – 9:00 pm
Sunday: 9:00 am – 9:00 pm",http://www.the-elbowroom.com/,53.35073,-6.280343,"Google Places",ChIJ2UddzS0MZ0gRQSbYw4AhGLU,https://plus.google.com/101890614464113001019/about?hl=en
"Ranelagh Physiotherapy Clinic","15A Dunville Avenue, Ranelagh, Co. Dublin, Ireland",Ranelagh,Dublin,,IE,"(01) 496 5820",,"physiotherapist, health, establishment","Monday: 8:00 am – 8:00 pm
Tuesday: 8:00 am – 8:00 pm
Wednesday: 8:00 am – 8:00 pm
Thursday: 8:00 am – 8:00 pm
Friday: 7:00 am – 6:30 pm
Saturday: Closed
Sunday: Closed",http://www.ranelaghphysio.ie/,53.321051,-6.255964,"Google Places",ChIJDbfpK6kOZ0gRh03SkggprpM,https://plus.google.com/101404586300427855520/about?hl=en
"Slievemore Clinic","Old Dublin Road, Co. Dublin, Co. Dublin, Ireland","Co. Dublin",Dublin,,IE,"(01) 200 0575",,"dentist, physiotherapist, doctor, health, establishment",,http://www.slievemore-clinic.com/,53.292286,-6.201364,"Google Places",ChIJazNszx8JZ0gRW8ftJqIxjc0,https://plus.google.com/115166447680382886189/about?hl=en
"Clondalkin Physiotherapy - The Physio Company","Newlands Cross Medical Centre, Newlands Cross, Clondalkin, Co. Dublin, Ireland",Clondalkin,Dublin,,IE,"(01) 679 9685",,"physiotherapist, doctor, health, establishment","Monday: 8:00 am – 8:00 pm
Tuesday: 8:00 am – 8:00 pm
Wednesday: 8:00 am – 8:00 pm
Thursday: 8:00 am – 8:00 pm
Friday: 8:00 am – 8:00 pm
Saturday: Closed
Sunday: Closed",http://www.thephysiocompany.com/clinic/newlands-cross-clondalkin/,53.313031,-6.392154,"Google Places",ChIJvQ5quVtzZ0gRmDj8hWGa950,https://plus.google.com/108984389832584878171/about?hl=en
"Booterstown Physiotherapist Dublin","120 Rock Road, Booterstown, Co. Dublin, Ireland",Booterstown,Dublin,,IE,"(01) 283 4577",,"physiotherapist, doctor, health, establishment","Monday: 7:30 am – 7:30 pm
Tuesday: 7:30 am – 7:30 pm
Wednesday: 7:30 am – 7:30 pm
Thursday: 7:30 am – 7:30 pm
Friday: 7:30 am – 7:30 pm
Saturday: Closed
Sunday: Closed",http://www.booterstownphysiotherapy.net/,53.308997,-6.196937,"Google Places",ChIJFQ3EzNYIZ0gRvwy1IS3j4kU,https://plus.google.com/103684534571048060533/about?hl=en
"The Physio Company","Columba House, Airside Retail Park, Lakeshore Drive, Swords, Co. Dublin, Ireland",Swords,Dublin,,IE,"(01) 679 9685",,"physiotherapist, health, establishment","Monday: 7:30 am – 8:00 pm
Tuesday: 7:30 am – 8:00 pm
Wednesday: 7:30 am – 8:00 pm
Thursday: 7:30 am – 8:00 pm
Friday: 7:30 am – 8:00 pm
Saturday: Closed
Sunday: Closed",http://www.thephysiocompany.com/clinic/dublin-swords-vhi-swiftcare/,53.445145,-6.224819,"Google Places",ChIJtc4poPgQZ0gRJq7FODvJi-8,https://plus.google.com/118391750054480153076/about?hl=en
"Esker Physiotherapy Clinic","3 Dodsborough Road, Lucan, Co. Dublin, Ireland",Lucan,Dublin,,IE,"(01) 621 8700",4.8,"physiotherapist, health, establishment","Monday: 8:00 am – 8:00 pm
Tuesday: 8:00 am – 8:00 pm
Wednesday: 8:00 am – 8:00 pm
Thursday: 8:00 am – 8:00 pm
Friday: 8:00 am – 8:00 pm
Saturday: Closed
Sunday: Closed",http://www.eskerphysio.ie/,53.352604,-6.461117,"Google Places",ChIJIxaoMElyZ0gRMKR2mVDGh-0,https://plus.google.com/110975355515162150448/about?hl=en
"The Meridian Clinic Ongar","1 The Avenue, Ongar Village, Clonee, Co. Dublin, Ireland",Clonee,Dublin,,IE,"(01) 861 4040",,establishment,,http://www.meridianclinic.ie/,53.39575,-6.438761,"Google Places",ChIJwe0CgXttZ0gRDxdqZSv8nv0,https://plus.google.com/115627792265739367665/about?hl=en
"Kirwan Physical Therapy","Fitnecise Studio, 11 Braemor Road, Churchtown, Dublin 14, Co. Dublin, Ireland","Churchtown, Dublin 14",Dublin,,IE,"085 736 6973",,"physiotherapist, health, establishment","Monday: 9:30 am – 8:00 pm
Tuesday: 10:30 am – 1:30 pm, 3:30 – 8:00 pm
Wednesday: 10:30 am – 1:30 pm, 3:30 – 8:00 pm
Thursday: 10:30 am – 1:30 pm, 3:30 – 8:00 pm
Friday: 10:30 am – 1:30 pm, 3:30 – 8:00 pm
Saturday: 9:00 am – 1:00 pm
Sunday: Closed",http://www.physicaltherapytreatment.ie/,53.29574,-6.260232,"Google Places",ChIJt_x_nuELZ0gR1PZ6u1Td-CA,https://plus.google.com/111814090973564830028/about?hl=en
"Enniskerry Physiotherapy Clinic","Medical Centre, Main street, Enniskerry, Co. Wicklow, Ireland",Enniskerry,Wicklow,,IE,"(01) 272 3749",,"physiotherapist, health, establishment","Monday: 8:00 am – 8:00 pm
Tuesday: 8:00 am – 8:00 pm
Wednesday: 8:00 am – 8:00 pm
Thursday: 8:00 am – 8:00 pm
Friday: 8:00 am – 8:00 pm
Saturday: Closed
Sunday: Closed",http://www.ephysio.ie/,53.193504,-6.17073,"Google Places",ChIJB5DrA6ynZ0gR4RrG4yuCBR4,https://plus.google.com/113639722156259757693/about?hl=en
"Physio Evolution","3 Beaumont Avenue, Dublin, Ireland",Dublin,Dublin,,IE,"(01) 298 7888",,"physiotherapist, health, establishment","Monday: 8:00 am – 8:00 pm
Tuesday: 8:00 am – 8:00 pm
Wednesday: 8:00 am – 8:00 pm
Thursday: 8:00 am – 8:00 pm
Friday: 8:00 am – 8:00 pm
Saturday: 9:00 am – 1:00 pm
Sunday: Closed",https://plus.google.com/112254074907658275759/about?hl=en,53.287948,-6.256579,"Google Places",ChIJQV7Kbd8LZ0gRFtj8S4xtA2I,https://plus.google.com/112254074907658275759/about?hl=en
"Dene Hickey Therapist","50 George's Street Upper, Dun Laoghaire, Co. Dublin, Ireland","Dun Laoghaire",Dublin,,IE,"087 133 2405",,"physiotherapist, health, establishment","Monday: 9:00 am – 8:00 pm
Tuesday: 9:00 am – 1:30 pm
Wednesday: 9:00 am – 8:00 pm
Thursday: 9:00 am – 1:30 pm
Friday: 9:00 am – 8:00 pm
Saturday: 10:00 am – 5:00 pm
Sunday: Closed",http://www.denehickey.com/,53.28999,-6.131072,"Google Places",ChIJT16m3yQGZ0gRW9nlSkDNyxE,https://plus.google.com/109821161977205806266/about?hl=en
"Portmarnock Physiotherapy Clinic","Naomh Mearnog GAA Club, Torcaill, Portmarnock, Co. Dublin, Ireland",Portmarnock,Dublin,,IE,"087 696 5275",,establishment,,https://plus.google.com/107296003730156139743/about?hl=en,53.43715,-6.142387,"Google Places",ChIJq4KH6O0aZ0gRT-UMJwx4DpM,https://plus.google.com/107296003730156139743/about?hl=en
"AcuPhysio. Physiotherapy, acupuncture & sport injury clinic.","Raven Hall, Upper Dargle Road, Bray, Co. Wicklow, Ireland",,Wicklow,,IE,"(01) 276 0001",,"physiotherapist, health, establishment","Monday: 9:00 am – 7:00 pm
Tuesday: 9:00 am – 7:00 pm
Wednesday: 9:00 am – 7:00 pm
Thursday: 9:00 am – 7:00 pm
Friday: 9:00 am – 7:00 pm
Saturday: 9:00 am – 1:00 pm
Sunday: Closed",http://www.acuphysio.ie/,53.207513,-6.114597,"Google Places",ChIJD93E0nOoZ0gRYu2l7zIMcMM,https://plus.google.com/110630925288168461028/about?hl=en
"Clonee Physiotherapy and Sports Injury Clinic","Main Street, Clonee, Co. Meath, Ireland",Clonee,Meath,,IE,"(01) 825 2623",,"physiotherapist, health, establishment",,http://www.cloneephysio.ie/,53.410335,-6.437154,"Google Places",ChIJAw0VaW1tZ0gRQc3W8LaHYrE,https://plus.google.com/114677551966705529162/about?hl=en
"Leixlip Physiotherapy Clinic","Riverforest S.C., Leixlip, Co. Kildare, Ireland",Leixlip,Kildare,,IE,"(01) 615 6716",,"physiotherapist, health, establishment","Monday: 3:30 – 9:00 pm
Tuesday: 9:00 am – 4:30 pm
Wednesday: Closed
Thursday: 9:00 am – 12:30 pm, 3:30 – 9:00 pm
Friday: Closed
Saturday: Closed
Sunday: Closed",http://www.leixlipphysio.com/,53.371391,-6.487405,"Google Places",ChIJxbq8HxpyZ0gRdrV4JD-NKYw,https://plus.google.com/106346488389614817446/about?hl=en
Osteopathdublin.ie,"2, Mornington Park, Malahide Rd, Dublin, Ireland",Dublin,Dublin,,IE,"086 156 0605",,"physiotherapist, health, establishment","Monday: 8:00 am – 7:00 pm
Tuesday: 8:00 am – 7:00 pm
Wednesday: 8:00 am – 7:00 pm
Thursday: 8:00 am – 7:00 pm
Friday: 8:00 am – 7:00 pm
Saturday: 8:00 am – 12:00 pm
Sunday: Closed",http://www.osteopathdublin.ie/,53.382301,-6.207651,"Google Places",ChIJ6QxnbMgPZ0gR5TeX9m9ssXc,https://plus.google.com/111552499349291072392/about?hl=en
"The Acupuncture Zone@ Tallaght Physio Clinic","50 Bancroft Road, Dublin 24, Ireland","Dublin 24",Dublin,,IE,"085 732 2200",,"physiotherapist, health, establishment","Monday: 10:00 am – 9:00 pm
Tuesday: 10:00 am – 9:00 pm
Wednesday: 10:00 am – 9:00 pm
Thursday: 10:00 am – 9:00 pm
Friday: 10:00 am – 9:00 pm
Saturday: 10:00 am – 5:00 pm
Sunday: Closed",http://www.theacuzone.com/,53.291128,-6.351194,"Google Places",ChIJLzxvY0YLZ0gR4VtuLHHdmB0,https://plus.google.com/112902890756316002454/about?hl=en
"Smiling Spiders Web Development","86, The Academy Building, Park West, Dublin 12, Ireland","Dublin 12",Dublin,,IE,"086 824 7236",,establishment,"Monday: 9:00 am – 9:00 pm
Tuesday: 9:00 am – 9:00 pm
Wednesday: 9:00 am – 9:00 pm
Thursday: 9:00 am – 9:00 pm
Friday: 9:00 am – 9:00 pm
Saturday: 9:00 am – 9:00 pm
Sunday: Closed",http://www.smilingspiders.com/,53.332763,-6.379453,"Google Places",ChIJLxtWe0YLZ0gRMvcx63twb1s,https://plus.google.com/116050685281552011789/about?hl=en
"Tyrrell Physiotherapy","Boroimhe Medical Centre, Forrest Road, Swords, Co. Dublin, Ireland",Swords,"Co. Dublin",,IE,"087 917 5756",,"hospital, establishment","Monday: 4:30 – 9:00 pm, 9:30 pm – 12:00 am
Tuesday: 12:00 am – 1:00 pm, 4:30 – 9:00 pm, 9:30 pm – 12:00 am
Wednesday: 12:00 am – 1:00 pm, 9:30 pm – 12:00 am
Thursday: 12:00 am – 1:00 pm, 4:30 – 9:00 pm, 9:30 pm – 12:00 am
Friday: 12:00 am – 1:00 pm, 2:00 – 5:00 pm, 9:30 pm – 12:00 am
Saturday: 12:00 am – 1:00 pm
Sunday: Closed",http://www.tyrrellphysio.ie/,53.446481,-6.237702,"Google Places",ChIJl3M6TgARZ0gR413bl7mZlzM,https://plus.google.com/104528912699639561174/about?hl=en
"First Physio Plus","Clondalkin Sports And Leisure Centre, Nangor Road, Clondalkin, Dublin 22, Dublin, Ireland",Dublin,Dublin,,IE,"(01) 457 2897",,"physiotherapist, health, establishment","Monday: 8:00 am – 8:00 pm
Tuesday: 8:00 am – 8:00 pm
Wednesday: 8:00 am – 8:00 pm
Thursday: 8:00 am – 8:00 pm
Friday: 8:00 am – 8:00 pm
Saturday: 9:00 am – 1:00 pm
Sunday: Closed",http://www.firstphysioplus.ie/,53.32185,-6.399106,"Google Places",ChIJme0I2ENzZ0gRRHVrOy-QJtA,https://plus.google.com/102829283047944253800/about?hl=en
"Massage Therapy at Home","Lower Rathmines Road, Rathmines, Dublin, Ireland",Dublin,Dublin,,IE,"086 868 3829",,establishment,"Monday: 5:00 – 10:30 pm
Tuesday: 5:00 – 11:00 pm
Wednesday: 5:00 – 11:00 pm
Thursday: 5:00 – 11:00 pm
Friday: 6:00 – 10:30 pm
Saturday: 7:30 am – 10:30 pm
Sunday: 7:30 am – 10:00 pm",https://plus.google.com/118297289520568405674/about?hl=en,53.328463,-6.264578,"Google Places",ChIJC7ZE-B0MZ0gRnFV9ytTfavo,https://plus.google.com/118297289520568405674/about?hl=en
"Glasnevin Physical Therapy","113 Botanic Road, Glasnevin, Dublin 9, Ireland","Dublin 9",,,IE,"(01) 811 7777",,"physiotherapist, health, establishment","Monday: 9:00 am – 7:00 pm
Tuesday: 9:00 am – 7:00 pm
Wednesday: 9:00 am – 7:00 pm
Thursday: 9:00 am – 7:00 pm
Friday: 9:00 am – 7:00 pm
Saturday: 9:00 am – 1:00 pm
Sunday: Closed",http://www.glasnevinphysicaltherapy.com/,53.369894,-6.26874,"Google Places",ChIJf5Jx53YOZ0gR6To4YOY21aI,https://plus.google.com/106049530763630266867/about?hl=en
"Physio Clinic: South Dublin. Ross Allen: Chartered Physiotherapist, Chiropractor & Sports Therapist","4A Saint Patrick's Road, Dalkey, Co. Dublin, Ireland",,Dublin,,IE,"083 196 0344",,"physiotherapist, health, establishment","Monday: 9:00 am – 7:30 pm
Tuesday: 9:00 am – 7:30 pm
Wednesday: 9:00 am – 7:30 pm
Thursday: 9:00 am – 7:30 pm
Friday: 9:00 am – 7:30 pm
Saturday: Closed
Sunday: Closed",http://www.physioclinic.ie/,53.277804,-6.103791,"Google Places",ChIJ_WbzN7MHZ0gRMyAfE45PfVc,https://plus.google.com/114421897206125940995/about?hl=en
"Maeve O'Carroll Physiotherapist","67 Churchtown Road Upper, Dublin, Ireland",Dublin,Dublin,,IE,"(01) 553 6026",,establishment,,https://plus.google.com/108448829543345926468/about?hl=en,53.296055,-6.262037,"Google Places",ChIJ9UA0ZuELZ0gRS5-xiAw5TyM,https://plus.google.com/108448829543345926468/about?hl=en
"Declan Mahon, Physiotherapist","Aontacht, Streamstown Lane, Malahide, Co. Dublin, Ireland",,Dublin,,IE,"087 279 6626",,"physiotherapist, health, establishment","Monday: 10:00 am – 8:00 pm
Tuesday: 10:00 am – 8:00 pm
Wednesday: 10:00 am – 8:00 pm
Thursday: 10:00 am – 8:00 pm
Friday: 10:00 am – 8:00 pm
Saturday: Closed
Sunday: Closed",https://plus.google.com/109359153077044343902/about?hl=en,53.439932,-6.182028,"Google Places",ChIJnTJAEXkQZ0gRGvJszH5h1qE,https://plus.google.com/109359153077044343902/about?hl=en
"Irish Society Of Chartered Physiotherapists Ltd","Saint Stephen's Green, Dublin, Ireland",,Dublin,,IE,"(01) 402 2148",,"physiotherapist, health, establishment","Monday: 9:00 am – 5:00 pm
Tuesday: 9:00 am – 5:00 pm
Wednesday: 9:00 am – 5:00 pm
Thursday: 9:00 am – 5:00 pm
Friday: 9:00 am – 5:00 pm
Saturday: Closed
Sunday: Closed",http://www.iscp.ie/,53.338713,-6.261764,"Google Places",ChIJq9Sh7J4OZ0gRBu4bDoVJ-iI,https://plus.google.com/110448700107681344236/about?hl=en
"Eamonn Pegley, Chartered Physiotherapist","338 Castletown, Leixlip, Co. Kildare, Ireland",,Kildare,,IE,"089 224 0585",,"gym, health, establishment",,https://plus.google.com/113718033030740028736/about?hl=en,53.364524,-6.508479,"Google Places",ChIJ6bdi1IxxZ0gRBF5VIAex3mo,https://plus.google.com/113718033030740028736/about?hl=en
PhysioNow,"Rathgar Rd, Dublin 6, Ireland","Dublin 6",Dublin,,IE,"(01) 491 2064",,"health, establishment",,http://www.physionow.ie/,53.317429,-6.269855,"Google Places",ChIJkXYKqwcMZ0gR2tMQOSlWjPk,https://plus.google.com/109640563851036889718/about?hl=en
"Rathmines Physiotherapy & Sports Injury Clinic","188 Rathgar Road, Rathmines, Dublin, Ireland",Dublin,Dublin,,IE,"(01) 200 0555",,"physiotherapist, health, establishment","Monday: 8:00 am – 8:00 pm
Tuesday: 8:00 am – 8:00 pm
Wednesday: 8:00 am – 8:00 pm
Thursday: 8:00 am – 8:00 pm
Friday: 8:00 am – 2:00 pm
Saturday: Closed
Sunday: Closed",http://www.physioextra.ie/,53.320774,-6.267911,"Google Places",ChIJGZycoAMMZ0gR2Ref-_fVjFc,https://plus.google.com/114735159854272799944/about?hl=en
"Pearse Street Physiotherapy Clinic","79 Pearse St, Dublin 2, Ireland","Dublin 2",Dublin,,IE,"(01) 633 4035",,"health, establishment","Monday: 6:00 am – 10:00 pm
Tuesday: 6:00 am – 10:00 pm
Wednesday: 6:00 am – 10:00 pm
Thursday: 6:00 am – 10:00 pm
Friday: 6:00 am – 10:00 pm
Saturday: Closed
Sunday: Closed",http://www.pearsestreetphysio.com/,53.343339,-6.244997,"Google Places",ChIJx2yPtZMOZ0gR0GtKvOUQEtE,https://plus.google.com/105670668222760782152/about?hl=en
"Grafton St Physiotherapy Clinic","34 Grafton Street, Dublin, Ireland","Dublin City",Dublin,,IE,"(01) 671 2122",,"physiotherapist, health, establishment","Monday: 9:00 am – 12:30 pm
Tuesday: Closed
Wednesday: 9:00 am – 4:30 pm
Thursday: Closed
Friday: 9:00 am – 4:30 pm
Saturday: Closed
Sunday: Closed",http://www.graftonstphysio.com/,53.341087,-6.260467,"Google Places",ChIJdf0oCpwOZ0gRzbu7pwxP9c0,https://plus.google.com/112061262372384579281/about?hl=en
"Functional Training Ireland - Physiotherapy Dublin","29 Fitzwilliam Street Upper, Dublin 2, Ireland","Dublin 2",Dublin,,IE,"(01) 662 9231",,"physiotherapist, health, establishment","Monday: 7:00 am – 9:00 pm
Tuesday: 7:00 am – 9:00 pm
Wednesday: 7:00 am – 9:00 pm
Thursday: 7:00 am – 9:00 pm
Friday: 7:00 am – 9:00 pm
Saturday: 9:00 am – 4:00 pm
Sunday: 10:00 am – 4:00 pm",http://functionaltraining.ie/,53.33583,-6.249738,"Google Places",ChIJMXAzw5cOZ0gRehbYp7HHj4M,https://plus.google.com/110903783036129125680/about?hl=en
"Portobello Physio Clinic","36B Lennox Street, Dublin 8, Ireland","Dublin 8",Dublin,,IE,"(01) 476 3330",,"physiotherapist, health, establishment","Monday: 7:30 am – 8:30 pm
Tuesday: 7:30 am – 8:30 pm
Wednesday: 7:30 am – 8:30 pm
Thursday: 7:30 am – 8:30 pm
Friday: 7:30 am – 6:00 pm
Saturday: Closed
Sunday: Closed",http://www.portobellophysio.ie/,53.331312,-6.267556,"Google Places",ChIJPaHZTR4MZ0gRZlPFdm8NZGI,https://plus.google.com/101780134100554208198/about?hl=en
"Physiotherapy - The Court Clinic, Dublin","8, Cornelscourt Cottages, Bray Rd, Dublin 18, Ireland","Dublin 18",Dublin,,IE,"(01) 289 7321",,"health, establishment",,http://www.courtclinic.ie/?Dublin,53.268164,-6.165819,"Google Places",ChIJA2iYXGcIZ0gRiJ_5VBLKqWM,https://plus.google.com/103371998195097530329/about?hl=en
"Dublin City Physiotherapy Clinic","Suite 3, Coach House, 44 Westland Row, Dublin 2, Ireland",,,,IE,"(01) 676 0076",,"physiotherapist, health, establishment",,http://www.dublincityphysio.ie/,53.342913,-6.249904,"Google Places",ChIJG5A1ApEOZ0gRubRFR8LdGmA,https://plus.google.com/103847057618865975352/about?hl=en
"Dublin Spine & Sports Physiotherapy Clinic","The Meath Primary Care Centre, Heytesbury Street, Dublin 8, Ireland","Dublin 8","Co. Dublin",,IE,"(01) 454 3335",,"health, establishment",,http://www.physiotherapyclinic.ie/,53.335973,-6.269098,"Google Places",ChIJ3z79oR8MZ0gRyLf7x2ujwHE,https://plus.google.com/106071722476217305065/about?hl=en
"Stillorgan Physiotherapy, Acupuncture & Sports Injuries, SLIEVEMORE CLINIC","Slievemore Clinic, Old Dublin Road, Dublin, Ireland","Dun Laoghaire-Rathdown",Dublin,,IE,"(01) 200 0555",,"physiotherapist, health, establishment","Monday: 8:00 am – 8:00 pm
Tuesday: 8:00 am – 8:00 pm
Wednesday: 8:00 am – 8:00 pm
Thursday: 8:00 am – 8:00 pm
Friday: 8:00 am – 6:00 pm
Saturday: 10:00 am – 1:00 pm
Sunday: Closed",http://www.physioextra.ie/,53.292286,-6.201364,"Google Places",ChIJ87LMyB8JZ0gRUl8Hdj_4Fw0,https://plus.google.com/111049043633231952856/about?hl=en
"Milltown Physiotherapy Clinic","98 Churchtown Road Lower, 14, Co. Dublin, Ireland",14,Dublin,,IE,"(01) 296 0603",,establishment,"Monday: 7:30 am – 8:00 pm
Tuesday: 7:30 am – 8:00 pm
Wednesday: 7:30 am – 8:00 pm
Thursday: 7:30 am – 8:00 pm
Friday: 7:30 am – 5:00 pm
Saturday: 9:00 am – 1:00 pm
Sunday: Closed",http://milltownphysiotherapy.com/,53.298181,-6.253924,"Google Places",ChIJlUK9IFkJZ0gRcZyMuT1Gs4E,https://plus.google.com/103863866742891774173/about?hl=en
"Baggot Street Physiotherapy - The Physio Company","112C Baggot Street Lower, Dublin 2, Ireland","Dublin 2",Dublin,,IE,"(01) 679 9685",,"physiotherapist, health, establishment","Monday: 7:30 am – 8:00 pm
Tuesday: 7:30 am – 8:00 pm
Wednesday: 7:30 am – 8:00 pm
Thursday: 7:30 am – 8:00 pm
Friday: 7:30 am – 8:00 pm
Saturday: Closed
Sunday: Closed",http://www.thephysiocompany.com/clinic/baggot-st/,53.336462,-6.248779,"Google Places",ChIJYRuLtpcOZ0gRR9dqTXjY3ls,https://plus.google.com/104140235271131176780/about?hl=en
"Physiotherapy Dublin - Laurel Lodge","Laurel Lodge Shopping Centre, Laurel Lodge Rd, Dublin 15, Ireland","Dublin 15",Dublin,,IE,"(01) 824 9585",,"physiotherapist, health, establishment","Monday: 8:00 am – 8:00 pm
Tuesday: 8:00 am – 8:00 pm
Wednesday: 8:00 am – 8:00 pm
Thursday: 8:00 am – 8:00 pm
Friday: 8:00 am – 8:00 pm
Saturday: 10:00 am – 2:00 pm
Sunday: Closed",http://www.physiodublin.ie/,53.37744,-6.378121,"Google Places",ChIJ86w-1E4NZ0gRaGiAfbabfjE,https://plus.google.com/111709856384629156774/about?hl=en
"Sandymount Physiotherapy Clinic","87A Sandymount Road, Dublin 4, Ireland","Dublin 4",Dublin,,IE,"(01) 668 6819",,"physiotherapist, health, establishment","Monday: 7:30 am – 8:00 pm
Tuesday: 7:30 am – 8:00 pm
Wednesday: 7:30 am – 8:00 pm
Thursday: 7:30 am – 8:00 pm
Friday: 7:30 am – 8:00 pm
Saturday: Closed
Sunday: Closed",http://www.sandymountphysiotherapy.com/,53.332946,-6.216367,"Google Places",ChIJc53cn94OZ0gR7ODAQqZz-Qs,https://plus.google.com/109340362098160074080/about?hl=en
"Collins Avenue Physiotherapy,","138A Collins Avenue, dublin, Ireland",dublin,Dublin,,IE,"(01) 832 9625",,"health, establishment","Monday: 7:30 am – 8:00 pm
Tuesday: 7:30 am – 8:00 pm
Wednesday: 7:30 am – 1:00 pm
Thursday: 7:30 am – 8:00 pm
Friday: 7:30 am – 1:00 pm
Saturday: Closed
Sunday: Closed",http://www.dublinphysiotherapy.com/,53.377725,-6.224595,"Google Places",ChIJbxUINkoOZ0gRFoV8_1qBprk,https://plus.google.com/108561509196262312945/about?hl=en
"Ballsbridge Physiotherapy Clinic","26 Wellington Rd, Ballsbridge, Dublin 4, Ireland","Ballsbridge, Dublin 4",,,IE,"(01) 660 6582",,"physiotherapist, health, establishment","Monday: 8:00 am – 8:00 pm
Tuesday: 8:00 am – 8:00 pm
Wednesday: 8:00 am – 8:00 pm
Thursday: 8:00 am – 8:00 pm
Friday: 8:00 am – 6:00 pm
Saturday: 8:30 am – 1:00 pm
Sunday: Closed",http://www.ballsbridgephysio.ie/,53.330027,-6.241005,"Google Places",ChIJiURfzb4OZ0gRQKEBdgvnoos,https://plus.google.com/102967841412232077440/about?hl=en
"Santry Physiotherapy - The Physio Company","Euromedic Northwood Business Park, Swift Square, Co. Dublin 11, Ireland","Swift Square","Dublin 11",,IE,"(01) 679 9685",,"physiotherapist, health, establishment","Monday: 8:00 am – 8:00 pm
Tuesday: 8:00 am – 8:00 pm
Wednesday: 8:00 am – 8:00 pm
Thursday: 8:00 am – 8:00 pm
Friday: 8:00 am – 8:00 pm
Saturday: Closed
Sunday: Closed",http://www.thephysiocompany.com/clinic/santry/,53.403238,-6.257915,"Google Places",ChIJXSYXEOERZ0gRcFWvZyfqZa0,https://plus.google.com/112771517918768326797/about?hl=en
"Barrow Street Physiotherapy - The Physio Company","Barrow Street Medical, Barrow Street, Dublin 4, Ireland","Dublin 4",Dublin,,IE,"(01) 679 9685",,"physiotherapist, health, establishment","Monday: 8:00 am – 8:00 pm
Tuesday: 8:00 am – 8:00 pm
Wednesday: 8:00 am – 8:00 pm
Thursday: 8:00 am – 8:00 pm
Friday: 8:00 am – 8:00 pm
Saturday: Closed
Sunday: Closed",http://www.thephysiocompany.com/clinic/barrow-street/,53.339227,-6.236473,"Google Places",ChIJFWafGesOZ0gR5PO7fX5gNbE,https://plus.google.com/112981160413520544806/about?hl=en
"Body Elements - Physiofit Clinic","Suite 2, Cubes 3, Beacon South Quarter, Sandyford, Co. Dublin, Ireland",Sandyford,Dublin,,IE,"(01) 293 2969",,"health, establishment","Monday: Closed
Tuesday: 10:00 am – 8:00 pm
Wednesday: 12:00 – 8:00 pm
Thursday: 12:00 – 8:00 pm
Friday: 12:00 – 5:00 pm
Saturday: 10:00 am – 4:00 pm
Sunday: Closed",http://www.bodyelements.ie/,53.276582,-6.217446,"Google Places",ChIJdRFtWAkJZ0gRO6U0nKuQg8s,https://plus.google.com/102696813421580338572/about?hl=en
"Dynamic Physiotherapy","5 Lazer Lane, Dublin 2, Ireland","Dublin 2",,,IE,"086 602 8088",,"physiotherapist, health, establishment","Monday: 8:00 am – 8:00 pm
Tuesday: 8:00 am – 8:00 pm
Wednesday: 8:00 am – 8:00 pm
Thursday: 8:00 am – 8:00 pm
Friday: 8:00 am – 4:00 pm
Saturday: Closed
Sunday: Closed",http://www.dynamicphysiotherapy.ie/,53.345324,-6.238989,"Google Places",ChIJxeQnb-0OZ0gR3tWgtWKF0j0,https://plus.google.com/112929835931305863540/about?hl=en
"IFSC Physiotherapy - The Physio Company","Gandon House, Amiens Street, IFSC, Co. Dublin, Ireland",IFSC,Dublin,,IE,"(01) 679 9685",,"physiotherapist, health, establishment","Monday: 8:00 am – 8:30 pm
Tuesday: 8:00 am – 8:30 pm
Wednesday: 8:00 am – 8:30 pm
Thursday: 8:00 am – 8:30 pm
Friday: 8:00 am – 8:30 pm
Saturday: Closed
Sunday: Closed",http://www.thephysiocompany.com/clinic/ifsc/,53.349417,-6.244676,"Google Places",ChIJPdUbVowOZ0gRKN2Af01sJdc,https://plus.google.com/103654438223514251825/about?hl=en
"PhysioCare Blackrock","87A Booterstown Avenue, Blackrock, Co. Dublin, Ireland",,Dublin,,IE,"(01) 531 0004",,"physiotherapist, health, establishment","Monday: 8:00 am – 8:00 pm
Tuesday: 8:00 am – 8:00 pm
Wednesday: 8:00 am – 8:00 pm
Thursday: 8:00 am – 8:00 pm
Friday: 8:00 am – 8:00 pm
Saturday: 10:00 am – 3:00 pm
Sunday: Closed",http://www.physio.ie/,53.3043,-6.198936,"Google Places",ChIJS_PZyNkIZ0gRAuGTaLDaqJw,https://plus.google.com/112634936678847351222/about?hl=en
"Sampson Physiotherapy","3, Main Street, Blanchardstown Village, Dublin 15, Ireland","Dublin 15","Co. Dublin",,IE,"(01) 838 8055",,"health, establishment",,http://www.orlaghsampson.com/,53.386684,-6.376723,"Google Places",ChIJxU8jI9QNZ0gR9XhUT_4_9qc,https://plus.google.com/101253740014425685548/about?hl=en
"Raheny Physiotherapy - The Physio Company","Raheny Shopping Centre, Howth Rd, Raheny, Co. Dublin, Ireland",Raheny,Dublin,,IE,"(01) 679 9685",,"physiotherapist, health, establishment","Monday: 8:00 am – 8:00 pm
Tuesday: 8:00 am – 8:00 pm
Wednesday: 8:00 am – 8:00 pm
Thursday: 8:00 am – 8:00 pm
Friday: 8:00 am – 8:00 pm
Saturday: Closed
Sunday: Closed",http://www.thephysiocompany.com/clinic/raheny/,53.380102,-6.177846,"Google Places",ChIJx8-AgpIPZ0gRaU0SFqG_uf0,https://plus.google.com/115827581902540756792/about?hl=en
"Occupational Physiotherapy Solutions Ltd","96 Lower Kilmacud Rd, Dublin, Ireland",Dublin,Dublin,,IE,"(01) 288 5855",,"physiotherapist, health, establishment",,http://www.oops.ie/,53.288752,-6.214376,"Google Places",ChIJ8RTBTxcJZ0gR3H2WjvXhlTI,https://plus.google.com/104256556942815711475/about?hl=en
"The Beacon- Sandyford Physiotherapy","2nd Floor, Suite 16, The Mall, Dublin 18, Ireland","Dublin 18",Dublin,,IE,"(01) 679 9685",,"physiotherapist, health, establishment","Monday: 8:00 am – 8:00 pm
Tuesday: 8:00 am – 8:00 pm
Wednesday: 8:00 am – 8:00 pm
Thursday: 8:00 am – 8:00 pm
Friday: 8:00 am – 8:00 pm
Saturday: Closed
Sunday: Closed",http://www.thephysiocompany.com/clinic/beacon/,53.275511,-6.218843,"Google Places",ChIJ6ePQmgsJZ0gROTXKSnS6vb4,https://plus.google.com/105126751173772449398/about?hl=en
"Sandyford Physiotherapy - The Physio Company","Clonard Medical Centre, Sandyford Road, Sandyford, Co. Dublin, Ireland",Sandyford,Dublin,,IE,"(01) 679 9685",,"physiotherapist, health, establishment","Monday: 8:00 am – 8:00 pm
Tuesday: 8:00 am – 8:00 pm
Wednesday: 8:00 am – 8:00 pm
Thursday: 8:00 am – 8:00 pm
Friday: 8:00 am – 8:00 pm
Saturday: Closed
Sunday: Closed",http://www.thephysiocompany.com/clinic/sandyford/,53.277512,-6.230921,"Google Places",ChIJ16ec5XMJZ0gRkLgMUiPEhzQ,https://plus.google.com/112399172188900934015/about?hl=en
"Lucan Physiotherapy - The Physio Company","Ballyowen Castle Shopping Centre, Castle Road, Lucan, Co. Dublin, Ireland",Lucan,Dublin,,IE,"(01) 679 9685",,"physiotherapist, health, establishment","Monday: 8:00 am – 8:00 pm
Tuesday: 8:00 am – 8:00 pm
Wednesday: 8:00 am – 8:00 pm
Thursday: 8:00 am – 8:00 pm
Friday: 8:00 am – 8:00 pm
Saturday: Closed
Sunday: Closed",http://www.thephysiocompany.com/clinic/lucan/,53.347554,-6.422538,"Google Places",ChIJyT7xEuNyZ0gRx398k-r_Qmw,https://plus.google.com/116180101815299350990/about?hl=en
"Pilates @ Collins Avenue Physiotherapy","138B Collins Ave, Dublin, Ireland",Dublin,Dublin,,IE,"(01) 832 9625",,"health, establishment","Monday: 7:30 am – 9:00 pm
Tuesday: 7:30 am – 9:00 pm
Wednesday: 7:30 am – 9:00 pm
Thursday: 7:30 am – 9:00 pm
Friday: 7:30 am – 3:00 pm
Saturday: Closed
Sunday: Closed",http://www.dublinphysiotherapy.com/,53.37752,-6.224659,"Google Places",ChIJbxUINkoOZ0gRUNKHzvgwcIg,https://plus.google.com/106231054759795393811/about?hl=en
"Drumcondra Physiotherapy - The Physio Company","130 Lower Drumcondra Road, (corner Hollybank Road), Drumcondra, Co. Dublin, Ireland",Drumcondra,Dublin,,IE,"(01) 679 9685",,"physiotherapist, health, establishment","Monday: 7:30 am – 8:00 pm
Tuesday: 7:30 am – 8:00 pm
Wednesday: 7:30 am – 8:00 pm
Thursday: 7:30 am – 8:00 pm
Friday: 7:30 am – 8:00 pm
Saturday: 10:00 am – 5:00 pm
Sunday: Closed",http://www.thephysiocompany.com/clinic/drumcondra-physio/,53.366887,-6.255715,"Google Places",ChIJ9ZUWeGUOZ0gRHu7-dHs_TyQ,https://plus.google.com/114620184359810103653/about?hl=en
"Dunlaoghaire Physiotherapy Clinic","55 Mulgrave Street, Dublin, Ireland","Dun Laoghaire-Rathdown",Dublin,,IE,"(01) 280 3741",,"physiotherapist, health, establishment","Monday: 9:00 am – 6:30 pm
Tuesday: 2:00 – 6:30 pm
Wednesday: Closed
Thursday: 9:00 am – 6:30 pm
Friday: 2:00 – 6:30 pm
Saturday: Closed
Sunday: Closed",http://www.dunlaoghairephysio.com/,53.290952,-6.136555,"Google Places",ChIJG3MDICQGZ0gRtdA291tX8FE,https://plus.google.com/105531685327101300509/about?hl=en
"Sexton Physiotherapy and Acupuncture Clinic","6 Manor Street, Stoneybatter, Dublin 7, Ireland","Dublin 7",Dublin,,IE,"(01) 671 0222",,"physiotherapist, health, establishment","Monday: 8:00 am – 6:30 pm
Tuesday: 8:00 am – 12:30 pm
Wednesday: 8:00 am – 4:00 pm
Thursday: 8:00 am – 6:30 pm
Friday: 8:00 am – 12:30 pm
Saturday: Closed
Sunday: Closed",https://twitter.com/SextonPhysio,53.351601,-6.282939,"Google Places",ChIJfcbYjy0MZ0gRCItP6fxAAFc,https://plus.google.com/107626056152446646041/about?hl=en
"Swords Physiotherapy","16 Chapel Lane, Swords, Co. Dublin, Ireland",Swords,Dublin,,IE,"(01) 840 4280",,"physiotherapist, health, establishment","Monday: 8:30 am – 8:00 pm
Tuesday: 8:30 am – 8:00 pm
Wednesday: 8:30 am – 8:00 pm
Thursday: 8:30 am – 8:00 pm
Friday: 8:30 am – 8:00 pm
Saturday: Closed
Sunday: Closed",http://www.swordsphysio.ie/,53.458309,-6.217408,"Google Places",ChIJhZzceu4QZ0gRTiFpKHLjurg,https://plus.google.com/110834751806937135360/about?hl=en
"North East Physiotherapy","Grange Clinic, Grange Road, Donagmede, Dublin 13, Ireland","Dublin 13",Dublin,,IE,"087 323 8633",,"physiotherapist, health, establishment",,http://www.northeastphysio.com/,53.394618,-6.164277,"Google Places",ChIJc-0_mlcFZ0gR1DJim6ie4Zs,https://plus.google.com/105782163342126284094/about?hl=en
"Rathdown Physiotherapy Ltd","26 Templeogue Road, Dublin, Ireland","Dublin City",Dublin,,IE,"(01) 492 4426",,"physiotherapist, health, establishment",,http://www.whatclinic.com/physiotherapy/ireland/county-dublin/dublin/terenure,53.308659,-6.286075,"Google Places",ChIJ9aH2KyM1RUgR8_wEz2YhF48,https://plus.google.com/115796901683106629585/about?hl=en
"Southsidephysiotharapy Clinic","43 Wesley Lawns, Co. Dun Laoghaire, Ireland",,"Dun Laoghaire",,IE,"(028) 97171",,"physiotherapist, health, establishment",,http://www.southsidephysio.com,53.278379,-6.240093,"Google Places",ChIJEbnUZXoJZ0gR678-lmM_h8U,https://plus.google.com/112695951508947313567/about?hl=en
"The Grove Physiotherapy and Rehabilitaiton Clinic","Unit 13, Celbridge, Co. Kildare, Ireland",Celbridge,Kildare,,IE,"086 168 4028",,"health, establishment",,http://www.grovephysio.ie/,53.358146,-6.548398,"Google Places",ChIJNTr9a7RxZ0gR5Lxd457LJRk,https://plus.google.com/112528803194812618913/about?hl=en
"Physio Needs Ltd.","10 Bath Street, Dublin 4, Ireland","Dublin 4",Dublin,,IE,"(01) 660 2808",,"physiotherapist, store, health, establishment","Monday: 9:00 am – 5:00 pm
Tuesday: 9:00 am – 5:00 pm
Wednesday: 9:00 am – 5:00 pm
Thursday: 9:00 am – 5:00 pm
Friday: 9:00 am – 5:00 pm
Saturday: Closed
Sunday: Closed",http://www.physioneeds.biz/,53.339608,-6.22297,"Google Places",ChIJPSUSSuYOZ0gROHAP7mVz1t4,https://plus.google.com/107334768890641767550/about?hl=en
"Sports Massage Therapy","89 Waterloo Road, Dublin 4, Ireland","Dublin 4",Dublin,,IE,"089 445 9747",,"health, establishment",,https://plus.google.com/101871331621305367959/about?hl=en,53.32907,-6.245416,"Google Places",ChIJX9eltzMJZ0gR47zexPeij58,https://plus.google.com/101871331621305367959/about?hl=en
"Physio Fusion Dublin","16 Warners Lane, Dartmouth Road, Dublin, Ireland",Dublin,Dublin,,IE,"(01) 607 7104",,"physiotherapist, health, establishment",,http://www.physiofusion.ie/,53.330635,-6.252969,"Google Places",ChIJRV_ea6MOZ0gRPnLPseODf6Q,https://plus.google.com/108129482565072988207/about?hl=en
"OPM Ltd","Unit 21 Cookstown Enterprise Park, Cookstown, Dublin 24, Ireland","Dublin 24",Dublin,,IE,"(01) 463 0090",,establishment,,http://www.opm.ie/,53.291925,-6.374838,"Google Places",ChIJ2akO57N0Z0gR_yyu_6wu_7s,https://plus.google.com/111620824364716566270/about?hl=en
"CCM Recruitment International Ltd","64 Lower Gardiner St, Dublin1, Ireland",Dublin1,Dublin,,IE,"(01) 836 6092",,establishment,,http://www.ccmrecruitment.com/,53.350344,-6.253957,"Google Places",ChIJLbfeRo8OZ0gRwP1vjk2gvJ4,https://plus.google.com/115136013810354437648/about?hl=en
"Melt Natural Healing Centre","2 Temple Lane South, Dublin 2, Ireland","Dublin 2","Co. Dublin",,IE,"(01) 679 8786",,"beauty_salon, health, establishment","Monday: 9:30 am – 9:00 pm
Tuesday: 9:30 am – 9:00 pm
Wednesday: 9:30 am – 9:00 pm
Thursday: 9:30 am – 9:00 pm
Friday: 9:30 am – 9:00 pm
Saturday: 10:00 am – 7:00 pm
Sunday: 10:00 am – 7:00 pm",http://www.meltonline.com/,53.34453,-6.264382,"Google Places",ChIJrS-91JwOZ0gRtm7P7ZgrLCM,https://plus.google.com/110758921450551687758/about?hl=en
"Mount Merrion Pilates","105 Trees Road Upper, Mount Merrion, Co. Dublin, Ireland",,Dublin,,IE,"(01) 283 4303",,establishment,,http://mmphysiopilates.com/,53.291932,-6.215539,"Google Places",ChIJ19ljlhcJZ0gRf9GYaw_j9hA,https://plus.google.com/114139045876406982642/about?hl=en
"Physiofit Woman","Suite 2, Cubes 3, Beacon South Quarter, Sandyford, Dublin 18, Ireland","Dublin 18",,,IE,"(01) 293 2969",,"physiotherapist, health, establishment","Monday: Closed
Tuesday: 12:00 – 8:00 pm
Wednesday: 12:00 – 8:00 pm
Thursday: 12:00 – 8:00 pm
Friday: 12:00 – 8:00 pm
Saturday: 10:00 am – 4:00 pm
Sunday: Closed",http://www.physiofitwoman.ie/,53.2768,-6.217037,"Google Places",ChIJjVbBUAkJZ0gRXXkI1NObNmw,https://plus.google.com/110406554697295438703/about?hl=en
"Lisa Kernan & Associates,","16 Kincora Avenue, Dublin 3, Ireland","Dublin 3",Dublin,,IE,"(01) 833 7809",,"physiotherapist, health, establishment",,http://www.lisakernan.ie/,53.363636,-6.209772,"Google Places",ChIJRV635KsPZ0gR1rh_G8AGFpM,https://plus.google.com/107823634905074676225/about?hl=en
"PhysioCare Blanchardstown","32 Clonsilla Road, Blanchardstown, Co. Dublin, Ireland",Blanchardstown,Dublin,,IE,"(01) 531 0001",,"physiotherapist, health, establishment","Monday: 8:00 am – 8:00 pm
Tuesday: 8:00 am – 8:00 pm
Wednesday: 8:00 am – 8:00 pm
Thursday: 8:00 am – 8:00 pm
Friday: 8:00 am – 8:00 pm
Saturday: 10:00 am – 3:00 pm
Sunday: Closed",http://www.physio.ie/,53.387596,-6.382899,"Google Places",ChIJ68k6I1ENZ0gRviQt0oytLco,https://plus.google.com/112657764705480930845/about?hl=en
"PhysioCare Head Office","47 Rushbrook, Blanchardstown Village, Co. Dublin, Ireland","Blanchardstown Village",Dublin,,IE,"(01) 531 0018",,"physiotherapist, health, establishment","Monday: 9:00 am – 4:00 pm
Tuesday: 9:00 am – 4:00 pm
Wednesday: 9:00 am – 4:00 pm
Thursday: 9:00 am – 4:00 pm
Friday: 9:00 am – 4:00 pm
Saturday: Closed
Sunday: Closed",http://www.physio.ie/,53.385948,-6.380666,"Google Places",ChIJ80qnU1ENZ0gRS9FRGgqpvTE,https://plus.google.com/107428093720787571084/about?hl=en
"The Dalkey Clinic","5 Ulverton Rd, Dalkey, Co. Dublin, Ireland","Dublin City",Dublin,,IE,"(01) 236 9758",,"dentist, health, establishment","Monday: 8:00 am – 6:00 pm
Tuesday: 8:00 am – 7:00 pm
Wednesday: 8:00 am – 7:00 pm
Thursday: 8:00 am – 7:00 pm
Friday: 8:00 am – 7:00 pm
Saturday: 8:00 am – 5:00 pm
Sunday: Closed",http://www.dalkeyclinic.com/,53.278329,-6.106896,"Google Places",ChIJE4mJT0sGZ0gR5l7BGhBNVNM,https://plus.google.com/106748828958841232672/about?hl=en
"Straight Blast Gym Ireland - HQ","Unit 1a, Concorde Industrial Estate, Naas Road, Dublin 12, Ireland","Dublin 12",Dublin,,IE,"(01) 460 4845",4.9,"school, establishment","Monday: 6:30 am – 10:00 pm
Tuesday: 6:30 am – 10:00 pm
Wednesday: 6:30 am – 10:00 pm
Thursday: 6:30 am – 10:00 pm
Friday: 6:30 am – 9:00 pm
Saturday: 10:00 am – 2:00 pm
Sunday: Closed",http://www.sbgireland.com/,53.327416,-6.338124,"Google Places",ChIJa46jOJEMZ0gRLbjQ-4Crexg,https://plus.google.com/107204444450794299911/about?hl=en
"Priory Clinic Stillorgan","18 Priory Hall, Stillorgan, Co. Dublin, Ireland",Stillorgan,Dublin,,IE,"1800 254 642",,"health, establishment","Monday: 7:00 am – 9:00 pm
Tuesday: 7:00 am – 9:00 pm
Wednesday: 7:00 am – 9:00 pm
Thursday: 7:00 am – 9:00 pm
Friday: 7:00 am – 9:00 pm
Saturday: Closed
Sunday: Closed",http://www.prioryclinic.com/,53.294169,-6.201953,"Google Places",ChIJ881E9B8JZ0gRFAT3coSyID8,https://plus.google.com/104182695999841705994/about?hl=en
"Priory Clinic Dublin","4 Shelton Drive, Kimmage, Dublin, Ireland",Dublin,Dublin,,IE,"1800 254 642",,"physiotherapist, health, establishment","Monday: 7:00 am – 9:00 pm
Tuesday: 7:00 am – 9:00 pm
Wednesday: 7:00 am – 9:00 pm
Thursday: 7:00 am – 9:00 pm
Friday: 7:00 am – 9:00 pm
Saturday: 7:00 am – 5:00 pm
Sunday: Closed",http://www.prioryclinic.com/,53.312922,-6.309772,"Google Places",ChIJQbJZ1HgMZ0gRylVo6nTw1wk,https://plus.google.com/114919410677399878966/about?hl=en
"Exwell Medical","9 Collins Avenue, Dublin 9, Ireland","Dublin 9",Dublin,,IE,"(01) 700 6270",,"health, establishment",,http://www.exwellmedical.ie,53.385511,-6.254386,"Google Places",ChIJ8cKGawwOZ0gR-Z8H8Lp9VZY,https://plus.google.com/111066728563125849073/about?hl=en
"Louise O' Rourke","Naas Road, Kingswood, Dublin 22, Ireland","Dublin 22","Co. Dublin",,IE,"087 937 6858",,"physiotherapist, health, establishment","Monday: 9:00 am – 4:00 pm
Tuesday: 9:00 am – 10:00 pm
Wednesday: 9:00 am – 10:00 pm
Thursday: 9:00 am – 10:00 pm
Friday: Closed
Saturday: 9:00 am – 2:30 pm
Sunday: Closed",http://www.louiseorourkephysiotherapy.ie/,53.299898,-6.420715,"Google Places",ChIJ_yvyLVxzZ0gRs6sVvZNPjxM,https://plus.google.com/117684467512743985885/about?hl=en
"St. Doolagh's Park Care & Rehabilitation Centre","Malahide Road, Balgriffin, Dublin 17, Ireland","Dublin 17",,,IE,"(01) 847 7950",,"lodging, establishment",,http://www.trinitycare.ie/St__Doolagh_s_Park/97,53.413692,-6.175323,"Google Places",ChIJozvRRQIQZ0gRJWppkxV5x54,https://plus.google.com/107212978645359694639/about?hl=en
"ArtMedica Clinic","John Street North, Smithfield, Dublin 7, Ireland","Dublin 7",Dublin,,IE,"087 955 5623",,"dentist, physiotherapist, health, establishment","Monday: 10:00 am – 6:00 pm
Tuesday: 10:00 am – 6:00 pm
Wednesday: 10:00 am – 6:00 pm
Thursday: 10:00 am – 6:00 pm
Friday: 10:00 am – 6:00 pm
Saturday: 10:00 am – 2:00 pm
Sunday: Closed",http://www.artmedica.ie/,53.347155,-6.281638,"Google Places",ChIJ59wuMy4MZ0gR5kSbJi-XOjo,https://plus.google.com/116882677597721331131/about?hl=en
"Medfit Wellness & Rehabilitation","Blackrock Business Park, Carysfort Ave, Blackrock, Co. Dublin, Ireland",Blackrock,Dublin,,IE,"(01) 278 4423",,"gym, physiotherapist, health, establishment","Monday: 6:30 am – 8:30 pm
Tuesday: 6:30 am – 8:30 pm
Wednesday: 6:30 am – 8:30 pm
Thursday: 6:30 am – 8:30 pm
Friday: 6:30 am – 8:30 pm
Saturday: 10:00 am – 4:00 pm
Sunday: Closed",http://www.medfit.ie/,53.298534,-6.178764,"Google Places",ChIJB1C6gsEIZ0gRUN73ERuzhUE,https://plus.google.com/109156776702104488658/about?hl=en
"KeepRite Physio","126 Terenure Rd N, Terenure, Dublin, Ireland",Dublin,Dublin,,IE,"(01) 492 8280",,establishment,"Monday: 9:30 am – 9:00 pm
Tuesday: 9:30 am – 9:00 pm
Wednesday: 9:30 am – 5:00 pm
Thursday: 9:30 am – 7:00 pm
Friday: 9:30 am – 5:00 pm
Saturday: 9:30 am – 1:00 pm
Sunday: Closed",http://www.keepritephysio.com/,53.310397,-6.283375,"Google Places",ChIJLfAuvvULZ0gRwaM7aK7J9mQ,https://plus.google.com/115112644502971458323/about?hl=en
"Medfit Proactive Healthcare","Blackrock Business Park, Carysfort Avenue, Blackrock, Co. Dublin, Ireland",Blackrock,Dublin,,IE,"(01) 278 4423",,"health, physiotherapist, gym, establishment","Monday: 6:30 am – 8:30 pm
Tuesday: 6:30 am – 8:30 pm
Wednesday: 6:30 am – 8:30 pm
Thursday: 6:30 am – 8:30 pm
Friday: 6:30 am – 8:30 pm
Saturday: 8:00 am – 4:00 pm
Sunday: Closed",http://www.medfit.ie/,53.298222,-6.178764,"Google Places",ChIJJXnHn8EIZ0gRpVZvpGN90aQ,https://plus.google.com/101687848565383827735/about?hl=en
"Irish Institute Of Nlp","84 Sundrive Road, Crumlin, Dublin 12, Ireland","Dublin 12",Dublin,,IE,"(01) 490 2923",,establishment,,http://www.nlp.ie/,53.321974,-6.294357,"Google Places",ChIJv_izb3gMZ0gR_G30poQXUiA,https://plus.google.com/116233903421205553562/about?hl=en
"Myoreflex · Hagen Stroh","The Cova, Trafalgar Road, Greystones, Co. Wicklow, Ireland",Greystones,Wicklow,,IE,"(01) 255 7846",,"physiotherapist, health, establishment","Monday: 8:00 am – 8:00 pm
Tuesday: 8:00 am – 8:00 pm
Wednesday: 8:00 am – 8:00 pm
Thursday: 8:00 am – 8:00 pm
Friday: 8:00 am – 8:00 pm
Saturday: Closed
Sunday: Closed",http://www.myoreflex.ie/,53.148442,-6.064493,"Google Places",ChIJ_1iTlCyvZ0gR8dWexnFX-vw,https://plus.google.com/115965829636657640803/about?hl=en
"Live & Breathe Pilates","20 Camden Row, Dublin 8, Ireland","Dublin 8",Dublin,,IE,"(01) 554 9710",,"gym, health, establishment","Monday: 8:00 am – 9:00 pm
Tuesday: 8:00 am – 9:00 pm
Wednesday: 8:00 am – 9:00 pm
Thursday: 8:00 am – 9:00 pm
Friday: 8:00 am – 7:00 pm
Saturday: 10:00 am – 3:00 pm
Sunday: Closed",http://www.liveandbreathepilates.com/,53.336292,-6.268679,"Google Places",ChIJoU3Rjh8MZ0gRqIvTb1ogFQk,https://plus.google.com/117266920130856424006/about?hl=en
"Charter Medical","The Forge, Smithfield Market, Dublin 7, Ireland",,Dublin,,IE,"(01) 657 9000",,"physiotherapist, hospital, health, establishment","Monday: 9:00 am – 6:00 pm
Tuesday: 9:00 am – 6:00 pm
Wednesday: 9:00 am – 6:00 pm
Thursday: 9:00 am – 6:00 pm
Friday: 9:00 am – 6:00 pm
Saturday: Closed
Sunday: Closed",http://www.chartermedical.ie/,53.349602,-6.278268,"Google Places",ChIJz8z1W50OZ0gRCby7CXqPCnQ,https://plus.google.com/104988406238131666808/about?hl=en
"Mespil Swimming Pool","Mespil Apartments, Sussex Road, Dublin 4, Ireland","Dublin 4",Dublin,,IE,"086 856 7603",,establishment,,http://www.mespilpool.com/,53.330941,-6.250341,"Google Places",ChIJwYTsrbwOZ0gRAc0xxDumt7Y,https://plus.google.com/107625849918445071041/about?hl=en
"The Mulberry Bush - Childcare & Preschool","4 St Gall Gardens S, Co. Dun Laoghaire-Rathdown, Ireland","Dun Laoghaire-Rathdown","Dun Laoghaire-Rathdown",,IE,"(01) 298 7866",,"school, establishment","Monday: 7:30 am – 6:30 pm
Tuesday: 7:30 am – 6:30 pm
Wednesday: 7:30 am – 6:30 pm
Thursday: 7:30 am – 6:30 pm
Friday: 7:30 am – 6:30 pm
Saturday: Closed
Sunday: Closed",http://www.themulberrybush.info/,53.304188,-6.249338,"Google Places",ChIJqTsV7VAJZ0gRGJH4izCfmwQ,https://plus.google.com/116089974987324269789/about?hl=en
"Westpark Fitness","Greenhills Road, Tallaght, Co. Dublin, Ireland",Tallaght,Dublin,,IE,"(01) 462 6911",,"gym, health, establishment","Monday: 6:00 am – 10:00 pm
Tuesday: 6:00 am – 10:00 pm
Wednesday: 6:00 am – 10:00 pm
Thursday: 6:00 am – 10:00 pm
Friday: 6:00 am – 10:00 pm
Saturday: 8:00 am – 6:00 pm
Sunday: 8:00 am – 6:00 pm",http://www.westpark.ie/,53.291407,-6.356859,"Google Places",ChIJIZ-OzUgLZ0gRUKhyDg9pze4,https://plus.google.com/111031618416257305498/about?hl=en
"Patricia Loughlin","67 Camden Street Lower, Dublin 2, Ireland","Dublin 2",Dublin,,IE,"087 620 9892",,"health, establishment",,http://www.reikiinireland.com/,53.334806,-6.265492,"Google Places",ChIJFcsK_J8OZ0gRDMCIam78OXU,https://plus.google.com/108103732110192919021/about?hl=en
"New Leaf Acupuncture, Portobello, Dublin","15 Grantham Street, Dublin 8, Ireland","Dublin 8",Dublin,,IE,"087 263 2732",,"health, establishment","Monday: 8:00 am – 8:00 pm
Tuesday: 8:00 am – 8:00 pm
Wednesday: 8:00 am – 8:00 pm
Thursday: 8:00 am – 8:00 pm
Friday: 8:00 am – 8:00 pm
Saturday: Closed
Sunday: Closed",http://www.newleafacupuncture.ie/,53.333922,-6.267893,"Google Places",ChIJLyJViR8MZ0gRAEztlk80l7o,https://plus.google.com/115882215214363974920/about?hl=en
"Patricia Loughlin","28 William Street South, Dublin 2, Ireland","Dublin 2",Dublin,,IE,"087 620 9892",,"health, establishment","Monday: 9:00 am – 8:00 pm
Tuesday: 9:00 am – 8:00 pm
Wednesday: 9:00 am – 9:00 pm
Thursday: 9:00 am – 8:00 pm
Friday: 9:00 am – 8:00 pm
Saturday: 9:00 am – 6:30 pm
Sunday: 9:00 am – 6:30 pm",http://www.reikiinireland.com/,53.341576,-6.263119,"Google Places",ChIJy0-5SJwOZ0gReKxekteZy5o,https://plus.google.com/106475422947453482669/about?hl=en
"New Leaf Acupuncture Clinic, Dublin","212 Kimmage Road Lower, Dublin 6W, Ireland","Dublin 6W",,,IE,"087 263 2732",,"health, establishment","Monday: 8:00 am – 8:00 pm
Tuesday: 8:00 am – 8:00 pm
Wednesday: 8:00 am – 8:00 pm
Thursday: 8:00 am – 8:00 pm
Friday: 8:00 am – 8:00 pm
Saturday: Closed
Sunday: Closed",http://www.newleafacupuncture.ie/,53.318307,-6.291663,"Google Places",ChIJgyPkPnMMZ0gRdbD9abwspPc,https://plus.google.com/104377499298821809663/about?hl=en
"New Leaf Acupuncture, Rathfarnham","50 Marian Road, Dublin, Ireland",Dublin,Dublin,,IE,"087 263 2732",,"health, establishment","Monday: 9:00 am – 8:00 pm
Tuesday: 9:00 am – 8:00 pm
Wednesday: 9:00 am – 8:00 pm
Thursday: 9:00 am – 8:00 pm
Friday: 9:00 am – 8:00 pm
Saturday: Closed
Sunday: Closed",http://www.newleafacupuncture.ie/,53.292746,-6.297655,"Google Places",ChIJKbfBZJcLZ0gR4UaBppzuZ7I,https://plus.google.com/106998367494474038804/about?hl=en
"Massage for Babies","Dundrum Methodist Church, Ballinteer Rd, Dundrum, Co. Dublin, Ireland",Dundrum,Dublin,,IE,"086 107 9176",,"health, establishment",,http://www.massageforbabies.weebly.com/,53.276487,-6.243641,"Google Places",ChIJicmI5nsJZ0gRNxaXbD9gwHk,https://plus.google.com/116149331853682064189/about?hl=en
Happythreads,"Unit 20B, KCR Industrial Estate, Kimmage, Dublin 12, Ireland","Dublin 12","Co. Dublin",,IE,"(01) 868 4323",,"clothing_store, store, establishment","Monday: 9:00 am – 5:30 pm
Tuesday: 9:00 am – 5:30 pm
Wednesday: 9:00 am – 5:30 pm
Thursday: 9:00 am – 5:30 pm
Friday: 9:00 am – 5:30 pm
Saturday: Closed
Sunday: Closed",http://www.happythreads.com/,53.315484,-6.299205,"Google Places",ChIJeYySGHcMZ0gRiir8rBqMcTw,https://plus.google.com/114221107218957226839/about?hl=en
"Annesley Medical","http://www.annesleymedical.com/index.html, 83 Annesley Bridge, North Strand Road, North Strand, Dublin 3, Ireland","Dublin 3","Co. Dublin",,IE,"(01) 836 3126",,"health, establishment",,http://www.annesleymedical.com/index.html,53.360351,-6.239589,"Google Places",ChIJ2Sgh_F4OZ0gROcDRXH9KOwI,https://plus.google.com/110558988994678302622/about?hl=en
"Reiki in Ireland","42 Beech Rd., Foxrock, Dublin 18, Dublin, Ireland",Dublin,Dublin,,IE,"087 620 9892",,"health, establishment","Monday: 10:00 am – 8:00 pm
Tuesday: 10:00 am – 8:00 pm
Wednesday: 10:00 am – 8:00 pm
Thursday: 10:00 am – 8:00 pm
Friday: 10:00 am – 8:00 pm
Saturday: 10:00 am – 8:00 pm
Sunday: 10:00 am – 8:00 pm",http://www.reikiinireland.com/,53.272616,-6.168061,"Google Places",ChIJ3VQu2l8IZ0gRbwev0qR_aqg,https://plus.google.com/114325946181872308398/about?hl=en
"Tos (Limerick) Limited","1 High Street, Dublin 8, Ireland","Dublin 8",Dublin,,IE,"(061) 313 646",,establishment,,http://limerick.yalwa.ie/,53.343282,-6.27246,"Google Places",ChIJfVa0Z_FQXEgRddQeY1NTmRU,https://plus.google.com/114468967607165373191/about?hl=en
"Fiona Byrne","172 Alderbrook Vale, Ashbourne, Co. Meath, Ireland",Ashbourne,Meath,,IE,"087 972 6887",,"health, establishment",,http://www.reflexology.ie/,53.505523,-6.393442,"Google Places",ChIJrbOjnsEUZ0gRo4ke5H9PuLI,https://plus.google.com/117751810565392769115/about?hl=en
"Boroimhe Medical Centre","Forest Rd, Swords, Co. Dublin, Ireland",Swords,Dublin,,IE,"(01) 840 6423",,"health, doctor, establishment",,http://www.boroimhemedicalcentre.ie/,53.446583,-6.237702,"Google Places",ChIJbYYMTgARZ0gRoNBCNEM5sSU,https://plus.google.com/100493463300249590739/about?hl=en
"Cualann Clinic","Southern Cross Road, Bray, Co. Wicklow, Ireland",Wicklow,Wicklow,,IE,"(01) 276 5013",,"physiotherapist, health, establishment","Monday: 7:00 am – 5:30 pm
Tuesday: 7:00 am – 9:00 pm
Wednesday: 7:00 am – 5:30 pm
Thursday: 7:00 am – 9:00 pm
Friday: 7:00 am – 5:30 pm
Saturday: 9:00 am – 5:00 pm
Sunday: Closed",http://www.cualannclinic.com/,53.183558,-6.123684,"Google Places",ChIJ-XO_nymmZ0gRjkFWdk5bK9Q,https://plus.google.com/116958258487284565032/about?hl=en
"IFSC Physiotherapy & Sports Injury Clinic @ Cusom House Square Medical Centre","Custom House Square, Mayor Street Lower, International Financial Services Centre, Dublin 1, Ireland","Dublin 1",Dublin,,IE,"087 125 1975",,"health, establishment","Monday: 8:00 am – 7:30 pm
Tuesday: 8:00 am – 7:30 pm
Wednesday: 8:00 am – 7:30 pm
Thursday: 8:00 am – 7:30 pm
Friday: 10:00 am – 2:00 pm
Saturday: Closed
Sunday: Closed",http://www.ifscphysio.com/,53.349373,-6.244682,"Google Places",ChIJjYvyCIUOZ0gRTiPt6KXWlEQ,https://plus.google.com/113238194886181836232/about?hl=en
"Riverview Physiotherapy & Sports Injury Clinic","Beech Hill, Clonskeagh, Dublin, Ireland",Dublin,Dublin,,IE,"(01) 218 9623",,establishment,,https://plus.google.com/115445814000772483205/about?hl=en,53.315861,-6.234342,"Google Places",ChIJkffVZ7UOZ0gRmWjfp1K8PRU,https://plus.google.com/115445814000772483205/about?hl=en
"The Physiotherapy Clinic","4, Garville Terrace, Rathgar Rd, Dublin, Ireland",Dublin,Dublin,,IE,"(01) 491 2064",,establishment,,https://plus.google.com/106994425707503439463/about?hl=en,53.315026,-6.272472,"Google Places",ChIJSTzPrAcMZ0gRYW-T_dImA2o,https://plus.google.com/106994425707503439463/about?hl=en
"Sundrive Physiotherapy & Sports Injury Clinic","34 Sundrive Road, Crumlin, Dublin, Ireland",Dublin,Dublin,,IE,"(01) 490 7067",,establishment,,http://www.sundrivephysio.com/,53.320469,-6.292626,"Google Places",ChIJIfkv6nIMZ0gRMJuiemcNv3s,https://plus.google.com/105465745115631163464/about?hl=en
"KCR Physiotherapy Clinic","132 Terenure Rd W, Terenure, Dublin, Ireland",Dublin,Dublin,,IE,"(01) 490 8371",,establishment,,https://plus.google.com/104681877998599548319/about?hl=en,53.311618,-6.298727,"Google Places",ChIJWVkELnYMZ0gRXKf-3SjO7jg,https://plus.google.com/104681877998599548319/about?hl=en
"Beacon Hospital Physiotherapy Department","Beacon Hospital, Sandyford, Dublin, Ireland",Dublin,Dublin,,IE,"(01) 293 6692",,establishment,,https://plus.google.com/117798346336121925644/about?hl=en,53.276534,-6.220442,"Google Places",ChIJ217m458JZ0gRlVUOi1d3GTE,https://plus.google.com/117798346336121925644/about?hl=en
"Advanced Physiotherapy","202 Kimmage Road West, Kimmage, Dublin, Ireland",Dublin,Dublin,,IE,"(01) 455 4444",,establishment,,http://www.advanced-physiotherapy.ie/,53.316482,-6.316622,"Google Places",ChIJb_wE7H0MZ0gRz5Lw_nriJ54,https://plus.google.com/104310205678243657731/about?hl=en
"North Dublin Physiotherapy","16 Kincora Avenue, Dublin, Ireland",Dublin,Dublin,,IE,"(01) 833 7809",,establishment,,https://plus.google.com/101996452728843339514/about?hl=en,53.363719,-6.209721,"Google Places",ChIJjalT-6sPZ0gR0GXNzAmXaP4,https://plus.google.com/101996452728843339514/about?hl=en
"Drumcondra Physiotherapy & Sports Injury Clinic","128 Lower Drumcondra Rd, Dublin, Ireland",Dublin,Dublin,,IE,"(01) 830 2860",,establishment,,https://plus.google.com/101652661602067983310/about?hl=en,53.366735,-6.255724,"Google Places",ChIJNR8feGUOZ0gRW9TlfOseNyg,https://plus.google.com/101652661602067983310/about?hl=en
"Crumlin Physiotherapy & Sports Injury Clinic","1 Errigal Road, Dublin, Ireland",Dublin,Dublin,,IE,"(01) 455 3688",,establishment,,https://plus.google.com/108811044617365351276/about?hl=en,53.325288,-6.321629,"Google Places",ChIJT5Na7YkMZ0gRblMjuTokkWk,https://plus.google.com/108811044617365351276/about?hl=en
"Tallaght Physiotherapy Clinic","50 Bancroft Rd, Dublin, Ireland",Dublin,Dublin,,IE,"(01) 462 4999",,establishment,,https://plus.google.com/100047867613463052949/about?hl=en,53.291462,-6.351034,"Google Places",ChIJP_lZfEYLZ0gRg0vs-vnGBF4,https://plus.google.com/100047867613463052949/about?hl=en
"Sandycove Physiotherapy & Sports Injury Clinic","31 Glasthule Rd, Sandycove, Co. Dublin, Ireland",Sandycove,Dublin,,IE,"(01) 214 0575",,establishment,,http://sandycovephysio.com/,53.286211,-6.120516,"Google Places",ChIJFTEPOTcGZ0gRT_hVpBcBjSA,https://plus.google.com/112584760788588025879/about?hl=en
"Kiltipper Woods Physiotherapy and Hydrotherapy Clinic Dublin","24 Whitestown Way, Dublin 24, Ireland","Dublin 24",Dublin,,IE,"(01) 462 5277",,"physiotherapist, health, establishment","Monday: 8:00 am – 8:00 pm
Tuesday: 8:00 am – 8:00 pm
Wednesday: 8:00 am – 8:00 pm
Thursday: 8:00 am – 8:00 pm
Friday: 8:00 am – 6:00 pm
Saturday: Closed
Sunday: Closed",http://www.kwphysio.ie/,53.267015,-6.365743,"Google Places",ChIJkbyE_tR0Z0gRDv-xZmWppuU,https://plus.google.com/116402691858420688151/about?hl=en
"Malahide Physiotherapy Clinic","2, Castle Terrace, Main Street, Malahide, Co. Dublin, Ireland",Malahide,Dublin,,IE,"(01) 845 1222",,"physiotherapist, health, establishment","Monday: 8:00 am – 8:00 pm
Tuesday: 8:00 am – 8:00 pm
Wednesday: 8:00 am – 8:00 pm
Thursday: 8:00 am – 8:00 pm
Friday: 8:00 am – 8:00 pm
Saturday: Closed
Sunday: Closed",http://www.malahidephysiotherapy.com/,53.450185,-6.15623,"Google Places",ChIJKWj7u2EaZ0gRJBnZ5oXPXtQ,https://plus.google.com/110315653002069380569/about?hl=en
"Bray Physiotherapy & Sports Injury Clinic","8, Duncairn Terrace, Quinsborough Rd, Bray, Co. Wicklow, Ireland",Bray,Wicklow,,IE,"(01) 286 0410",,establishment,,https://plus.google.com/111933988022066625755/about?hl=en,53.205203,-6.104101,"Google Places",ChIJ_R4_0W6oZ0gRQ0_25dcxvtk,https://plus.google.com/111933988022066625755/about?hl=en
"Dunboyne Physiotherapy & Sports Injury Clinic","Main Street, Dunboyne, Co. Meath, Ireland",Dunboyne,Meath,,IE,"(01) 825 1121",,establishment,,https://plus.google.com/100001235189839873639/about?hl=en,53.418983,-6.476644,"Google Places",ChIJj3LnjbltZ0gROpXfPsB9AsE,https://plus.google.com/100001235189839873639/about?hl=en
"Liffey View Physiotherapy","Riverview House, Celbridge, Co. Kildare, Ireland",Celbridge,Kildare,,IE,"(01) 627 3939",,establishment,,http://www.liffeyviewphysio.ie/liffeyviewphysiothearpy.html,53.380633,-6.518159,"Google Places",ChIJWVrwYONxZ0gRHkWWungFMw0,https://plus.google.com/105041257274055252178/about?hl=en
"Applewood Physiotherapy","Roches Clinic, Blacklion, Greystones, Co. Wicklow, Ireland",Greystones,Wicklow,,IE,"(01) 287 3232",,establishment,,http://www.physiogreystones.com/,53.150116,-6.081383,"Google Places",ChIJbRS428qoZ0gRF1mX32fu4PQ,https://plus.google.com/107456696584568214045/about?hl=en
"Greystones Physiotherapy & Sports Injury Clinic","Trafalgar House, Trafalgar Rd, Greystones, Co. Wicklow, Ireland",Greystones,Wicklow,,IE,"(01) 287 7224",,establishment,,https://plus.google.com/110758866437026052547/about?hl=en,53.149065,-6.065144,"Google Places",ChIJn4MpxyyvZ0gRancDhtz47pk,https://plus.google.com/110758866437026052547/about?hl=en
"The O'Reilly Centre","142 Stillorgan Road, Dublin, Ireland",Dublin,Dublin,,IE,"087 744 8782",,"physiotherapist, health, establishment","Monday: 8:00 am – 7:00 pm
Tuesday: 8:00 am – 7:00 pm
Wednesday: 8:00 am – 7:00 pm
Thursday: 8:00 am – 7:00 pm
Friday: 8:00 am – 7:00 pm
Saturday: 8:00 am – 12:00 pm
Sunday: Closed",http://www.theoreillycentre.ie/,53.31245,-6.220917,"Google Places",ChIJ1yP9oR8MZ0gRRyfYSpqLTjE,https://plus.google.com/117486377135096798772/about?hl=en
"The Physio Company","10 Temple Bar, Dublin, Ireland",Dublin,Dublin,,IE,"(01) 679 9685",,establishment,,http://www.thephysiocompany.com/,53.345314,-6.265544,"Google Places",ChIJv2nr0oIOZ0gRF0dQWyHl2YU,https://plus.google.com/112169078022875905684/about?hl=en
"DBC Institute For Sport & Health University College of Dublin","Belfield, Dublin, Ireland",Dublin,Dublin,,IE,"(01) 716 3240",,establishment,,https://plus.google.com/110974604555780311211/about?hl=en,53.304666,-6.22156,"Google Places",ChIJtZawmzAJZ0gRWGBXGpZinH4,https://plus.google.com/110974604555780311211/about?hl=en
"Phoenix Centre","165 New Cabra Rd, Cabra - Glasnevin, Dublin 7, Ireland","Dublin 7","Co. Dublin",,IE,"(01) 838 1621",,"health, establishment",,http://www.phoenixcentre.ie/,53.361547,-6.289877,"Google Places",ChIJL-OlBNQNZ0gRmLAMDPpjC5A,https://plus.google.com/103834676059170323244/about?hl=en
Physicaltherapistdublin,"Patrick Street, Glenageary, Co. Dublin, Ireland",Glenageary,Dublin,,IE,"(01) 236 6648",,"physiotherapist, health, establishment",,http://www.physicaltherapistdublin.ie/,53.290254,-6.138208,"Google Places",ChIJf1hfjSYGZ0gRa1-cdGCbLW8,https://plus.google.com/111164200212691729935/about?hl=en
"Physio Dynamics","Level 4 Dundrum Town Centre, Sandyford Road, Dublin, Ireland",Dublin,Dublin,,IE,"(01) 216 6960",,establishment,,https://plus.google.com/107660654735221304182/about?hl=en,53.27726,-6.23047,"Google Places",ChIJ70mV8XMJZ0gRvo41SSkxzfY,https://plus.google.com/107660654735221304182/about?hl=en
"Phibsborough Acupuncture Clinic","7 Dalymount, Phibsborough, Dublin, Ireland",Dublin,Dublin,,IE,"086 330 3835",,establishment,,https://plus.google.com/109245998125160626202/about?hl=en,53.361002,-6.275808,"Google Places",ChIJAenygdYNZ0gRJllJnFVJhzw,https://plus.google.com/109245998125160626202/about?hl=en
"Fit For Life","2/3, Sandyford Village, Dublin, Ireland",Dublin,Dublin,,IE,"(01) 453 0824",,establishment,,http://fitforlife.ie/,53.270056,-6.224521,"Google Places",ChIJTU74lJ8JZ0gRE95R7QvhthU,https://plus.google.com/100539237674609869106/about?hl=en
"Art Therapy Clinic","36 Rowanbyrn, Blackrock, Co. Dublin, Ireland",Blackrock,Dublin,,IE,"086 243 2930",,establishment,,https://plus.google.com/109798882119691744284/about?hl=en,53.288062,-6.17066,"Google Places",ChIJb44sKpMIZ0gRAImQyfPnCBA,https://plus.google.com/109798882119691744284/about?hl=en
"Pro-Active Health & Fitness","20 Rosemount Avenue, Dublin, Ireland",Dublin,Dublin,,IE,"087 791 0057",,establishment,,https://plus.google.com/108344969721893165420/about?hl=en,53.378738,-6.195839,"Google Places",ChIJPdPqAr8PZ0gRA9NWvLKbZKY,https://plus.google.com/108344969721893165420/about?hl=en
"Donaghmede - Grange Clinic Chiropodist and Podiatrist","The Grange Clinic, Grange Rd, Dublin, Ireland",Dublin,Dublin,,IE,"086 723 4570",,"doctor, health, establishment","Monday: Closed
Tuesday: 10:00 am – 7:00 pm
Wednesday: Closed
Thursday: 10:00 am – 7:00 pm
Friday: Closed
Saturday: Closed
Sunday: Closed",http://www.podiatryservicesnow.com/,53.394628,-6.164201,"Google Places",ChIJdTnimlcFZ0gRJk_Pf1PzEHQ,https://plus.google.com/104965448324063576221/about?hl=en
"Sheehan Medical Practice","21 Summerhill Rd, Dun Laoghaire, Co. Dublin, Ireland","Dun Laoghaire",Dublin,,IE,"(01) 280 6908",,"doctor, health, establishment","Monday: 8:00 am – 7:00 pm
Tuesday: 8:00 am – 7:00 pm
Wednesday: 8:00 am – 7:00 pm
Thursday: 8:00 am – 7:00 pm
Friday: 8:00 am – 7:00 pm
Saturday: Closed
Sunday: Closed",http://www.sheehanmedicalpractice.com/,53.288082,-6.125566,"Google Places",ChIJZxZKgToGZ0gR3Zp7EiRRlDo,https://plus.google.com/117637310042810899118/about?hl=en
"Harbour Clinic","28 Patrick Street, Dun Laoghaire, Co. Dublin, Ireland","Dun Laoghaire",Dublin,,IE,"(01) 236 6648",,"health, establishment","Monday: 10:00 am – 6:00 pm
Tuesday: 10:00 am – 6:00 pm
Wednesday: 10:00 am – 6:00 pm
Thursday: 10:00 am – 6:00 pm
Friday: 10:00 am – 6:00 pm
Saturday: Closed
Sunday: Closed",http://www.physicaltherapistdublin.ie/,53.290918,-6.138067,"Google Places",ChIJzb8KlSYGZ0gRt_l9c2cKTIo,https://plus.google.com/100902676838663871990/about?hl=en
"Primacare / Dundrum Medical and Dental Centre","Garden Level, Leeson Street Upper, Dublin 16, Ireland","Dublin 16",Dublin,,IE,,,"doctor, health, establishment",,http://www.whatclinic.com/doctors/ireland/county-dublin/dublin/dundrum,53.286512,-6.24063,"Google Places",ChIJQWtbVm8JZ0gRROKFrKCzcq0,https://plus.google.com/102873273496646046851/about?hl=en
"Ballyboden St Endas GAA","Firhouse Rd, Dublin 16, Ireland","Dublin 16",,,IE,"(01) 494 7950",,establishment,,http://www.bodengaa.ie/,53.28326,-6.302504,"Google Places",ChIJawrLv3QLZ0gRBWaM51sLcc4,https://plus.google.com/103682594142751267604/about?hl=en
"Dublin Osteopath","Pembroke Osteopathic Clinic Basement, 13 Pembroke Street Lower, Dublin 2, Ireland","Dublin 2","Co. Dublin",,IE,"(01) 233 4103",,"health, establishment","Monday: 8:00 am – 7:00 pm
Tuesday: 8:00 am – 7:00 pm
Wednesday: 8:00 am – 4:30 pm
Thursday: Closed
Friday: 8:00 am – 7:00 pm
Saturday: Closed
Sunday: Closed",http://www.dublinosteopath.ie/,53.336683,-6.252456,"Google Places",ChIJFTCylLsOZ0gRG4Wkrn4DBGA,https://plus.google.com/115575096865419601129/about?hl=en
"www.massage.ie, Camden Court Hotel Leisure Centre","Upper Camden Street, Dublin, Ireland",Dublin,Dublin,,IE,"087 238 0321",,"health, establishment",,http://www.massage.ie/,53.333502,-6.264958,"Google Places",ChIJb4fsDqAOZ0gRXUYp7uGQ9fI,https://plus.google.com/105217435863824645999/about?hl=en
"Dublin Osteopath Myles Cottrell","89 Waterloo Road, Dublin, Ireland",Dublin,Dublin,,IE,"(01) 668 7444",,"physiotherapist, health, establishment",,http://www.dublinosteopath.ie/,53.328957,-6.245257,"Google Places",ChIJFTCylLsOZ0gRRBdycjxZtKE,https://plus.google.com/109910112752657591816/about?hl=en
"Westmoreland College","Dollard House,, 2 Wellington Quay, Dublin, Co. Dublin City, Ireland","Dublin City","Dublin City",,IE,"(01) 679 5324",,establishment,"Monday: 8:30 am – 8:00 pm
Tuesday: 8:30 am – 8:00 pm
Wednesday: 8:30 am – 8:00 pm
Thursday: 8:30 am – 8:00 pm
Friday: 8:30 am – 5:30 pm
Saturday: 9:30 am – 1:30 pm
Sunday: Closed",http://www.westmorelandcollege.ie,53.345365,-6.266959,"Google Places",ChIJ8_sLtIIOZ0gRpX_BOM1mOFc,https://plus.google.com/109267638591747913164/about?hl=en
"Partner Health","Adelaide Court, Adelaide Rd, Dublin 2, Ireland","Dublin 2",Dublin,,IE,"(01) 298 7787",,"doctor, health, establishment","Monday: 9:00 am – 5:00 pm
Tuesday: 9:00 am – 5:00 pm
Wednesday: 9:00 am – 5:00 pm
Thursday: 9:00 am – 5:00 pm
Friday: 9:00 am – 5:00 pm
Saturday: Closed
Sunday: Closed",http://www.partnerhealth.ie/,53.333592,-6.260516,"Google Places",ChIJMTgbwaEOZ0gRKeoBJAd4_Yw,https://plus.google.com/117694265460543963460/about?hl=en
"Marian Sopoliga & Lenka Sopoligova - Reiki Therapists","Castleforbes Square, Dublin 1, Ireland","Dublin 1",Dublin,,IE,"(01) 442 2702",,"health, establishment","Monday: 9:00 am – 8:00 pm
Tuesday: 9:00 am – 8:00 pm
Wednesday: 9:00 am – 8:00 pm
Thursday: 9:00 am – 8:00 pm
Friday: 9:00 am – 8:00 pm
Saturday: 9:00 am – 8:00 pm
Sunday: 9:00 am – 2:00 pm",http://www.complementary-therapists.com/irish-therapists/dublin/marian-lenka.htm,53.349629,-6.232219,"Google Places",ChIJCWR6dvEOZ0gRi4--U5REvMQ,https://plus.google.com/102876961350105050651/about?hl=en
Shimmer,"DCU Innovation Campus, Glasnevin Hill, Dublin 9, Ireland","Dublin 9",Dublin,,IE,"(01) 687 5760",,establishment,"Monday: 8:00 am – 4:30 pm
Tuesday: 8:00 am – 4:30 pm
Wednesday: 8:00 am – 4:30 pm
Thursday: 8:00 am – 4:30 pm
Friday: 8:00 am – 4:30 pm
Saturday: Closed
Sunday: Closed",http://www.shimmersensing.com/,53.376346,-6.270495,"Google Places",ChIJV2-iUtURZ0gRv8Y8dF6hgSM,https://plus.google.com/109058539249363113803/about?hl=en
"Osteopath Dublin - Castlewood Clinic","19 Castlewood Terrace, Dublin 6, Ireland","Dublin 6",Dublin,,IE,"(01) 496 5999",,"health, establishment","Monday: 10:00 am – 5:00 pm
Tuesday: Closed
Wednesday: 10:00 am – 6:00 pm
Thursday: 10:00 am – 7:00 pm
Friday: Closed
Saturday: Closed
Sunday: Closed",http://www.castlewoodclinic.ie/,53.323702,-6.262571,"Google Places",ChIJaxVWSh0MZ0gRahVyXSQ2c1E,https://plus.google.com/114689014495387031143/about?hl=en
"Osteopath Dublin - Castlewood Clinic","19 Castlewood Terrace, Dublin 6, Ireland","Dublin 6",Dublin,,IE,"(01) 496 5999",,"health, establishment","Monday: 10:00 am – 6:00 pm
Tuesday: Closed
Wednesday: 10:00 am – 6:00 pm
Thursday: 10:00 am – 7:00 pm
Friday: Closed
Saturday: Closed
Sunday: Closed",http://www.castlewoodclinic.ie/,53.32358,-6.262604,"Google Places",ChIJrU6lB6gOZ0gRzVtdrZeImk8,https://plus.google.com/103889503590967126012/about?hl=en
"Occupational Health Consultants Ltd","79 Fitzwilliam Lane, Dublin, Ireland",Dublin,Dublin,,IE,"(01) 676 7943",,establishment,"Monday: 9:00 am – 5:00 pm
Tuesday: 9:00 am – 5:00 pm
Wednesday: 9:00 am – 5:00 pm
Thursday: 9:00 am – 5:00 pm
Friday: 9:00 am – 5:00 pm
Saturday: Closed
Sunday: Closed",http://www.ohconsultants.net/,53.338632,-6.251549,"Google Places",ChIJrSNcbpcOZ0gRpVnY4xI1-yQ,https://plus.google.com/114077522724767608916/about?hl=en
"SIGNU SIGNS AND GRAPHICS","2 Waterloo Avenue, North Strand, Dublin 3., Co. Dublin, Ireland","Dublin 3.",Dublin,,IE,"086 848 5243",,"store, establishment","Monday: 9:00 am – 5:00 pm
Tuesday: 9:00 am – 5:00 pm
Wednesday: 9:00 am – 5:00 pm
Thursday: 9:00 am – 5:00 pm
Friday: 9:00 am – 5:00 pm
Saturday: Closed
Sunday: Closed",http://www.signu.ie/,53.358374,-6.242048,"Google Places",ChIJLyra6F8OZ0gR4yE57reRQ40,https://plus.google.com/100718905913753802255/about?hl=en
"Pelko Ltd","8 Castleforbes Road, North Wall, Dublin 1, Ireland","Dublin 1",Dublin,,IE,"(01) 836 5839",,establishment,"Monday: 9:00 am – 5:00 pm
Tuesday: 9:00 am – 5:00 pm
Wednesday: 9:00 am – 5:00 pm
Thursday: 9:00 am – 5:00 pm
Friday: 9:00 am – 1:00 pm
Saturday: Closed
Sunday: Closed",http://www.pelkofurniture.ie/,53.349099,-6.232051,"Google Places",ChIJTf7MoOGZXUgR5ZyYryvotBQ,https://plus.google.com/103291338653043192775/about?hl=en
"Melanie Hoskin","570 Howth Rd, Raheny, Co. Dublin, Ireland",Raheny,Dublin,,IE,"086 241 9685",,establishment,,http://www.clinicofnaturalmedicine.ie/,53.380371,-6.17217,"Google Places",ChIJ7-WBjowPZ0gRVVTClJy09wc,https://plus.google.com/104461711447772535791/about?hl=en
"Bushido Martial Arts & Poise Pilates","BMA Academy of Health & Fitness, Watery Lane, Clondalkin, Co. Dublin, Ireland",Clondalkin,Dublin,,IE,"(01) 464 3657",,"health, school, establishment","Monday: 9:00 am – 9:30 pm
Tuesday: 9:00 am – 7:00 pm
Wednesday: 9:00 am – 9:30 pm
Thursday: 9:00 am – 7:00 pm
Friday: 9:00 am – 9:30 pm
Saturday: 9:30 am – 12:30 pm
Sunday: Closed",http://www.poisepilates.ie/,53.32203,-6.392111,"Google Places",ChIJ7_HP2UVzZ0gRdaBHcsPVrpU,https://plus.google.com/108042260326774906642/about?hl=en
"DX2 Training Solutions","Columba House, Lakeshore Dr, Airside Retail Park, Swords, Co. Dublin, Ireland",,Dublin,,IE,"(01) 442 7650",,establishment,"Monday: 9:30 am – 5:00 pm
Tuesday: 9:30 am – 5:00 pm
Wednesday: 9:30 am – 5:00 pm
Thursday: 9:30 am – 5:00 pm
Friday: 9:30 am – 5:00 pm
Saturday: Closed
Sunday: Closed",http://www.dx2training.ie/,53.445446,-6.224989,"Google Places",ChIJje8HhfgQZ0gRhpLk0R2c8rs,https://plus.google.com/111621078178890157301/about?hl=en
"Lynch Design","16 Brookdale Park, Swords, Co. Dublin, Ireland",Swords,Dublin,,IE,"(01) 807 9748",,establishment,"Monday: 9:00 am – 5:00 pm
Tuesday: 9:00 am – 5:00 pm
Wednesday: 9:00 am – 5:00 pm
Thursday: 9:00 am – 5:00 pm
Friday: 9:00 am – 5:00 pm
Saturday: Closed
Sunday: Closed",http://www.lynchdesign.ie/,53.452756,-6.24852,"Google Places",ChIJM_mpFgURZ0gRzp_FX0w1jDA,https://plus.google.com/102840385153687313759/about?hl=en
"Shiatsu College Dublin","Ralph Square, Leixlip, Co. Kildare, Ireland",Leixlip,Kildare,,IE,"087 261 3355",,"health, establishment","Monday: 9:00 am – 6:00 pm
Tuesday: 9:00 am – 6:00 pm
Wednesday: 9:00 am – 6:00 pm
Thursday: 9:00 am – 6:00 pm
Friday: 9:00 am – 6:00 pm
Saturday: 9:00 am – 6:00 pm
Sunday: 9:00 am – 6:00 pm",http://www.shiatsu.ie/,53.364051,-6.487855,"Google Places",ChIJBQnCWCJyZ0gRLFLypAp8ZrU,https://plus.google.com/102829476474532040433/about?hl=en
"Safety First Training","Ireland, 15 Adelaide Road, Dún Laoghaire, Co. Dublin, Ireland",,Dublin,,IE,"086 805 9088",,"health, establishment",,http://www.safetyfirsttraining.ie/,53.291802,-6.131052,"Google Places",ChIJJV4QqecHZ0gR42Qk49qKX5k,https://plus.google.com/112328587653232932866/about?hl=en
