Name,"Full Address",City,County/State,Postcode,Country,"Telephone Number",Rating,Keywords,"Opening hours",URL,Latitude,Longitude,"Data Source","Data Source Identifer"
"Dublin Holistic Massage","19 Talbot Street, Dublin 1, Ireland","Dublin 1","Co. Dublin",,IE,"085 774 7474",,"health, establishment","Monday: 9:00 am – 9:00 pm
Tuesday: 9:00 am – 9:00 pm
Wednesday: 9:00 am – 9:00 pm
Thursday: 9:00 am – 9:00 pm
Friday: 9:00 am – 9:00 pm
Saturday: 9:00 am – 9:00 pm
Sunday: 9:00 am – 9:00 pm",http://www.dublinholisticmassage.com/,53.350706,-6.25493,"Google Places",ChIJrVCRUY8OZ0gR7OWmnxfmUbs,https://plus.google.com/113905626145902080671/about?hl=en
"Summerhill House Hotel Wicklow","Enniskerry, Enniskerry, Co. Wicklow, Ireland",Enniskerry,Wicklow,,IE,"(01) 286 7928",,"lodging, establishment","Monday: Open 24 hours
Tuesday: Open 24 hours
Wednesday: Open 24 hours
Thursday: Open 24 hours
Friday: Open 24 hours
Saturday: Open 24 hours
Sunday: Open 24 hours",http://www.summerhillhousehotel.com/,53.190376,-6.163995,"Google Places",ChIJm7uHcK2nZ0gReFXKscPdbLI,https://plus.google.com/115249858211473339415/about?hl=en
"Traffichemy Internet Marketing","Pembroke Square, Grand Canal Street Upper, Dublin, Ireland",Dublin,Dublin,,IE,"086 239 8550",,establishment,"Monday: 10:00 am – 7:00 pm
Tuesday: 10:00 am – 7:00 pm
Wednesday: 10:00 am – 7:00 pm
Thursday: 10:00 am – 7:00 pm
Friday: 10:00 am – 1:00 pm
Saturday: Closed
Sunday: Closed",http://www.smallbizmarketing.ie/,53.338349,-6.237154,"Google Places",ChIJX3Xp3uoOZ0gRCthathW_PEQ,https://plus.google.com/115851280978199851369/about?hl=en
"Thai Massage Ireland","south Hillleopardstown Road, Sandyford, Dublin 18, Co. Dubln, Ireland","Dublin 18",Dubln,,IE,"087 782 8202",,"store, health, establishment",,http://www.thaimassageireland.ie/,53.269378,-6.218849,"Google Places",ChIJH745_KAJZ0gRg2M7YogNQM0,https://plus.google.com/115839169433096503349/about?hl=en
"North Dublin Therapy","80 Killester Avenue, Dublin, Ireland",Dublin,Dublin,,IE,"087 205 2517",,establishment,,http://www.northdublintherapy.ie/,53.374419,-6.20629,"Google Places",ChIJ_STIuLAPZ0gRq4koqIoAK78,https://plus.google.com/107071334809769942288/about?hl=en
"Healing Hands Therapies Dublin","38 Swift Hall, Collegewood, Dublin 15, Ireland","Dublin 15",Dublin,,IE,"085 740 9567",,"health, establishment","Monday: Closed
Tuesday: 10:00 am – 8:00 pm
Wednesday: 10:00 am – 8:00 pm
Thursday: 10:00 am – 8:00 pm
Friday: 10:00 am – 8:00 pm
Saturday: 10:00 am – 6:00 pm
Sunday: Closed",http://www.healinghandstherapies.ie/,53.372217,-6.37029,"Google Places",ChIJswdh-EANZ0gRVOE4XzVWaJY,https://plus.google.com/103931891066497540352/about?hl=en
