Name,"Full Address",City,County/State,Postcode,Country,"Telephone Number",Rating,Keywords,"Opening hours",URL,Latitude,Longitude,"Data Source","Data Source Identifer"
"Good Living Nutrition","6 Bloomfield Avenue, Dublin 2, Ireland","Dublin 2",Dublin,,IE,"086 869 4100",,"health, establishment",,https://plus.google.com/105366102415095545826/about?hl=en,53.331091,-6.271594,"Google Places",ChIJD3m41R4MZ0gR_Sp7Ae1uNh0,https://plus.google.com/105366102415095545826/about?hl=en
"Merrion Gates Medical Centre","240 Merrion Road, Dublin 4, Ireland","Dublin 4",Dublin,,IE,"(01) 269 1876",,"doctor, health, establishment","Monday: 8:00 am – 7:00 pm
Tuesday: 9:00 am – 6:00 pm
Wednesday: 9:30 am – 7:00 pm
Thursday: 9:00 am – 5:00 pm
Friday: 8:00 am – 5:00 pm
Saturday: Closed
Sunday: Closed",http://www.merriongatesmc.com/,53.31739,-6.207705,"Google Places",ChIJBbRfGtUOZ0gR1PJehnpRvtY,https://plus.google.com/103537117268411557782/about?hl=en
"Ranelagh Medical","22-26 Sandford Road, Ranelagh, Dublin 6, Co. Dublin City, Ireland","Dublin City","Dublin City",,IE,"(01) 498 6900",,"doctor, health, establishment",,http://www.ranelaghmedical.ie/,53.323009,-6.248727,"Google Places",ChIJ-5mTIbAOZ0gRN51V9wsoL_Q,https://plus.google.com/107049294939915009917/about?hl=en
"Raheny Medical","2nd Floor, River House, Raheny Shopping Centre, Howth Road, Raheny, Dublin 5, Ireland",,,,IE,"(01) 805 8508",,"doctor, health, establishment","Monday: 9:00 am – 6:00 pm
Tuesday: 9:00 am – 6:00 pm
Wednesday: 9:00 am – 6:00 pm
Thursday: 9:00 am – 6:00 pm
Friday: 9:00 am – 6:00 pm
Saturday: Closed
Sunday: Closed",http://www.rahenymedical.ie/,53.38057,-6.178178,"Google Places",ChIJiWgpnJIPZ0gRVL1adVwKarw,https://plus.google.com/108722637559003433366/about?hl=en
"Phoenix Medical","263 Navan Rd, Dublin 7, Ireland","Dublin 7",Dublin,,IE,"(01) 868 3052",,"doctor, health, establishment","Monday: 8:30 am – 7:00 pm
Tuesday: 8:30 am – 6:00 pm
Wednesday: 8:30 am – 7:00 pm
Thursday: 8:30 am – 6:00 pm
Friday: 8:30 am – 6:00 pm
Saturday: Closed
Sunday: Closed",http://www.phoenixmedical.ie/,53.367919,-6.317718,"Google Places",ChIJRba_66QNZ0gRQSVg8eMqiwA,https://plus.google.com/117689031126356353703/about?hl=en
"Churchtown Medical","3 Landscape Road, Dublin 14, Ireland","Dublin 14",Dublin,,IE,"(01) 298 8945",,"doctor, health, establishment",,http://www.churchtownmedical.ie/,53.299534,-6.267885,"Google Places",ChIJEZ-H--QLZ0gRfNdALJidmi4,https://plus.google.com/112085401995856460680/about?hl=en
"Clonard Medical","Clonard Lodge, Sandyford Rd, Dublin 16, Ireland","Dublin 16",Dublin,,IE,"(01) 295 5010",,"doctor, health, establishment","Monday: 8:45 – 11:45 am, 2:00 – 7:00 pm
Tuesday: 8:45 – 11:45 am, 2:00 – 7:00 pm
Wednesday: 8:45 – 11:45 am, 2:00 – 7:00 pm
Thursday: 8:45 am – 1:30 pm, 3:00 – 6:00 pm
Friday: 8:45 – 11:45 am, 1:00 – 4:00 pm
Saturday: Closed
Sunday: Closed",http://www.clonardmedical.ie/,53.277544,-6.231114,"Google Places",ChIJ_wZM5HMJZ0gRqHmvjfeLxWQ,https://plus.google.com/103425919725728162233/about?hl=en
"Centric Health","Rockfield Medical Campus, Balally, Dundrum, Dublin 16, Ireland",,,,IE,"(01) 299 3500",,"health, establishment","Monday: 9:00 am – 6:00 pm
Tuesday: 9:00 am – 6:00 pm
Wednesday: 9:00 am – 6:00 pm
Thursday: 9:00 am – 6:00 pm
Friday: 9:00 am – 6:00 pm
Saturday: Closed
Sunday: Closed",http://www.centrichealth.ie/Medical_practice_services.asp,53.286204,-6.237133,"Google Places",ChIJoVe-2G4JZ0gRU2_0PWRkm-E,https://plus.google.com/103929398543286119363/about?hl=en
"Modus Web Design","18 Exchange Street Upper, Dublin, Co. Leinster, Ireland",Dublin,Leinster,,IE,"(01) 831 0398",,establishment,"Monday: 9:00 am – 6:00 pm
Tuesday: 9:00 am – 6:00 pm
Wednesday: 9:00 am – 6:00 pm
Thursday: 9:00 am – 6:00 pm
Friday: 9:00 am – 6:00 pm
Saturday: 11:00 am – 4:00 pm
Sunday: Closed",http://www.modus.ie/,53.344348,-6.268018,"Google Places",ChIJKTMOWJ0OZ0gR_wxDKE55oSI,https://plus.google.com/100140866785545695749/about?hl=en
"Cafe Sofia","5A Wexford St, Dublin, Ireland",Dublin,Dublin,,IE,"087 417 6557",4.7,"cafe, food, establishment","Monday: 8:00 am – 7:00 pm
Tuesday: 8:00 am – 7:00 pm
Wednesday: 8:00 am – 7:00 pm
Thursday: 8:00 am – 7:00 pm
Friday: 8:00 am – 7:00 pm
Saturday: 8:30 am – 6:30 pm
Sunday: Closed",https://plus.google.com/111826561307664764640/about?hl=en,53.337316,-6.265474,"Google Places",ChIJt2ltLZ4OZ0gR8FzJgWCmGB4,https://plus.google.com/111826561307664764640/about?hl=en
"life Pharmacy","Unit 13A, Swan Shopping Centre, Rathmines Road Lower, Dublin 6, Ireland","Dublin 6",Dublin,,IE,"(01) 497 2039",,"pharmacy, store, health, establishment","Monday: 9:00 am – 8:00 pm
Tuesday: 9:00 am – 8:00 pm
Wednesday: 9:00 am – 8:00 pm
Thursday: 9:00 am – 8:00 pm
Friday: 9:00 am – 8:00 pm
Saturday: 10:00 am – 7:00 pm
Sunday: 12:00 – 6:00 pm",http://www.lifepharmacy.ie/,53.322821,-6.265487,"Google Places",ChIJTQCRxQIMZ0gRqA7jI6ZRYsY,https://plus.google.com/105044856830713836091/about?hl=en
"life Pharmacy","Oaklawn, Leixlip, Co. Kildare, Ireland",Leixlip,Kildare,,IE,"(01) 624 4673",,"pharmacy, store, health, establishment","Monday: 9:00 am – 6:00 pm
Tuesday: 9:00 am – 6:00 pm
Wednesday: 9:00 am – 6:00 pm
Thursday: 9:00 am – 6:00 pm
Friday: 9:00 am – 6:00 pm
Saturday: 9:30 am – 6:00 pm
Sunday: Closed",http://www.lifepharmacy.ie/,53.365957,-6.503584,"Google Places",ChIJWZDJxvRxZ0gRdOhupVudp-o,https://plus.google.com/108456415875550246257/about?hl=en
"St Mary's Centre Nursing Home","185-201 Merrion Road, Dublin 4, Ireland","Dublin 4",Dublin,,IE,"(01) 269 3411",,"health, establishment",,http://www.stmarysmerrion.ie/,53.315309,-6.205145,"Google Places",ChIJjbxiryoJZ0gRBPt0xAnjZnw,https://plus.google.com/102212347214959737392/about?hl=en
"Life Pharmacy","241 Swords Rd, Dublin 9, Ireland","Dublin 9",Dublin,,IE,"(01) 842 7784",,"pharmacy, store, health, establishment","Monday: 9:00 am – 7:00 pm
Tuesday: 9:00 am – 7:00 pm
Wednesday: 9:00 am – 7:00 pm
Thursday: 9:00 am – 7:00 pm
Friday: 9:00 am – 7:00 pm
Saturday: 9:00 am – 6:00 pm
Sunday: Closed",http://www.lifepharmacy.ie/,53.388399,-6.245958,"Google Places",ChIJ60y13TwOZ0gRAbWczJRjQpc,https://plus.google.com/116434545230835708462/about?hl=en
"Breath of Life - Natural Healing clinic","Village Court, 10 Strand Road, Portmarnock, Co. Dublin, Ireland",Fingal,Dublin,,IE,"(01) 846 0942",,"health, establishment",,http://www.bolhealing.com/,53.422601,-6.135478,"Google Places",ChIJX3szhsMaZ0gR9GLM-HHWuWQ,https://plus.google.com/101981024942908754383/about?hl=en
"Brennan's Life Pharmacy","Unit 4, Fairways Mall, Main Street, Donabate, Co. Dublin, Ireland",,Dublin,,IE,"(01) 843 6365",,"pharmacy, store, health, establishment","Monday: 9:00 am – 7:00 pm
Tuesday: 9:00 am – 7:00 pm
Wednesday: 9:00 am – 7:00 pm
Thursday: 9:00 am – 7:00 pm
Friday: 9:00 am – 7:00 pm
Saturday: 9:30 am – 5:30 pm
Sunday: Closed",http://lifepharmacy.ie/,53.487062,-6.148309,"Google Places",ChIJrTrYeSYaZ0gRuC101PkfU_k,https://plus.google.com/106273873219958259473/about?hl=en
"Agriculture House entrance","Spire of Dublin, O’Connell St, Dublin, Ireland",,,,IE,"(01) 607 2000",,establishment,,http://www.agriculture.gov.ie/,53.33849,-6.253409,"Google Places",ChIJucTs2pkOZ0gRYgog1J9vkKo,https://plus.google.com/104317496583041652770/about?hl=en
"Department of Agriculture, Food & the Marine","Agriculture House, Kildare Street, Dublin, Ireland",Dublin,Dublin,,IE,"(01) 607 2000",,establishment,,http://www.agriculture.gov.ie/,53.33953,-6.255759,"Google Places",ChIJh_wEJ5oOZ0gRT-hC8XWX5go,https://plus.google.com/104751000800308292367/about?hl=en
"Department of Agriculture, Food & the Marine","Backweston Laboratory Complex, Youngs Cross, Celbridge, Co. Kildare, Ireland",Celbridge,"Co. Kildare",,IE,"(01) 615 7115",,establishment,,http://www.agriculture.gov.ie/,53.341533,-6.498928,"Google Places",ChIJjd-tOn9xZ0gRTVzjgqrXZZ8,https://plus.google.com/111989830005403165027/about?hl=en
"Llorrac Marketing & Design Ltd","27 Forest Park Kingswood Dublin 24, Ireland",,,,IE,"(01) 403 1928",,establishment,,http://www.irishweddingsonline.com/,53.307209,-6.363022,"Google Places",ChIJr-GwIVYLZ0gRzlErotfpShQ,https://plus.google.com/100860280228815056681/about?hl=en
"National Training Centre","15-16 St Joseph's Parade, Dublin 7, Ireland","Dublin 7",Dublin,,IE,"(01) 882 7777",,establishment,"Monday: 9:30 am – 5:30 pm
Tuesday: 9:30 am – 5:30 pm
Wednesday: 9:30 am – 5:30 pm
Thursday: 9:30 am – 5:30 pm
Friday: 9:30 am – 5:00 pm
Saturday: Closed
Sunday: Closed",http://www.ntc.ie/,53.357316,-6.265947,"Google Places",ChIJPdNxR34OZ0gRejGk5eHtu8s,https://plus.google.com/101230040579243536015/about?hl=en
