Name,"Full Address",City,County/State,Postcode,Country,"Telephone Number",Rating,Keywords,"Opening hours",URL,Latitude,Longitude,"Data Source","Data Source Identifer"
"Dublin Buddhist Centre","5 James Joyce St, Dublin 1, Ireland","Dublin 1",Dublin,,IE,"(01) 817 8933",4.8,establishment,"Monday: 12:30 – 2:00 pm, 3:00 – 6:00 pm
Tuesday: 12:30 – 2:00 pm, 3:00 – 6:00 pm
Wednesday: 12:30 – 2:00 pm, 3:00 – 6:00 pm
Thursday: 12:30 – 2:00 pm, 3:00 – 6:00 pm
Friday: 12:30 – 2:00 pm, 3:00 – 6:00 pm
Saturday: Closed
Sunday: Closed",http://www.dublinbuddhistcentre.org/,53.351947,-6.253559,"Google Places",ChIJjw8GxogOZ0gR7SpDnDI8zKk,https://plus.google.com/106807707027785002393/about?hl=en
"Rigpa Dublin","12 Wicklow Street, Dublin, Ireland",Dublin,Dublin,,IE,"(01) 670 3358",,"health, establishment",,http://rigpa.ie/lang-en/find-your-centre/local-centres-ireland/dublin.html,53.342963,-6.26079,"Google Places",ChIJXc0qfpsOZ0gRBOiiMIwiHpg,https://plus.google.com/115048983735307706200/about?hl=en
"Lotus Yoga","5 Little Fitzwilliam Place, Dublin 2, Ireland","Dublin 2",Dublin,,IE,"085 145 0880",,"school, establishment",,http://www.lotusyoga.ie/,53.337531,-6.249399,"Google Places",ChIJM9wfrJcOZ0gRe4VZfoKppcw,https://plus.google.com/104255613765658526416/about?hl=en
"Zen dojo Dublin","1 Upper Gardiner Street, Dublin 1, Dublin, Ireland",Dublin,Dublin,,IE,"087 903 6994",,establishment,,http://www.zenireland.com/,53.356782,-6.259363,"Google Places",ChIJxYCTZH0OZ0gRiXt13r9Kf-g,https://plus.google.com/111866683516540141003/about?hl=en
"Transcendental Meditation","Stillorgan, Co. Dublin, Ireland",,Dublin,,IE,"086 359 9922",,"health, establishment","Monday: 9:30 am – 5:00 pm
Tuesday: 9:30 am – 5:00 pm
Wednesday: 9:30 am – 5:00 pm
Thursday: 9:30 am – 5:00 pm
Friday: 9:30 am – 5:00 pm
Saturday: Closed
Sunday: Closed",http://www.tm-ireland.org/,53.291903,-6.193401,"Google Places",ChIJTWeSAN4IZ0gRX7gLrcdVK5k,https://plus.google.com/112145305473509672408/about?hl=en
"Northern Academy of Hypnotherapy and Past Life Regression","7 N Circular Rd, Dublin 7, Ireland","Dublin 7",Dublin,,IE,"086 158 5370",,establishment,,http://www.northern-academy.com/,53.351236,-6.2958,"Google Places",ChIJqQPCTNINZ0gREvkfTzqc4Xw,https://plus.google.com/114750460092098743823/about?hl=en
"Transcendental Meditation","15 Trafalgar Terrace, Monkstown, Co. Dublin, Ireland",Monkstown,Dublin,,IE,"(01) 284 5742",,"health, establishment",,http://www.transcend.ie/,53.297489,-6.161698,"Google Places",ChIJSTAObr0IZ0gREJlh2UNhXfU,https://plus.google.com/116029405064033826906/about?hl=en
"Stephen Travers Advanced Clinical Hypnotherapy","Oscailt, 8 Pembroke Road, Ballsbridge, Dublin 4, Ireland","Dublin 4",Dublin,,IE,"(01) 484 7834",,"health, establishment","Monday: 10:00 am – 8:00 pm
Tuesday: 10:00 am – 8:00 pm
Wednesday: 10:00 am – 8:00 pm
Thursday: 10:00 am – 8:00 pm
Friday: 10:00 am – 8:00 pm
Saturday: 10:00 am – 5:00 pm
Sunday: Closed",http://www.stravershypnosis.com/,53.332641,-6.242272,"Google Places",ChIJc4dC9L4OZ0gRNh01fOsVcao,https://plus.google.com/118225033063939641768/about?hl=en
"Sahaja Yoga Meditation (FreeMeditation.ie)","5 Eustace Street, Dublin 2, Ireland","Dublin 2",Dublin,,IE,"086 252 0765",,"health, establishment","Monday: Closed
Tuesday: Closed
Wednesday: Closed
Thursday: Closed
Friday: 7:30 – 8:45 pm
Saturday: Closed
Sunday: Closed",http://www.freemeditation.ie/,53.344592,-6.264861,"Google Places",ChIJUx7VJ50OZ0gR4pY4fDMhRKg,https://plus.google.com/100962115907039861299/about?hl=en
"Dublin Shambhala Centre","23 Mount Street Upper, Dublin 2, Ireland","Dublin 2",Dublin,,IE,"(01) 642 5885",,establishment,"Monday: 7:30 – 10:00 pm
Tuesday: Closed
Wednesday: 7:30 – 10:30 pm
Thursday: Closed
Friday: Closed
Saturday: Closed
Sunday: Closed",http://www.shambhala.ie/,53.337331,-6.244944,"Google Places",ChIJj_B6AZYOZ0gRrjqN8neqnpQ,https://plus.google.com/111450784484145357349/about?hl=en
"Yoga Dublin - Alithea","Saint Mobhi Court, St Mobhi Boithirin, Dublin, Ireland",Dublin,Dublin,,IE,"087 176 3611",,"health, establishment","Monday: 8:30 am – 10:00 pm
Tuesday: 8:30 am – 10:00 pm
Wednesday: 8:30 am – 10:00 pm
Thursday: 8:30 am – 10:00 pm
Friday: 8:30 am – 10:00 pm
Saturday: 8:30 am – 10:00 pm
Sunday: 8:30 am – 10:00 pm",http://www.yogadublin.org/,53.377444,-6.266377,"Google Places",ChIJd4XtM3MOZ0gRSOUGqixDDSg,https://plus.google.com/107824432826475787743/about?hl=en
"Woodford House","Booterstown Park, Blackrock, Co. Dublin, Ireland",Blackrock,Dublin,,IE,"(01) 283 5135",,"health, establishment",,http://aboutwoodford.com/,53.302165,-6.197501,"Google Places",ChIJY5lzDtkIZ0gRTZH0paTR8OY,https://plus.google.com/107848198470742849027/about?hl=en
TwoPalmsYoga,"52 Aughrim St, Dublin, Ireland",Dublin,Dublin,,IE,"085 814 7402",,"health, establishment","Monday: Closed
Tuesday: 7:00 – 8:00 pm
Wednesday: 8:00 – 9:00 pm
Thursday: 8:00 – 9:00 pm
Friday: 6:00 – 7:00 pm
Saturday: Closed
Sunday: Closed",https://plus.google.com/114384909227992293116/about?hl=en,53.354752,-6.290788,"Google Places",ChIJBz9IrcwNZ0gRXCLNkK1jgMM,https://plus.google.com/114384909227992293116/about?hl=en
"Reiki for All","102 Castleknock Park, Dublin 15, Ireland","Dublin 15",Dublin,,IE,"086 357 6142",,"health, establishment",,http://www.reikiforall.org/,53.373235,-6.359039,"Google Places",ChIJU0e7G0ANZ0gRXsuGSAPH8qY,https://plus.google.com/112483166237710436745/about?hl=en
"Our Mindfulness","Lynwood House, Lynwwod Estate, Dundrum, Dublin 16, Ireland","Dundrum, Dublin 16",,,IE,"(01) 498 2242",,"health, establishment",,http://www.ourmindfulness.com/,53.289026,-6.245727,"Google Places",ChIJ354rpmUJZ0gRnnGoEmB1Dog,https://plus.google.com/107331679277321929779/about?hl=en
"Sighle Yoga","The Core Studio, 71-73 Glasthule Rd, Glasthule, Co. Dublin, Ireland",Glasthule,Dublin,,IE,"085 726 5827",,establishment,"Monday: Closed
Tuesday: 10:00 am – 12:00 pm, 7:00 – 8:30 pm
Wednesday: 10:00 am – 12:00 pm, 7:00 – 8:30 pm
Thursday: 10:00 am – 12:00 pm
Friday: 10:00 am – 12:00 pm
Saturday: 10:30 am – 12:00 pm
Sunday: 10:30 am – 1:00 pm",http://www.sighleyoga.ie/,53.28738,-6.12388,"Google Places",ChIJibVlTksGZ0gRZCC-qvEqfcA,https://plus.google.com/102058940080131337422/about?hl=en
"Irish Aikido Federation","Unit 25, IDA Enterprise Centre, Macken Street, Dublin 2, Ireland","Dublin 2",Dublin,,IE,"(01) 671 8454",,"health, school, establishment","Monday: 6:00 – 9:30 pm
Tuesday: 6:00 – 9:30 pm
Wednesday: 6:00 – 9:30 pm
Thursday: 6:00 – 9:30 pm
Friday: 6:00 – 8:00 pm
Saturday: 11:00 am – 1:00 pm
Sunday: Closed",http://www.aikido.ie/,53.341912,-6.241346,"Google Places",ChIJm9KsaZMOZ0gRE9rQBd7L4dM,https://plus.google.com/103684907937061448224/about?hl=en
Mindbodychanges,"27 Capel Street, Dublin 1, Ireland","Dublin 1",Dublin,,IE,"087 219 4450",,"health, establishment","Monday: Closed
Tuesday: Closed
Wednesday: 5:00 – 8:30 pm
Thursday: Closed
Friday: Closed
Saturday: Closed
Sunday: Closed",http://www.mindbodychanges.com/,53.347699,-6.268374,"Google Places",ChIJB4DGgIIOZ0gRiwGs2pvMDMM,https://plus.google.com/110278668698328932941/about?hl=en
OrlaPhelan.com,"Clifton House, Fitzwilliam Street Lower, Dublin 2, Ireland","Dublin 2",Dublin,,IE,,,"health, establishment",,http://www.orlaphelan.com/,53.337956,-6.248287,"Google Places",ChIJtyHdV5YOZ0gR7ddebAUVTzE,https://plus.google.com/100350037624077013943/about?hl=en
ichievement,"14 Meadowbank, Terenure, Dublin 6, Ireland","Dublin 6",Dublin,,IE,"(01) 443 3639",,"health, establishment",,http://www.ichievement.com/,53.306672,-6.277581,"Google Places",ChIJpTMz0_YLZ0gRC3nqjypBIfM,https://plus.google.com/102303551096675551296/about?hl=en
"D-pete 'Health & Fitness' Clinic","Energie Fitness, Nutgrove Retail Park, Rathfarnham, Co. Dublin, Ireland",Rathfarnham,Dublin,,IE,"086 318 7455",,"health, establishment","Monday: 9:00 am – 8:00 pm
Tuesday: 9:00 am – 8:00 pm
Wednesday: 9:00 am – 8:00 pm
Thursday: 9:00 am – 8:00 pm
Friday: 9:00 am – 8:00 pm
Saturday: Closed
Sunday: Closed",https://plus.google.com/116843665694759104424/about?hl=en,53.292216,-6.267458,"Google Places",ChIJhxk8mOcLZ0gRVXdiQWdG4qY,https://plus.google.com/116843665694759104424/about?hl=en
"Flow The Light Healing Centre","1st Floor, No. 2 Portmarnock Town Centre, Strand Road Portmarnock, Co. Dublin, Ireland, Ireland",,,,IE,"086 062 2819",,"health, establishment",,https://plus.google.com/104006130308065367937/about?hl=en,53.421047,-6.13712,"Google Places",ChIJLYV_GMQaZ0gRbjrnUP0Ac14,https://plus.google.com/104006130308065367937/about?hl=en
"Healing - Massage & Meditation","7 Rathdown Road, Phibsborough, Dublin 7, Ireland","Dublin 7",Dublin,,IE,"087 299 0318",,"health, establishment",,http://www.healing.ie/,53.356845,-6.27875,"Google Places",ChIJC0ZQmdMNZ0gRe2Evb2C5wrA,https://plus.google.com/105397185146531607500/about?hl=en
"Somatic Yoga and Movement","Carrow Road, Dublin, Ireland",Dublin,Dublin,,IE,"086 359 6824",,"health, establishment",,http://www.paolacatizone.com/,53.332917,-6.320721,"Google Places",ChIJVzTLkl8MZ0gR9EEqm6ij9EQ,https://plus.google.com/107522168585799927303/about?hl=en
"Embodiment movement meditation and dance","St pauls Centre, Adelaide Rd, Co. Dun Laoghaire-Rathdown, Ireland","Dun Laoghaire-Rathdown","Dun Laoghaire-Rathdown",,IE,"086 054 6556",,establishment,,http://www.dancefree.ie/,53.28133,-6.125822,"Google Places",ChIJP9jdFzIGZ0gR_WdzhZUGZM4,https://plus.google.com/113165818984550832093/about?hl=en
"Ayurveda Natural Health Clinic","Glenmore House, Swords, Co. Dublin, Ireland",Swords,Dublin,,IE,,,"health, establishment","Monday: 10:00 am – 5:00 pm
Tuesday: 10:00 am – 5:00 pm
Wednesday: 10:00 am – 5:00 pm
Thursday: 10:00 am – 5:00 pm
Friday: 10:00 am – 5:00 pm
Saturday: 10:00 am – 5:00 pm
Sunday: Closed",http://www.ayurvedaireland.ie/,53.441349,-6.226726,"Google Places",ChIJTWwinVYQZ0gRYW6PBqOzaDw,https://plus.google.com/116514140732498042791/about?hl=en
"Howth Yoga Centre","Studdwalls, Howth Summit, Dublin 13, Ireland","Dublin 13",Dublin,,IE,"(01) 839 0508",,"health, establishment","Monday: 10:30 am – 12:00 pm, 2:00 – 9:30 pm
Tuesday: 10:30 am – 12:00 pm, 8:00 – 9:30 pm
Wednesday: 10:30 am – 12:00 pm, 8:00 – 9:30 pm
Thursday: 10:30 am – 12:00 pm, 8:00 – 9:30 pm
Friday: 10:30 am – 12:00 pm, 2:00 – 9:30 pm
Saturday: Closed
Sunday: Closed",http://www.howthyogacentre.com/,53.371971,-6.060913,"Google Places",ChIJv_ZoeIYEZ0gR594egOTFXGg,https://plus.google.com/114533576777836275172/about?hl=en
"Life Balancing Yogas at Dundrum / Ballinteer / Rathfarnham","Dlr Leisure Services, Meadowbrook, Rathfarnham, Dundrum Ballinteer, Co. Dublin, Ireland","Dundrum Ballinteer",Dublin,,IE,"(01) 494 1212",,"health, establishment","Monday: 7:00 am – 8:30 pm
Tuesday: Closed
Wednesday: 8:00 am – 9:00 pm
Thursday: Closed
Friday: Closed
Saturday: Closed
Sunday: Closed",https://plus.google.com/104104343068004582734/about?hl=en,53.2892,-6.24367,"Google Places",ChIJMx8bTGYJZ0gRCKBZQv4VGcM,https://plus.google.com/104104343068004582734/about?hl=en
"Tibetan Buddhist Meditation Centre, Kagyu Samye Dzong Dublin","56 Inchicore Road, Kilmainham, Dublin 8, Ireland","Dublin 8",Dublin,,IE,"(01) 453 7427",,"place_of_worship, establishment","Monday: 6:30 – 8:00 pm
Tuesday: 6:30 – 8:00 pm
Wednesday: 6:30 – 8:00 pm
Thursday: 6:30 – 8:00 pm
Friday: Closed
Saturday: 8:00 – 11:30 am
Sunday: Closed",http://buddhism.ie/,53.342513,-6.311538,"Google Places",ChIJSdVpoloMZ0gR2psepwM8U_I,https://plus.google.com/118366951564233846173/about?hl=en
"Zenith Holistic Clinic","28 Brackenstown Village, Dublin, Ireland",Dublin,Dublin,,IE,"087 977 4397",,"hospital, establishment",,https://plus.google.com/118003987412977660539/about?hl=en,53.458346,-6.236408,"Google Places",ChIJB5n0ZuIQZ0gRbSB4VJ38VG8,https://plus.google.com/118003987412977660539/about?hl=en
"Life Particle Yoga Meditation","G9, Pottery Business Centre, Pottery Rd, Dun Laoghaire, Co. Dublin, Ireland","Dun Laoghaire",Dublin,,IE,"(01) 284 9136",,establishment,"Monday: 10:00 am – 2:30 pm, 5:00 – 8:30 pm
Tuesday: 10:00 am – 2:30 pm, 5:00 – 8:30 pm
Wednesday: 10:00 am – 2:30 pm, 5:00 – 8:30 pm
Thursday: 11:00 am – 5:30 pm
Friday: 10:00 am – 2:30 pm, 5:00 – 8:30 pm
Saturday: 11:00 am – 5:30 pm
Sunday: 11:00 am – 5:30 pm",http://www.lifeparticle.ie/,53.275266,-6.158002,"Google Places",ChIJ9ZdA1IkIZ0gR6cXPcIUmjho,https://plus.google.com/104212642821214975496/about?hl=en
"Simply Living Yoga (North Dublin Yoga) (Yoga North Dublin) (Dublin Yoga)","Dublin, Ireland",Dublin,Dublin,,IE,"085 826 3366",,"health, establishment",,http://www.simplylivingyoga.net/,53.349805,-6.26031,"Google Places",ChIJawXFQIQOZ0gRXOCOpnAfMJM,https://plus.google.com/100434711524845024896/about?hl=en
"Sunrise Yoga","48B Patrick Street, Dun Laoghaire, Co. Dublin, Ireland","Dun Laoghaire",Dublin,,IE,"(01) 284 4477",,establishment,,http://www.sunrise.ie/,53.289247,-6.138474,"Google Places",ChIJ--t_RCYGZ0gRjjcFXXvgq-k,https://plus.google.com/112903189814148704422/about?hl=en
"Elizabeth Webb","Ballawley Lodge, Sandyford Road, Dundrun, Co. Dublin, Ireland",Dundrun,Dublin,,IE,"087 287 5412",,establishment,"Monday: 9:00 am – 5:00 pm
Tuesday: 9:00 am – 5:00 pm
Wednesday: 9:00 am – 5:00 pm
Thursday: 9:00 am – 5:30 pm
Friday: 9:00 am – 5:00 pm
Saturday: 9:00 am – 5:00 pm
Sunday: Closed",https://plus.google.com/100775502265746903682/about?hl=en,53.277685,-6.231265,"Google Places",ChIJXzW75nMJZ0gROgZfyjq0i94,https://plus.google.com/100775502265746903682/about?hl=en
"The Sanctuary","7 Stanhope Street, Stoneybatter, Dublin 7, Ireland","Dublin 7",Dublin,,IE,"(01) 670 5419",,"health, establishment","Monday: 9:00 am – 5:00 pm
Tuesday: 9:00 am – 5:00 pm
Wednesday: 9:00 am – 5:00 pm
Thursday: 9:00 am – 5:00 pm
Friday: 9:00 am – 4:00 pm
Saturday: Closed
Sunday: Closed",http://www.sanctuary.ie/,53.352322,-6.280385,"Google Places",ChIJ09BrrS0MZ0gRUJBt7DIZ3J0,https://plus.google.com/114856825241333846937/about?hl=en
"Dublin Positive Health Centre","37 Baggot Street Lower, Dublin 2, Ireland","Dublin 2",Dublin,,IE,"(01) 839 4146",,"health, establishment",,http://www.dphc.ie,53.337231,-6.249755,"Google Places",ChIJb1GqupcOZ0gRyE6cRzDGoA8,https://plus.google.com/100205506980040096650/about?hl=en
Find-A-Therapist,"37 Baggot Street Lower, Dublin 2, Ireland","Dublin 2",Dublin,,IE,"(01) 839 4146",,"health, establishment","Monday: 9:00 am – 9:00 pm
Tuesday: 9:00 am – 9:00 pm
Wednesday: 9:00 am – 9:00 pm
Thursday: 9:00 am – 9:00 pm
Friday: 9:00 am – 9:00 pm
Saturday: 9:00 am – 9:00 pm
Sunday: Closed",http://www.dublinpositivehealthcentre.ie/,53.337221,-6.249688,"Google Places",ChIJJ30bsJcOZ0gRaCx1pvYKkPI,https://plus.google.com/103889420057430947530/about?hl=en
"Angelic Bodies","4 La Touche Court, Ballinteer Avenue, Dublin 16, Ireland","Dublin 16",,,IE,"087 996 6772",,"health, establishment",,http://www.angelicbodies.ie/,53.273929,-6.261751,"Google Places",ChIJTSfoyNMLZ0gRViu08SXxqMM,https://plus.google.com/103873085758738040953/about?hl=en
"Art of Living Foundation Dublin","5 Coppinger Row, Dublin, Ireland",Dublin,Dublin,,IE,"089 951 8807",,establishment,"Monday: Closed
Tuesday: Closed
Wednesday: 7:30 – 9:30 pm
Thursday: Closed
Friday: Closed
Saturday: Closed
Sunday: Closed",http://www.artofliving.ie/,53.341946,-6.261713,"Google Places",ChIJOYAIb5wOZ0gRXtlhW6d7AcM,https://plus.google.com/112799438977941238240/about?hl=en
"YOGA Essence","1st Floor, Roseville House, Main Street, Celbridge, Co. Kildare, Ireland",Celbridge,Kildare,,IE,"086 847 4944",,establishment,,http://www.yogaessence.ie/,53.34102,-6.537594,"Google Places",ChIJF2pBjwdxZ0gRhv23lAJ5Cs8,https://plus.google.com/100944260916146563677/about?hl=en
"Oscailt Integrative Health Centre","8 Pembroke Road, Dublin, Ireland","Dublin City",Dublin,,IE,"(01) 660 3872",,"health, school, establishment","Monday: 9:30 am – 5:30 pm
Tuesday: 9:30 am – 5:30 pm
Wednesday: 9:30 am – 5:30 pm
Thursday: 9:30 am – 5:30 pm
Friday: 12:00 – 6:00 pm
Saturday: Closed
Sunday: Closed",http://oscailt.com/,53.332812,-6.242094,"Google Places",ChIJXynNBr8OZ0gRgpLjyNsZeHY,https://plus.google.com/100439915416840112201/about?hl=en
"Centre of Enlightenment","21 Dawson St, Dublin 2, Ireland","Dublin 2",Dublin,,IE,"087 414 2794",,"health, establishment","Monday: 11:00 am – 8:00 pm
Tuesday: 11:00 am – 8:00 pm
Wednesday: 11:00 am – 8:00 pm
Thursday: 11:00 am – 8:00 pm
Friday: 11:00 am – 8:00 pm
Saturday: 11:00 am – 8:00 pm
Sunday: 11:00 am – 8:00 pm",http://lucydevine.com/,53.339912,-6.258546,"Google Places",ChIJwaXyXpkOZ0gRDNVbqGtrHXw,https://plus.google.com/101403234090287134687/about?hl=en
"Mindfulness at Work","8 Rockville Park, Blackrock, Co. Dublin, Ireland",,Dublin,,IE,"087 961 5901",,"health, establishment","Monday: 9:00 am – 5:00 pm
Tuesday: 9:00 am – 5:00 pm
Wednesday: 9:00 am – 5:00 pm
Thursday: 9:00 am – 5:00 pm
Friday: 9:00 am – 5:00 pm
Saturday: Closed
Sunday: Closed",http://www.mindfulnessatwork.ie/,53.289831,-6.170461,"Google Places",ChIJOZETRZMIZ0gR8LGQPBx3-qk,https://plus.google.com/105482522662443146992/about?hl=en
"Saffron & Sapphire","158 Shelbourne Rd, Dublin 4, Ireland","Dublin 4",Dublin,,IE,"086 402 2597",,"store, establishment","Monday: Closed
Tuesday: Closed
Wednesday: Closed
Thursday: Closed
Friday: 10:00 am – 5:30 pm
Saturday: 10:00 am – 5:30 pm
Sunday: 10:00 am – 5:30 pm",http://www.saffronandsapphire.com/,53.331291,-6.231822,"Google Places",ChIJz8guz8YOZ0gR_CiHETNBqf8,https://plus.google.com/108217235293006517903/about?hl=en
"Holistic Healing","126 Ranelagh, Ranelagh, Co. Dublin, Ireland",Ranelagh,Dublin,,IE,"087 299 9342",,"health, establishment",,http://harmonyoflife.blogspot.com/,53.323965,-6.250701,"Google Places",ChIJSdV68q8OZ0gRYUwcHCNUkTs,https://plus.google.com/104531021443700315206/about?hl=en
"Saffron & Sapphire","8 Patrick Street, Dun Laoghaire, Co. Dublin, Ireland","Dun Laoghaire",Dublin,,IE,"086 402 2597",,"place_of_worship, store, restaurant, food, health, establishment","Monday: 10:00 am – 6:00 pm
Tuesday: 10:00 am – 6:00 pm
Wednesday: 10:00 am – 6:00 pm
Thursday: 10:00 am – 6:00 pm
Friday: 10:00 am – 6:00 pm
Saturday: 10:00 am – 6:00 pm
Sunday: 1:00 – 5:00 pm",http://www.saffronandsapphire.com/,53.292023,-6.136845,"Google Places",ChIJd_l-oyYGZ0gR6SZBrs7Nc84,https://plus.google.com/112847929393446448756/about?hl=en
"Shelly Flanagan","28 William Street South, Dublin 2, Ireland","Dublin 2",Dublin,,IE,"087 779 2643",,"health, establishment","Monday: 9:00 am – 5:00 pm
Tuesday: 9:00 am – 5:00 pm
Wednesday: 9:00 am – 5:00 pm
Thursday: 9:00 am – 5:00 pm
Friday: 9:00 am – 5:00 pm
Saturday: 9:00 am – 5:00 pm
Sunday: Closed",http://www.shellyflanagan.com/,53.341576,-6.263144,"Google Places",ChIJD7gbRpwOZ0gRV9RUzrmGVcw,https://plus.google.com/118350857587430356753/about?hl=en
"Diamond Way Buddhism","34, 34 Usher's Quay, Dublin 8, Ireland","Dublin 8",Dublin,,IE,"087 768 9728",,"place_of_worship, establishment",,http://www.diamondway-buddhism.ie/,53.345958,-6.279534,"Google Places",ChIJ8b5stmYOZ0gRRTA6oU0cp5A,https://plus.google.com/101465796599421154357/about?hl=en
"Shivam Yoga Dublin","Lantern Centre, 15 Synge Street, Dublin, Ireland",Dublin,Dublin,,IE,"087 203 4762",,establishment,"Monday: 6:00 – 9:00 pm
Tuesday: 11:30 am – 12:30 pm
Wednesday: 6:00 – 9:00 pm
Thursday: 11:30 am – 12:30 pm
Friday: Closed
Saturday: 10:00 – 11:00 am
Sunday: Closed",http://shivamyogadublin.com/,53.333098,-6.267219,"Google Places",ChIJBzRSF_CRREgRKfQydaD7YRE,https://plus.google.com/105881049568612019140/about?hl=en
"The Thirsty Soul","2, 67 Camden Street Lower, Dublin 2, Ireland","Dublin 2",Dublin,,IE,"086 889 8433",,"health, establishment","Monday: 11:00 am – 9:30 pm
Tuesday: 11:00 am – 9:30 pm
Wednesday: 11:00 am – 9:30 pm
Thursday: 11:00 am – 9:30 pm
Friday: 11:00 am – 9:30 pm
Saturday: 9:00 am – 5:00 pm
Sunday: 9:00 am – 5:00 pm",http://www.thethirstysoul.com/,53.335358,-6.2652,"Google Places",ChIJD7gbRpwOZ0gR3UUpMv3aZaA,https://plus.google.com/106058313513757390481/about?hl=en
"Life Coach, Reiki Master, Kinesiologist","7 Carysfort Avenue, Blackrock, Co. Dublin, Ireland",Blackrock,Dublin,,IE,"086 682 4401",,"health, establishment",,http://www.xhale.ie/,53.3007,-6.177889,"Google Places",ChIJDc-yLsEIZ0gRyNZL7yK_xww,https://plus.google.com/115309851791678112919/about?hl=en
"Mindfulness & Counselling","28 Ayrfield Ave,, Tonlegee Road,, Dublin 13, Ireland","Dublin 13",Dublin,,IE,"086 399 9969",,"health, establishment",,http://www.noreenmindfulcounselling.com/,53.389301,-6.183013,"Google Places",ChIJf-Z4We4PZ0gRym3PkiW3I_A,https://plus.google.com/100475149505663862386/about?hl=en
"MindWell On-site Chair massage","Dublin Airport, Dublin Airport, Co.Fingal, Co. Dublin, Ireland",Co.Fingal,Dublin,,IE,"087 623 4866",,"health, establishment","Monday: 9:00 am – 7:00 pm
Tuesday: 9:00 am – 7:00 pm
Wednesday: 9:00 am – 7:00 pm
Thursday: 9:00 am – 7:00 pm
Friday: 9:00 am – 7:00 pm
Saturday: 9:00 am – 7:00 pm
Sunday: 9:00 am – 7:00 pm",http://www.mindwell.ie/,53.427515,-6.244733,"Google Places",ChIJBeu2UscRZ0gRChaAHXJ36Os,https://plus.google.com/113588481248148727066/about?hl=en
MindWell,"Unit 9, Donabate Town Centre, Main Street, Donabate, Co. Dublin, Ireland",Donabate,Dublin,,IE,"(01) 442 8811",,"health, establishment","Monday: 9:00 am – 6:00 pm
Tuesday: 9:00 am – 6:00 pm
Wednesday: 9:00 am – 6:00 pm
Thursday: 9:00 am – 6:00 pm
Friday: 9:00 am – 6:00 pm
Saturday: Closed
Sunday: Closed",http://www.mindwell.ie/,53.486808,-6.148665,"Google Places",ChIJd9eF0yUaZ0gRtSDmHef_0ao,https://plus.google.com/118360213578182228175/about?hl=en
"Dublin Holistic Centre","28 South William St, Dublin 2, Ireland",,Dublin,,IE,"(01) 633 0063",,"health, establishment","Monday: 8:00 am – 10:00 pm
Tuesday: 8:00 am – 10:00 pm
Wednesday: 8:00 am – 10:00 pm
Thursday: 8:00 am – 10:00 pm
Friday: 8:00 am – 10:00 pm
Saturday: 8:00 am – 10:00 pm
Sunday: Closed",http://www.dublinholisticcentre.com/,53.341541,-6.263094,"Google Places",ChIJq5jig5wOZ0gRorA7PqnmV9c,https://plus.google.com/101394568762108166336/about?hl=en
"Abby Wynne","4 Fitzwilliam Square East, Dublin 2, Ireland","Dublin 2",Dublin,,IE,"087 659 3626",,"health, establishment",,http://www.abby-wynne.com/,53.335326,-6.250244,"Google Places",ChIJgzQrEqYOZ0gR7Jv9DNczkZ0,https://plus.google.com/104027399396142468617/about?hl=en
"Diamond Way Buddhist Centre Dublin Karma Kagyu Lineage","34 Usher's Quay, Dublin 8, Ireland","Dublin 8",Dublin,,IE,"(01) 515 9290",,establishment,,http://www.diamondway-buddhism.ie/,53.345782,-6.279757,"Google Places",ChIJ9zOh0NUNZ0gRa5uNGAtZ2UE,https://plus.google.com/101037208612619116007/about?hl=en
"The elbowroom","32 Brunswick Street North, Dublin, Ireland","Dublin City",Dublin,,IE,"(01) 677 9859",4.7,"gym, health, establishment","Monday: 9:00 am – 9:00 pm
Tuesday: 9:00 am – 9:00 pm
Wednesday: 9:00 am – 9:00 pm
Thursday: 9:00 am – 9:00 pm
Friday: 9:00 am – 9:00 pm
Saturday: 9:00 am – 9:00 pm
Sunday: 9:00 am – 9:00 pm",http://www.the-elbowroom.com/,53.35073,-6.280343,"Google Places",ChIJ2UddzS0MZ0gRQSbYw4AhGLU,https://plus.google.com/101890614464113001019/about?hl=en
"Accomplish Change Clinic","21 Lea Road, Dublin 4, Ireland","Dublin 4",Dublin,,IE,"(01) 298 6507",,"health, establishment",,http://www.accomplishchange.ie/,53.330933,-6.210685,"Google Places",ChIJLe5wx9gOZ0gRnN1BOS96Bdc,https://plus.google.com/108270968379322465036/about?hl=en
"De Mello Institute","3 Sycamore Green, The Park, Dublin 18, Ireland","Dublin 18",Dublin,,IE,"(01) 275 1598",,"health, establishment","Monday: 9:00 am – 8:00 pm
Tuesday: 9:00 am – 8:00 pm
Wednesday: 9:00 am – 8:00 pm
Thursday: 9:00 am – 8:00 pm
Friday: 9:00 am – 8:00 pm
Saturday: 9:00 am – 1:00 pm
Sunday: Closed",http://demello.ie/,53.262758,-6.168586,"Google Places",ChIJUSPC20IIZ0gR5TffhFSZ5dM,https://plus.google.com/101156516832508848125/about?hl=en
"Dublin Healing","3 Stradbrook Road, Blackrock, Co. Dublin, Ireland",,Dublin,,IE,"087 132 8579",,"health, establishment","Monday: 10:00 am – 6:00 pm
Tuesday: 10:00 am – 6:00 pm
Wednesday: 10:00 am – 6:00 pm
Thursday: 10:00 am – 6:00 pm
Friday: 10:00 am – 6:00 pm
Saturday: 10:00 am – 6:00 pm
Sunday: Closed",http://www.dublinhealing.com/,53.294783,-6.16856,"Google Places",ChIJa3I0gJwOZ0gRjkdmO68spPI,https://plus.google.com/108746339182304248659/about?hl=en
YogaHub,"27 Camden Place, Dublin 2, Ireland","Dublin 2",Dublin,,IE,"085 863 0292",,establishment,,http://www.theyogahub.ie/,53.335204,-6.264225,"Google Places",ChIJJTysf68OZ0gRdQUNZozZNMM,https://plus.google.com/101822042073981914959/about?hl=en
"Yoga Clontarf with Edie Moran","Dublin, Ireland","Dublin City",Dublin,,IE,"086 821 7862",,establishment,"Monday: 8:00 am – 8:00 pm
Tuesday: 8:00 am – 8:00 pm
Wednesday: 8:00 am – 8:00 pm
Thursday: 8:00 am – 8:00 pm
Friday: 8:00 am – 8:00 pm
Saturday: 8:00 am – 8:00 pm
Sunday: 8:00 am – 8:00 pm",http://www.yogaclontarf.com/,53.365082,-6.226886,"Google Places",ChIJbZ-sHlEOZ0gR9E924yyjMao,https://plus.google.com/112696984645416889971/about?hl=en
"Accomplish Change - Ray Manning","19 Kingston Lawn, Ballinteer, Co. Dublin, Ireland",Ballinteer,Dublin,,IE,"(01) 298 6507",,"health, establishment",,http://www.accomplishchange.ie/,53.270012,-6.247991,"Google Places",ChIJY9X_K4AJZ0gRV62-76e_pQY,https://plus.google.com/101437563463406701527/about?hl=en
"Free Spirit Therapies","Captain's Hill, Leixlip, Co. Kildare, Ireland",Leixlip,Kildare,,IE,"087 253 8812",,"health, establishment",,http://www.free-spirit.biz/,53.366766,-6.487543,"Google Places",ChIJTbKOtxlyZ0gRvLXPmFyXRTM,https://plus.google.com/114923909103657007385/about?hl=en
"The Yoga Room","262 Merrion Road, Dublin 4, Ireland","Dublin 4",Dublin,,IE,"(01) 219 6666",,establishment,,http://www.yoga.ie/,53.316924,-6.206496,"Google Places",ChIJb61bQ9UOZ0gRG0ahfw2cly0,https://plus.google.com/107523357670421192653/about?hl=en
Govinda's,"4 Aungier Street, Dublin 2, Ireland","Dublin 2",Dublin,,IE,"(01) 475 0309",4.4,"restaurant, food, establishment",,http://www.govindas.ie/,53.341158,-6.265298,"Google Places",ChIJZwK9Dp4OZ0gRt2pYiAKLkt4,https://plus.google.com/117016631424635097955/about?hl=en
"Wellbeing Ireland","First Floor,, 2C Main Street,, Blackrock, Dublin,, Co. Dublin, Ireland","Blackrock, Dublin,",Dublin,,IE,"(01) 288 5118",,"health, establishment","Monday: 9:00 am – 5:30 pm
Tuesday: 9:00 am – 5:30 pm
Wednesday: 9:00 am – 5:30 pm
Thursday: 9:00 am – 5:30 pm
Friday: 9:00 am – 5:30 pm
Saturday: Closed
Sunday: Closed",http://www.wellbeing.ie/,53.302434,-6.178017,"Google Places",ChIJAVR84MYIZ0gR-1NrtWgefmE,https://plus.google.com/115495403478559735711/about?hl=en
MayFly,"11 Fownes Street Upper, Dublin 2, Ireland","Dublin 2",Dublin,,IE,"086 376 4189",,"store, establishment","Monday: 11:00 am – 6:30 pm
Tuesday: 11:00 am – 6:30 pm
Wednesday: 11:00 am – 6:30 pm
Thursday: 11:00 am – 7:00 pm
Friday: 11:00 am – 7:00 pm
Saturday: 10:00 am – 7:00 pm
Sunday: 11:00 am – 6:30 pm",http://www.mayfly.ie/,53.345162,-6.263306,"Google Places",ChIJpTABy5wOZ0gRVZgsZXfcx30,https://plus.google.com/104417081444905801468/about?hl=en
"Llorrac Marketing & Design Ltd","27 Forest Park Kingswood Dublin 24, Ireland",,,,IE,"(01) 403 1928",,establishment,,http://www.irishweddingsonline.com/,53.307209,-6.363022,"Google Places",ChIJr-GwIVYLZ0gRzlErotfpShQ,https://plus.google.com/100860280228815056681/about?hl=en
"Bairbre Crowley","27 Anne St S, Dublin 2 Dublin, Co. Dublin, Ireland","Dublin 2 Dublin",Dublin,,IE,"087 641 0414",,"health, establishment","Monday: 9:00 am – 4:00 pm
Tuesday: 9:00 am – 4:00 pm
Wednesday: 10:00 am – 6:00 pm
Thursday: 4:00 – 9:00 pm
Friday: 4:00 – 8:00 pm
Saturday: 10:00 am – 4:00 pm
Sunday: Closed",http://www.bairbrecrowley.ie/,53.341087,-6.259545,"Google Places",ChIJcZ2N8ZsOZ0gRqct6Ax1M9J4,https://plus.google.com/110895263023873169795/about?hl=en
"Bairbre Crowley Iyengar Yoga","15 Grantham Street, Dublin 8, Ireland","Dublin 8",Dublin,,IE,"087 641 0414",,establishment,"Monday: 9:00 am – 5:00 pm
Tuesday: 9:00 am – 5:00 pm
Wednesday: 9:00 am – 5:00 pm
Thursday: 9:00 am – 5:00 pm
Friday: 9:00 am – 5:00 pm
Saturday: Closed
Sunday: Closed",http://www.bairbrecrowley.ie/,53.33391,-6.26793,"Google Places",ChIJcZ2N8ZsOZ0gRy-mxPEHddNE,https://plus.google.com/115003543844467862465/about?hl=en
"AVALON Complementary Therapy Centre","9 Dargle View, Dublin 16, Ireland","Dublin 16",Dublin,,IE,"087 227 1298",,"health, establishment","Monday: 2:30 – 8:30 pm
Tuesday: 2:30 – 8:30 pm
Wednesday: 2:30 – 8:30 pm
Thursday: 2:30 – 8:30 pm
Friday: 2:30 – 8:30 pm
Saturday: 10:30 am – 2:00 pm
Sunday: Closed",http://www.theavaloncentre.com/,53.310636,-6.283038,"Google Places",ChIJOyUr6_ULZ0gR6waAZmfuc7Y,https://plus.google.com/118403425873278701974/about?hl=en
"How-To Ebooks Download","2 Ballyowen Court, Dublin, Ireland",Dublin,Dublin,,IE,"086 210 3415",,"book_store, store, establishment",,http://www.howtoebooksdownload.com/,53.355168,-6.421433,"Google Places",ChIJIeOBUORyZ0gRLiQ_UooD-XE,https://plus.google.com/113141985247000627046/about?hl=en
"Greystones Yoga Studio","Church Road, Greystones, Co. Wicklow, Ireland",Greystones,Wicklow,,IE,"086 854 2741",,establishment,,http://www.greystonesyoga.ie/,53.14371,-6.060813,"Google Places",ChIJcUdAJCyvZ0gRhy6-9aCDKz4,https://plus.google.com/113391299828304103035/about?hl=en
"The Blessington Book Store","Main Street, Blessington, Co. Wicklow, Ireland",Blessington,Wicklow,,IE,"(045) 857 730",,"book_store, store, establishment","Monday: 9:00 am – 5:30 pm
Tuesday: 9:00 am – 5:30 pm
Wednesday: 9:00 am – 5:30 pm
Thursday: 9:00 am – 5:30 pm
Friday: 9:00 am – 5:30 pm
Saturday: 9:00 am – 5:30 pm
Sunday: 11:00 am – 4:00 pm",http://www.blessingtonbookstore.ie/,53.171324,-6.531726,"Google Places",ChIJ3_6a9R6dZ0gRAwDgBGrNB38,https://plus.google.com/113992065703458701065/about?hl=en
"'Livewell Counselling & Psychotherapy'","Dublin Road, Ashbourne, Co. Meath, Ireland",Meath,Meath,,IE,"083 439 3715",,"health, establishment","Monday: 9:00 am – 5:00 pm
Tuesday: 9:00 am – 7:00 pm
Wednesday: 9:00 am – 7:00 pm
Thursday: 9:00 am – 7:00 pm
Friday: 9:00 am – 7:00 pm
Saturday: 9:00 am – 7:00 pm
Sunday: Closed",http://www.livewell.ie/,53.500718,-6.388962,"Google Places",ChIJ6--gztwUZ0gRJIcd4miVhAY,https://plus.google.com/104240587811287745240/about?hl=en
"Veritas Co Ltd","8 Abbey Street Lower, Dublin, Ireland","Dublin City",Dublin,,IE,"(01) 878 8177",,"book_store, store, establishment","Monday: 9:00 am – 6:00 pm
Tuesday: 9:00 am – 6:00 pm
Wednesday: 9:00 am – 6:00 pm
Thursday: 9:00 am – 6:00 pm
Friday: 9:00 am – 6:00 pm
Saturday: 9:00 am – 5:30 pm
Sunday: Closed",http://www.veritasbooksonline.com/,53.348677,-6.258669,"Google Places",ChIJs6jmroUOZ0gRAIrh794pgOM,https://plus.google.com/100365997502116531909/about?hl=en
"Pilates Plus Dublin","11 William Street South, Dublin, Ireland",Dublin,Dublin,,IE,"087 909 2400",,"health, establishment","Monday: 9:00 am – 8:30 pm
Tuesday: 9:00 am – 8:30 pm
Wednesday: 9:00 am – 8:30 pm
Thursday: 9:00 am – 8:30 pm
Friday: 9:00 am – 8:00 pm
Saturday: 9:00 am – 2:00 pm
Sunday: Closed",http://www.pilatesplusdublin.ie/,53.342399,-6.262469,"Google Places",ChIJD8JqXpwOZ0gRUd8rEB1eB6w,https://plus.google.com/107401914260074806683/about?hl=en
"Marian Sopoliga & Lenka Sopoligova - Reiki Therapists","Castleforbes Square, Dublin 1, Ireland","Dublin 1",Dublin,,IE,"(01) 442 2702",,"health, establishment","Monday: 9:00 am – 8:00 pm
Tuesday: 9:00 am – 8:00 pm
Wednesday: 9:00 am – 8:00 pm
Thursday: 9:00 am – 8:00 pm
Friday: 9:00 am – 8:00 pm
Saturday: 9:00 am – 8:00 pm
Sunday: 9:00 am – 2:00 pm",http://www.complementary-therapists.com/irish-therapists/dublin/marian-lenka.htm,53.349629,-6.232219,"Google Places",ChIJCWR6dvEOZ0gRi4--U5REvMQ,https://plus.google.com/102876961350105050651/about?hl=en
"Church of Our Lady of Victories","Ballymun Road, Dublin 9, Ireland","Dublin 9",Dublin,,IE,,,"church, place_of_worship, establishment",,http://www.olv.ie,53.387824,-6.264057,"Google Places",ChIJWyCA5A8OZ0gRttkF0NX_DFY,https://plus.google.com/117693418287043162608/about?hl=en
"Varitas Co Ltd - Blanchardstown","Unit 309, Blanchardstown Centre, Dublin, Ireland",Dublin,Dublin,,IE,"(01) 886 4030",,"book_store, store, establishment",,http://www.veritasbooksonline.com/,53.391407,-6.390651,"Google Places",ChIJEfLXs6oSZ0gRaUcs-5p1w60,https://plus.google.com/105523333625024953344/about?hl=en
"InterContinental Dublin","Simmonscourt Road, Dublin 4, Ireland","Dublin 4","Co. Dublin",,IE,"(01) 665 4000",4.1,"lodging, spa, establishment","Monday: Open 24 hours
Tuesday: Open 24 hours
Wednesday: Open 24 hours
Thursday: Open 24 hours
Friday: Open 24 hours
Saturday: Open 24 hours
Sunday: Open 24 hours",http://www.intercontinental.com/dublin,53.326505,-6.225689,"Google Places",ChIJ71UYOc8OZ0gR5WDlL5gRIRg,https://plus.google.com/115700367569508572789/about?hl=en
"1escape Health Club","Block G, Smithfield Market, Smithfield, Dublin 7, Block G Smithfield Market,, Smithfield, Dublin 7, Ireland","Dublin 7","Co. Dublin",,IE,"(01) 485 0700",4.1,"gym, health, establishment","Monday: 6:30 am – 9:30 pm
Tuesday: 6:30 am – 9:30 pm
Wednesday: 6:30 am – 9:30 pm
Thursday: 6:30 am – 9:30 pm
Friday: 6:30 am – 9:30 pm
Saturday: 10:00 am – 6:00 pm
Sunday: 10:00 am – 6:00 pm",http://www.oneescape.ie/,53.34955,-6.278402,"Google Places",ChIJl8_Ohi4MZ0gRkrRAc0fH77E,https://plus.google.com/118403482667828190613/about?hl=en
Anahata,"11 St. Stephen's green, Dublin 2, Ireland","Dublin 2",Dublin,,IE,"(01) 611 1108",,"spa, health, establishment","Monday: 11:00 am – 8:00 pm
Tuesday: 11:00 am – 8:00 pm
Wednesday: 11:00 am – 8:00 pm
Thursday: 11:00 am – 8:00 pm
Friday: 11:00 am – 8:00 pm
Saturday: 11:00 am – 6:00 pm
Sunday: Closed",http://www.anahata.ie/,53.342121,-6.257656,"Google Places",ChIJQWFlsJsOZ0gRrurKDSExRQE,https://plus.google.com/116323127017353996786/about?hl=en
"Bear Bicycles","12A Magennis Pl, Dublin 2, Ireland","Dublin 2",,,IE,"(01) 674 7849",,"bicycle_store, store, establishment","Monday: 9:30 am – 6:30 pm
Tuesday: 9:30 am – 6:30 pm
Wednesday: 9:30 am – 6:30 pm
Thursday: 9:30 am – 6:30 pm
Friday: 9:30 am – 6:30 pm
Saturday: 10:00 am – 4:00 pm
Sunday: Closed",http://www.bear-bicycles.com/,53.344245,-6.248512,"Google Places",ChIJCS_Pl5EOZ0gRCt4RM33IIbs,https://plus.google.com/102931130210197998944/about?hl=en
"Dublin Hypnosis Centre","Suite 4, 44 Westland Row, Dublin 2, Ireland","Dublin 2",Dublin,,IE,"086 377 6034",,"health, establishment","Monday: 11:00 am – 7:00 pm
Tuesday: Closed
Wednesday: 11:00 am – 7:00 pm
Thursday: Closed
Friday: 11:00 am – 7:00 pm
Saturday: Closed
Sunday: Closed",http://hypnosisindublin.ie/,53.34289,-6.249919,"Google Places",ChIJqZcLvJAOZ0gReBw__Jy6goY,https://plus.google.com/116052888517439093463/about?hl=en
VoucherPages,"Nova Innovation Centre Nova Complex, NovaUCD, Stillorgan Rd, Belfield, Dublin 4, Ireland","Dublin 4",Dublin,,IE,"(01) 901 0448",,"beauty_salon, gym, restaurant, home_goods_store, lodging, food, health, hair_care, florist, store, establishment","Monday: 12:00 am – 11:30 pm
Tuesday: 12:00 am – 11:30 pm
Wednesday: 12:00 am – 11:30 pm
Thursday: 12:00 am – 11:30 pm
Friday: 12:00 am – 11:30 pm
Saturday: 12:00 am – 11:30 pm
Sunday: 12:00 am – 11:30 pm",http://www.voucherpages.ie/,53.304159,-6.212081,"Google Places",ChIJvfNmE_wHZ0gRQ5ytqqvQ24w,https://plus.google.com/108675145540419158853/about?hl=en
Mindstream,"Dublin, Ireland",Dublin,Dublin,,IE,"(01) 797 9175",,establishment,,http://www.mindstream.ie/,53.348988,-6.244182,"Google Places",ChIJJyrpAY0OZ0gRAX6ZTfa1aRE,https://plus.google.com/100843869302085314102/about?hl=en
"Aspire Health Acupuncture & Massage","106 Roselawn Road, Dublin, Ireland",Dublin,Dublin,,IE,"(01) 823 5660",,"spa, health, establishment","Monday: 9:00 am – 6:00 pm
Tuesday: 9:00 am – 9:00 pm
Wednesday: 9:00 am – 6:00 pm
Thursday: 9:00 am – 9:00 pm
Friday: 9:00 am – 6:00 pm
Saturday: 11:00 am – 4:00 pm
Sunday: Closed",http://www.aspirehealth.ie/,53.383853,-6.381297,"Google Places",ChIJ6QgglVENZ0gRIO66v2AtoJc,https://plus.google.com/116251909709212212621/about?hl=en
"Near 90 fm","Bunratty Road, Dublin, Ireland",Dublin,Dublin,,IE,"(01) 867 1190",,establishment,,http://www.near.ie/,53.3937,-6.206959,"Google Places",ChIJJ-UV8toPZ0gRiVHqV9Qi6Fw,https://plus.google.com/102461801287418540391/about?hl=en
"JET Design Consultancy","6 Donnybrook Road, Dublin 4, Ireland","Dublin 4",Dublin,,IE,"(01) 440 3721",,establishment,"Monday: 8:30 am – 5:30 pm
Tuesday: 8:30 am – 5:30 pm
Wednesday: 8:30 am – 5:30 pm
Thursday: 8:30 am – 5:30 pm
Friday: 8:30 am – 5:30 pm
Saturday: Closed
Sunday: Closed",http://www.jet.ie/,53.322443,-6.237119,"Google Places",ChIJpYkGLpYOZ0gRgLb7IFZ_1zQ,https://plus.google.com/109373821583172312399/about?hl=en
"iYOGA Dublin ~ Iyengar Yoga Centre of North Dublin","365 North Circular Road, Dublin 7, Ireland","Dublin 7","Baile Átha Cliath",,IE,"(01) 882 8858",,establishment,"Monday: 10:00 am – 9:00 pm
Tuesday: 10:00 am – 9:00 pm
Wednesday: 10:00 am – 9:00 pm
Thursday: 11:00 am – 9:00 pm
Friday: 10:00 am – 1:30 pm
Saturday: 10:00 am – 4:00 pm
Sunday: 10:00 am – 4:00 pm",http://www.iyoga.ie/,53.360835,-6.272056,"Google Places",ChIJ-8xq_NUNZ0gRObBPDUMni98,https://plus.google.com/105821255429508727588/about?hl=en
"Ayurveda Centre","15 Trafalgar Terrace, Blackrock, Co. Dublin, Ireland",,Dublin,,IE,"(01) 284 5742",,"health, establishment",,http://www.ayurveda.ie/,53.297454,-6.161597,"Google Places",ChIJSdBibr0IZ0gR7QkFvB3HJ4E,https://plus.google.com/116055062069156968447/about?hl=en
"Clear Focus Hypnotherapy","24 Baggot Street Lower, Dublin 2, Ireland","Dublin 2",Dublin,,IE,"085 166 6000",,"health, establishment","Monday: 9:00 am – 5:00 pm
Tuesday: 9:00 am – 5:00 pm
Wednesday: 9:00 am – 5:00 pm
Thursday: 9:00 am – 5:00 pm
Friday: 9:00 am – 5:00 pm
Saturday: 9:00 am – 5:00 pm
Sunday: Closed",http://www.clearfocushypnotherapy.ie/,53.337645,-6.250824,"Google Places",ChIJbR8Pn5cOZ0gRi672O-JmD9Y,https://plus.google.com/116265731158852732799/about?hl=en
"Citywest Educate Together National School","Fortunestown Lane, Citywest, Dublin 24, Ireland",,,,IE,"(01) 403 5906",,"school, establishment",,http://www.citywestetns.ie/,53.283909,-6.438194,"Google Places",ChIJ9aQTcGh0Z0gRfCBl6aQUQQ0,https://plus.google.com/113571949766016086921/about?hl=en
"Phoenix Wellness Centre","12 Convent Way, Riverston Abbey, Navan Road, Dublin 7, Ireland","Dublin 7",Dublin,,IE,"(01) 868 5597",,establishment,,http://www.phoenixwellnesscentre.ie/,53.369919,-6.312686,"Google Places",ChIJp1ZxgLwNZ0gRCxKJtM3fBII,https://plus.google.com/101145917518578456931/about?hl=en
"Complementary Therapists","5 Ardmore Drive, Dublin 5, Ireland","Dublin 5",Dublin,,IE,"086 668 2855",,"health, establishment",,http://www.complementary-therapists.com/,53.388366,-6.215449,"Google Places",ChIJVfGDK8wPZ0gROjMPMQhZeLc,https://plus.google.com/113651269337634309661/about?hl=en
YogaVillage,"4B Saint Patrick's Road, Dun Laoghaire, Co. Dublin, Ireland","Dun Laoghaire",Dublin,,IE,"087 232 2481",,establishment,,http://www.yogavillage.ie/,53.2782,-6.10342,"Google Places",ChIJ9cBK2kwGZ0gRZWTIMPOyR0I,https://plus.google.com/115429463251871717343/about?hl=en
"bear bicycles","1 Castle Street, Dublin, Ireland",Dublin,Dublin,,IE,"087 149 9455",4.8,"bicycle_store, store, establishment","Monday: Closed
Tuesday: Closed
Wednesday: 9:00 am – 5:00 pm
Thursday: 9:00 am – 5:00 pm
Friday: 9:00 am – 5:00 pm
Saturday: 11:00 am – 5:00 pm
Sunday: Closed",http://www.bear-bicycles.com/,53.34317,-6.269823,"Google Places",ChIJLaZWvCcMZ0gRRAolF0cVs-I,https://plus.google.com/100293589928903335950/about?hl=en
"Muziko - Dublin","2 Herbert Lane, Dublin City, Co. Dublin, Ireland","Dublin City",Dublin,,IE,"086 841 6030",,"store, establishment",,http://muziko.com/,53.336479,-6.243679,"Google Places",ChIJmYVk7JUOZ0gRQtxL_16rAFs,https://plus.google.com/107736188690615543066/about?hl=en
Medpages.ie,"6 Suffolk St, Dublin, Ireland",Dublin,Dublin,,IE,"(01) 675 5137",,"doctor, dentist, health, establishment","Monday: 9:00 am – 5:00 pm
Tuesday: 9:00 am – 5:00 pm
Wednesday: 9:00 am – 5:00 pm
Thursday: 9:00 am – 5:00 pm
Friday: 9:00 am – 5:00 pm
Saturday: Closed
Sunday: Closed",http://www.medpages.ie/,53.343708,-6.260212,"Google Places",ChIJlT6MY5sOZ0gR6K_xcCJmhbo,https://plus.google.com/112590289778880271689/about?hl=en
"Yoga Practice","Rathgar, Dublin 6, Ireland","Dublin 6",Dublin,,IE,"086 237 1077",,establishment,,http://www.yogapractice.ie/,53.308875,-6.269653,"Google Places",ChIJbWgmeAgMZ0gRn-CtiJt1Gh8,https://plus.google.com/107451845041216142410/about?hl=en
"Patricia Loughlin","67 Camden Street Lower, Dublin 2, Ireland","Dublin 2",Dublin,,IE,"087 620 9892",,"health, establishment",,http://www.reikiinireland.com/,53.334806,-6.265492,"Google Places",ChIJFcsK_J8OZ0gRDMCIam78OXU,https://plus.google.com/108103732110192919021/about?hl=en
"Our Lady Queen of Heaven, Dublin Airport","Our Lady Queen of Heaven,, Dublin Airport, Dublin, Ireland",,,,IE,,,establishment,,http://www.swordsparish.com/,53.428611,-6.241903,"Google Places",ChIJCbcI2bARZ0gRbH4vG7cIaKE,https://plus.google.com/110933852131452141291/about?hl=en
"JET Design Consultancy","6 Donnybrook Road, Dublin 4, Ireland","Dublin 4",Dublin,,IE,"(01) 440 3721",,establishment,"Monday: 9:00 am – 6:00 pm
Tuesday: 9:00 am – 6:00 pm
Wednesday: 9:00 am – 6:00 pm
Thursday: 9:00 am – 6:00 pm
Friday: 9:00 am – 6:00 pm
Saturday: Closed
Sunday: Closed",http://www.jet.ie/,53.336263,-6.24469,"Google Places",ChIJg0yc5JUOZ0gRiPQ3KSHm9fw,https://plus.google.com/115060325870469773145/about?hl=en
"Patricia Loughlin","28 William Street South, Dublin 2, Ireland","Dublin 2",Dublin,,IE,"087 620 9892",,"health, establishment","Monday: 9:00 am – 8:00 pm
Tuesday: 9:00 am – 8:00 pm
Wednesday: 9:00 am – 9:00 pm
Thursday: 9:00 am – 8:00 pm
Friday: 9:00 am – 8:00 pm
Saturday: 9:00 am – 6:30 pm
Sunday: 9:00 am – 6:30 pm",http://www.reikiinireland.com/,53.341576,-6.263119,"Google Places",ChIJy0-5SJwOZ0gReKxekteZy5o,https://plus.google.com/106475422947453482669/about?hl=en
"Mindstream Life Coaching","Research Centre, National College of Ireland, IFSC, Co. Dublin, Ireland",IFSC,Dublin,,IE,"(01) 835 7758",,establishment,,http://www.mindstream.ie/,53.349071,-6.244289,"Google Places",ChIJvb0v_owOZ0gR_Yf2rn0hqRM,https://plus.google.com/118255578901701961589/about?hl=en
Healingoptions4u,"Granby Hall, Granby Row, Dublin 1, Ireland","Dublin 1",Dublin,,IE,"086 823 5405",,"health, establishment","Monday: 8:00 am – 8:00 pm
Tuesday: 8:00 am – 8:00 pm
Wednesday: 8:00 am – 8:00 pm
Thursday: 8:00 am – 8:00 pm
Friday: 8:00 am – 8:00 pm
Saturday: 10:00 am – 4:00 pm
Sunday: Closed",http://www.healingoptions4u.com/,53.353734,-6.265993,"Google Places",ChIJSc5i44AOZ0gROcjJQUJIWgw,https://plus.google.com/111942404067063487606/about?hl=en
McSport,"Unit 5 Fern Road, Sandyford Industrial Estate, Dublin 18, Ireland","Dublin 18",Dublin,,IE,"(01) 293 0005",,"store, establishment","Monday: 9:00 am – 5:00 pm
Tuesday: 9:00 am – 5:00 pm
Wednesday: 9:00 am – 5:00 pm
Thursday: 9:00 am – 5:00 pm
Friday: 9:00 am – 5:00 pm
Saturday: Closed
Sunday: Closed",http://www.mcsport.ie/,53.273594,-6.212311,"Google Places",ChIJGTmKVNWnZ0gR8p-UqER89FA,https://plus.google.com/105408905434248666599/about?hl=en
"Helen Sherlock Yoga","Gate Lodge, All Hallows Missonary College - Lodge, Grace Park Road, Dublin, Ireland",Dublin,Dublin,,IE,"087 791 1837",,"health, establishment",,http://www.yogaclass.ie/,53.369954,-6.247753,"Google Places",ChIJ-5BmYGgOZ0gRmhkHvKBCLBY,https://plus.google.com/114897133281125456708/about?hl=en
"Sarah Bird Consultants","19 Farmleigh Close, Stillorgan, Co. Dublin, Ireland",Stillorgan,Dublin,,IE,"087 219 3343",,establishment,,http://www.sarahbird.ie/,53.283595,-6.191439,"Google Places",ChIJhW3YqPwIZ0gR5pqejtH-Kxs,https://plus.google.com/115538021934628137714/about?hl=en
"Healing Journey","Based in Resolute Pilates Studio, Unit 19 Bawnogue Enterprise Centre, Clondalkin, Co. Dublin, Ireland",Clondalkin,Dublin,,IE,"085 151 9644",,"health, establishment","Monday: 10:00 am – 8:00 pm
Tuesday: 10:00 am – 8:00 pm
Wednesday: 10:00 am – 8:00 pm
Thursday: 10:00 am – 8:00 pm
Friday: 10:00 am – 8:00 pm
Saturday: Closed
Sunday: Closed",http://www.healingjourney.ie/,53.325061,-6.413258,"Google Places",ChIJkeXr6mxzZ0gReZsDFyew714,https://plus.google.com/112137018215184011442/about?hl=en
"Reiki in Ireland","42 Beech Rd., Foxrock, Dublin 18, Dublin, Ireland",Dublin,Dublin,,IE,"087 620 9892",,"health, establishment","Monday: 10:00 am – 8:00 pm
Tuesday: 10:00 am – 8:00 pm
Wednesday: 10:00 am – 8:00 pm
Thursday: 10:00 am – 8:00 pm
Friday: 10:00 am – 8:00 pm
Saturday: 10:00 am – 8:00 pm
Sunday: 10:00 am – 8:00 pm",http://www.reikiinireland.com/,53.272616,-6.168061,"Google Places",ChIJ3VQu2l8IZ0gRbwev0qR_aqg,https://plus.google.com/114325946181872308398/about?hl=en
"Helen Sherlock Yoga","Grace Park Road, Dublin 9, Ireland","Dublin 9",,,IE,"087 791 1837",,establishment,,http://www.yogaclass.ie/,53.375636,-6.242398,"Google Places",ChIJE0FtzusOZ0gRb8dbLZKfJao,https://plus.google.com/106156076645788038592/about?hl=en
"Om Yoga","18 Springfield, Dublin 7, Ireland","Dublin 7",Dublin,,IE,"087 207 1530",,establishment,,http://www.omyoga.ie/,53.361308,-6.307817,"Google Places",ChIJmW7AleENZ0gRA7Xm0bAv4s0,https://plus.google.com/101026140337894976218/about?hl=en
"Solution Focused Therapy Dublin Hypnotherapy & Psychotherapy","Judehaven, 36 Granville Park, Blackrock, Co. Dublin, Ireland",Blackrock,Dublin,,IE,"086 100 2923",,"health, establishment","Monday: 9:30 am – 9:00 pm
Tuesday: 9:30 am – 9:00 pm
Wednesday: 3:00 – 9:00 pm
Thursday: 9:30 am – 9:00 pm
Friday: 9:30 am – 9:00 pm
Saturday: 10:00 am – 4:00 pm
Sunday: Closed",http://www.solutionfocusedtherapy.ie/,53.279709,-6.177284,"Google Places",ChIJb7Z0S_EIZ0gRE7iA51eimnE,https://plus.google.com/111683693118758135184/about?hl=en
"St. Colmcille's Church","Chapel Ln, Swords, Co. Fingal, Ireland",Fingal,Fingal,,IE,,,"church, place_of_worship, establishment",,http://www.swordsparish.com/,53.457598,-6.216395,"Google Places",ChIJpx_D3-0QZ0gRxd1A34X4RDc,https://plus.google.com/106525548685375781765/about?hl=en
"Irish School of Life","6 Claremont Villas, Dublin, Ireland",Dublin,Dublin,,IE,"(01) 254 2534",,"health, establishment",,http://www.irishschooloflife.com/,53.282806,-6.125754,"Google Places",ChIJD4NKkjEGZ0gRwE1kMLBuqAg,https://plus.google.com/101845328489795263046/about?hl=en
"Yoga Croi","Ballyowen, Co. Dublin, Ireland","South Dublin",Dublin,,IE,"086 837 2862",,establishment,"Monday: Closed
Tuesday: Closed
Wednesday: 7:45 – 9:00 pm
Thursday: Closed
Friday: Closed
Saturday: Closed
Sunday: Closed",http://www.yogacroi.com/,53.350909,-6.424442,"Google Places",ChIJF9ROLeNyZ0gR5g8viflqtsU,https://plus.google.com/101796001176026446305/about?hl=en
"Lucan Yoga","Lucan Spa Hotel, Lucan, Co.Dublin, Co. Dublin, Ireland",Co.Dublin,Dublin,,IE,"086 846 7045",,establishment,,http://www.lucanyoga.com/,53.35568,-6.463362,"Google Places",ChIJ0Z2amkhyZ0gRKvYdRU3fPro,https://plus.google.com/116161312537189630559/about?hl=en
"Church of the Assumption","Saint Marys Road, Howth, Co. Dublin, Ireland",,Dublin,,IE,"(01) 839 7398",,"church, place_of_worship, establishment",,http://www.howthparish.ie/,53.384479,-6.064807,"Google Places",ChIJjfvixZkEZ0gRJ8jzGxtm1pc,https://plus.google.com/115975618206516710461/about?hl=en
"West Wicklow Yoga","Blessington, Blessington, Co. Wicklow, Ireland",Blessington,Wicklow,,IE,"087 909 0895",,establishment,"Monday: 9:00 am – 9:00 pm
Tuesday: 9:00 am – 9:00 pm
Wednesday: 9:00 am – 9:00 pm
Thursday: 9:00 am – 9:00 pm
Friday: 9:00 am – 9:00 pm
Saturday: Closed
Sunday: Closed",http://www.westwicklowyoga.ie/,53.169658,-6.534069,"Google Places",ChIJF_rguh-dZ0gRqtY0081uxpo,https://plus.google.com/108287192935065113480/about?hl=en
"Terenure Allergy Test Clinic","4 Ashfield Park, Terenure, Dublin 6W, Co. Dublin, Ireland","Dublin 6W",Dublin,,IE,"085 144 5494",,"doctor, health, establishment",,http://www.allergytestinginireland.com/,53.314894,-6.283904,"Google Places",ChIJC5wrygsMZ0gRTgRRYAzApy0,https://plus.google.com/117076696848526362988/about?hl=en
"Ayurveda Centre","2 Stephen Street Lower, Dublin 2, Ireland","Dublin 2",Dublin,,IE,"(01) 478 9744",,establishment,,http://www.ayurveda.ie/,53.341252,-6.264422,"Google Places",ChIJUa09tp0OZ0gRQejmgVXxszE,https://plus.google.com/113187051802501830130/about?hl=en
"Dr Elaine Ryan Counselling Psychologist","20 Baggot Street Lower, Dublin 2, Ireland","Dublin 2",Dublin,,IE,"086 793 3456",,"health, establishment","Monday: 9:30 am – 5:00 pm
Tuesday: 9:30 am – 5:00 pm
Wednesday: 9:30 am – 5:00 pm
Thursday: 9:30 am – 5:00 pm
Friday: Closed
Saturday: Closed
Sunday: Closed",http://www.mytherapist.ie/,53.336767,-6.249117,"Google Places",ChIJt9E0tJcOZ0gRrOL_KHBFpv0,https://plus.google.com/100714335353370352536/about?hl=en
