Name,"Full Address",City,County/State,Postcode,Country,"Telephone Number",Rating,Keywords,"Opening hours",URL,Latitude,Longitude,"Data Source","Data Source Identifer"
"Helen McCormack, Home of Herbs","186 Philipsburgh Avenue, Dublin 3, Ireland","Dublin 3",Dublin,,IE,"(01) 836 8965",,"health, establishment",,http://www.homeofherbs.ie/,53.370154,-6.238649,"Google Places",ChIJ1xbJgkQOZ0gREZ8ehfmubgA,https://plus.google.com/111388432474386816807/about?hl=en
"Ronan Donnelly Traditional Chinese Medicine","22 Mount Symon Avenue, Clonsilla, Dublin 15, Ireland",,,,IE,"(01) 820 5632",,"health, establishment",,http://www.ronandonnellytcm.com/,53.38779,-6.419935,"Google Places",ChIJY-eScZ9yZ0gRw1RCJrGveJ8,https://plus.google.com/115830400303914863254/about?hl=en
"Mark Goulding Acupuncture","11A Eglinton Road, Bray, Co. Wicklow, Ireland",Bray,Wicklow,,IE,"086 155 6384",,"health, establishment",,http://www.markgoulding.ie/,53.203625,-6.106452,"Google Places",ChIJeW_QC2-oZ0gRGGFe7WbPWnw,https://plus.google.com/111813211296235599274/about?hl=en
"Dr Tom O Brien ★","22, 31 James's Walk, Rialto, Dublin 8, Ireland","Dublin 8",Dublin,,IE,"086 026 1240",,"health, establishment","Monday: 6:00 – 10:00 pm
Tuesday: 6:00 – 10:00 pm
Wednesday: 6:00 – 10:00 pm
Thursday: 6:00 – 10:00 pm
Friday: 6:00 – 10:00 pm
Saturday: 11:00 am – 4:00 pm
Sunday: 2:00 – 5:00 pm",http://www.drtomobrien.ie/,53.338161,-6.293185,"Google Places",ChIJLVhXSj8MZ0gR66t6PToy48Y,https://plus.google.com/117779554810969429521/about?hl=en
"Newtownpark Clinic (Ciara Murphy)","7 Rockville Road, Blackrock, Co. Dublin, Ireland",Blackrock,Dublin,,IE,"(01) 210 8489",4.6,"health, establishment","Monday: 9:00 am – 5:00 pm
Tuesday: 9:00 am – 9:00 pm
Wednesday: 9:00 am – 9:00 pm
Thursday: 9:00 am – 6:00 pm
Friday: 9:00 am – 6:00 pm
Saturday: 9:00 am – 5:00 pm
Sunday: Closed",http://www.irishherbalist.ie/,53.290643,-6.171944,"Google Places",ChIJa476VesIZ0gRDjd3Rbizq50,https://plus.google.com/110626303335231895386/about?hl=en
"Melt Natural Healing Centre","2 Temple Lane South, Dublin 2, Ireland","Dublin 2","Co. Dublin",,IE,"(01) 679 8786",,"beauty_salon, health, establishment","Monday: 9:30 am – 9:00 pm
Tuesday: 9:30 am – 9:00 pm
Wednesday: 9:30 am – 9:00 pm
Thursday: 9:30 am – 9:00 pm
Friday: 9:30 am – 9:00 pm
Saturday: 10:00 am – 7:00 pm
Sunday: 10:00 am – 7:00 pm",http://www.meltonline.com/,53.34453,-6.264382,"Google Places",ChIJrS-91JwOZ0gRtm7P7ZgrLCM,https://plus.google.com/110758921450551687758/about?hl=en
"Anne Hughes Acupuncture","28 South William Street, Dublin, Ireland",,Dublin,,IE,"087 624 9555",,"health, establishment","Monday: Closed
Tuesday: 8:00 am – 3:00 pm
Wednesday: 8:00 am – 3:00 pm
Thursday: 8:00 am – 3:00 pm
Friday: Closed
Saturday: Closed
Sunday: Closed",http://www.well-being-dublin.com/,53.341578,-6.262996,"Google Places",ChIJ48AfhJwOZ0gR-LCWQzhIdCo,https://plus.google.com/115292667270683431432/about?hl=en
"Ronan Donnelly Acupuncture","22 Mount Symon Avenue, Dublin 15, Ireland","Dublin 15",Dublin,,IE,"(01) 820 5632",,"store, health, establishment",,http://www.ronandonnellytcm.com/,53.387746,-6.420061,"Google Places",ChIJpcj_b59yZ0gRKfblBsW_Ui0,https://plus.google.com/113645066714601212725/about?hl=en
"Chiropractor Dublin │Clontarf Chiropractic","126 Clontarf Rd, Dublin 3, Ireland","Dublin 3",Dublin,,IE,"(01) 833 4026",4.9,"health, establishment","Monday: 8:00 am – 1:00 pm, 3:30 – 7:00 pm
Tuesday: 8:00 am – 1:00 pm, 3:30 – 7:00 pm
Wednesday: 8:00 am – 1:00 pm, 3:30 – 7:00 pm
Thursday: 8:00 am – 1:00 pm, 3:30 – 7:00 pm
Friday: 8:00 am – 1:00 pm, 3:30 – 7:00 pm
Saturday: 8:00 am – 1:00 pm
Sunday: Closed",http://www.clontarfchiropractic.ie/,53.36056,-6.204445,"Google Places",ChIJnSD6NqgPZ0gReWTlrl4PJxo,https://plus.google.com/115011446405356798312/about?hl=en
"Acupuncture and Traditional Chinese Medicine Clinic","ICTCM House, Merchant's Road, Dublin 3, Ireland","Dublin 3","Co. Dublin",,IE,"087 955 2139",,"health, establishment",,http://www.chinesemedicine.ie/,53.353647,-6.22724,"Google Places",ChIJI_Dn5fkOZ0gRLM6UbWAE8HE,https://plus.google.com/111405236439653041058/about?hl=en
"Acupuncture Clinic Drumcondra","49 Clonliffe Road, Drumcondra, Dublin 9, Ireland","Dublin 9",Dublin,,IE,"087 290 9163",,establishment,"Monday: 2:00 – 10:00 pm
Tuesday: Closed
Wednesday: 2:00 – 10:00 pm
Thursday: 2:00 – 10:00 pm
Friday: Closed
Saturday: Closed
Sunday: Closed",http://www.chinesemedicine.ie/,53.361552,-6.245298,"Google Places",ChIJpadIuWAOZ0gRPygCS0C8ZAY,https://plus.google.com/108869892010677827645/about?hl=en
"John Doran Naturopath","33 Gilford Park, Sandymount, Co. Dublin, Ireland",Sandymount,Dublin,,IE,"(01) 269 3684",,"health, establishment",,http://www.naturopathysolutions.com/,53.327834,-6.217829,"Google Places",ChIJG1M4W9oOZ0gR89LmbyRIzEs,https://plus.google.com/100339010654646618658/about?hl=en
"Breath of Life - Natural Healing clinic","Village Court, 10 Strand Road, Portmarnock, Co. Dublin, Ireland",Fingal,Dublin,,IE,"(01) 846 0942",,"health, establishment",,http://www.bolhealing.com/,53.422601,-6.135478,"Google Places",ChIJX3szhsMaZ0gR9GLM-HHWuWQ,https://plus.google.com/101981024942908754383/about?hl=en
"The Health Store","Unit 102, Blanchardstown Shopping Centre, Blanchardstown, Dublin 15, Ireland","Blanchardstown, Dublin 15",,,IE,"(01) 822 2036",,"grocery_or_supermarket, food, store, health, establishment",,http://www.thehealthstore.ie/,53.39371,-6.390088,"Google Places",ChIJjec37lANZ0gR3Z0pXkw2Uvg,https://plus.google.com/115294409363114960627/about?hl=en
"Acupuncture Dublin|Dr. Catherine Larkin Acupuncture + Alternative Health Practices","61 Wilfield Road, Dublin 4, Ireland","Dublin 4",Dublin,,IE,"(01) 260 0826",,"doctor, health, establishment","Monday: 10:00 am – 5:00 pm
Tuesday: 10:00 am – 5:00 pm
Wednesday: 10:00 am – 5:00 pm
Thursday: 10:00 am – 5:00 pm
Friday: 10:00 am – 5:00 pm
Saturday: Closed
Sunday: Closed",http://www.acupunctureandalternativehealth.ie/,53.325702,-6.216992,"Google Places",ChIJF4CNm9AOZ0gRveloWypOU_s,https://plus.google.com/103260005608500792317/about?hl=en
"Donaghmede Acupuncture Clinic, Dublin 13","The Grange Clinic, Grange Road, Dublin 13, Ireland","Dublin 13",Dublin,,IE,"(01) 848 0033",,"health, establishment","Monday: Closed
Tuesday: Closed
Wednesday: Closed
Thursday: 2:00 – 8:00 pm
Friday: Closed
Saturday: 9:00 am – 2:00 pm
Sunday: Closed",http://www.tcmireland.ie/,53.394627,-6.164201,"Google Places",ChIJo9B2D9wQZ0gRTABh7RD8acg,https://plus.google.com/117599483990481251696/about?hl=en
"Dublin Herbalists","79 Queen Street, Dublin 7, Ireland","Dublin 7",Dublin,,IE,"083 106 7630",,"store, establishment",,http://www.dublinherbalists.ie/,53.347074,-6.280396,"Google Places",ChIJRwHesi8MZ0gR--Mz1Fizh_8,https://plus.google.com/115652705589865203559/about?hl=en
"Llorrac Marketing & Design Ltd","27 Forest Park Kingswood Dublin 24, Ireland",,,,IE,"(01) 403 1928",,establishment,,http://www.irishweddingsonline.com/,53.307209,-6.363022,"Google Places",ChIJr-GwIVYLZ0gRzlErotfpShQ,https://plus.google.com/100860280228815056681/about?hl=en
"Holistic Dublin","99 Rockford Manor, Stradbrook Road, Blackrock, Co. Dublin, Ireland",Blackrock,Dublin,,IE,"083 438 9840",,"health, establishment",,http://www.holisticdublin.ie/,53.287059,-6.163007,"Google Places",ChIJDaJljZEIZ0gRf54IYg1CujI,https://plus.google.com/104418579296142932687/about?hl=en
"Wellbeing Ireland","First Floor,, 2C Main Street,, Blackrock, Dublin,, Co. Dublin, Ireland","Blackrock, Dublin,",Dublin,,IE,"(01) 288 5118",,"health, establishment","Monday: 9:00 am – 5:30 pm
Tuesday: 9:00 am – 5:30 pm
Wednesday: 9:00 am – 5:30 pm
Thursday: 9:00 am – 5:30 pm
Friday: 9:00 am – 5:30 pm
Saturday: Closed
Sunday: Closed",http://www.wellbeing.ie/,53.302434,-6.178017,"Google Places",ChIJAVR84MYIZ0gR-1NrtWgefmE,https://plus.google.com/115495403478559735711/about?hl=en
"Dr Acupuncture","41 Henry Street, Dublin 1, Ireland","Dublin 1",Dublin,,IE,"(01) 804 4544",,"health, establishment","Monday: 10:00 am – 7:30 pm
Tuesday: 10:00 am – 7:30 pm
Wednesday: 10:00 am – 7:30 pm
Thursday: 10:00 am – 7:30 pm
Friday: 10:00 am – 7:30 pm
Saturday: 10:00 am – 7:30 pm
Sunday: 11:00 am – 6:00 pm",http://dracupuncture.ie/,53.349625,-6.261756,"Google Places",ChIJzSGKDIQOZ0gRYwNcCzrDt2U,https://plus.google.com/104845170324393510113/about?hl=en
"Dr Acupuncture","Unit10A, Nutgrove SC, Rathfarnham, Dublin 14, Dublin, Ireland",Dublin,Dublin,,IE,"(01) 901 0688",,"health, establishment","Monday: 10:00 am – 6:30 pm
Tuesday: 10:00 am – 6:30 pm
Wednesday: 10:00 am – 6:30 pm
Thursday: 10:00 am – 6:30 pm
Friday: 10:00 am – 6:30 pm
Saturday: 10:00 am – 6:30 pm
Sunday: 12:00 – 6:00 pm",http://dracupuncture.ie/,53.289962,-6.267548,"Google Places",ChIJE9iYad0LZ0gRyzDBb4b9mZM,https://plus.google.com/110097071694667427326/about?hl=en
