Name,"Full Address",City,County/State,Postcode,Country,"Telephone Number",Rating,Keywords,"Opening hours",URL,Latitude,Longitude,"Data Source","Data Source Identifer"
Chiropodist,"The Square, Tallaght, Co. Dublin, Ireland",,Dublin,,IE,"(01) 451 7314",,establishment,,https://plus.google.com/103171573152477170453/about?hl=en,53.286818,-6.372255,"Google Places",ChIJd9IwvrV0Z0gR55it4zmD19w,https://plus.google.com/103171573152477170453/about?hl=en
"Frank Dowling & Associates","8 Dodsborough Road, Dublin, Ireland",Dublin,Dublin,,IE,"(01) 621 9963",,"doctor, health, establishment","Monday: Closed
Tuesday: 9:30 am – 5:30 pm
Wednesday: 10:00 am – 5:30 pm
Thursday: 9:30 am – 7:00 pm
Friday: 9:30 am – 5:30 pm
Saturday: 9:00 am – 2:00 pm
Sunday: Closed",http://www.podiatrist.ie/,53.352383,-6.461597,"Google Places",ChIJy9-aQElyZ0gRYK70UpjKpuo,https://plus.google.com/101368573013861561879/about?hl=en
"Society of Chiropodists & Podiatrists of Ireland","68 Granville Rd, Dun Laoghaire, Co. Dublin, Ireland","Dun Laoghaire",Dublin,,IE,"(01) 202 4939",,establishment,,http://www.podiatryireland.com/,53.26211,-6.141455,"Google Places",ChIJhezs_HYIZ0gRlRToJbYKTgw,https://plus.google.com/104434190233373647963/about?hl=en
"Frank Dowling & Associates","Riverside Medical Centre, Navan Rd, Mulhuddart, Co. Dublin, Ireland",Mulhuddart,Dublin,,IE,"(01) 646 7830",,"hospital, establishment","Monday: Closed
Tuesday: Closed
Wednesday: 9:30 am – 5:00 pm
Thursday: Closed
Friday: 9:00 am – 1:00 pm
Saturday: 10:00 am – 2:00 pm
Sunday: Closed",http://www.podiatrist.ie/,53.403046,-6.39828,"Google Places",ChIJWRQkf1JtZ0gR5DLxRCiPviI,https://plus.google.com/108728487710478943583/about?hl=en
"Cahill Chiropodists","The Mews, 10 Fairview, Dublin, Ireland",Dublin,Dublin,,IE,"(01) 833 2269",,establishment,,https://plus.google.com/117357303466022159213/about?hl=en,53.363339,-6.235904,"Google Places",ChIJhRZS4VsOZ0gRq5WJKSzSBwc,https://plus.google.com/117357303466022159213/about?hl=en
"Cahill Chiropodists","Unit H Stillorgan Shopping Centre, Stillorgan, Co. Dublin, Ireland",Stillorgan,Dublin,,IE,"(01) 288 6330",,establishment,,https://plus.google.com/112932474724561045560/about?hl=en,53.289089,-6.20778,"Google Places",ChIJC9k-XBkJZ0gR0E2o81HwZJ0,https://plus.google.com/112932474724561045560/about?hl=en
"Templeogue Chiropody Clinic","30 Glendown Park, Dublin, Ireland",Dublin,Dublin,,IE,"(01) 456 2298",,"health, establishment",,http://www.dublinfootclinic.com/,53.303637,-6.316552,"Google Places",ChIJHabIuHgLZ0gRGEbjzxCBXFI,https://plus.google.com/109063085550151356954/about?hl=en
Chiropody.ie,"stokes court ,7 Main St, Dundrum, Dublin, Ireland",Dublin,Dublin,,IE,"(01) 298 2982",,"doctor, health, establishment",,http://www.chiropody.ie/,53.290993,-6.244935,"Google Places",ChIJ_wyeLMgOZ0gR9rr6o21R7fw,https://plus.google.com/116247372363728139130/about?hl=en
"The Chiropody Centre","27 O'Connell Street Lower, Dublin, Ireland",Dublin,Dublin,,IE,"(01) 874 2052",,establishment,,https://plus.google.com/115484961248818304712/about?hl=en,53.349375,-6.259927,"Google Places",ChIJm8HbRoQOZ0gRy-7LUY4vo_Q,https://plus.google.com/115484961248818304712/about?hl=en
"Rathfarnham Chiropody Clinic","10 Main Street, Dublin, Ireland",Dublin,Dublin,,IE,"087 279 1460",,establishment,,https://plus.google.com/116112537134538164853/about?hl=en,53.29933,-6.285233,"Google Places",ChIJhQ74Nu0LZ0gR6qlwV8Hsmf8,https://plus.google.com/116112537134538164853/about?hl=en
"Chiropody Clinic","133 Walkinstown Road, Dublin, Ireland",Dublin,Dublin,,IE,"(01) 450 0067",,establishment,,https://plus.google.com/106161701752284512688/about?hl=en,53.318925,-6.331974,"Google Places",ChIJX9VqSYUMZ0gRh09pPsLO2JU,https://plus.google.com/106161701752284512688/about?hl=en
"Chiropody Clinic","25 Oliver Plunkett Rd, Monkstown, Co. Dublin, Ireland",Monkstown,Dublin,,IE,"(01) 284 5912",,"doctor, health, establishment",,https://plus.google.com/101671127375819635812/about?hl=en,53.285446,-6.153486,"Google Places",ChIJP1lbL4UIZ0gRDSGoduJ69-E,https://plus.google.com/101671127375819635812/about?hl=en
"Dun Laoghaire Chiropody & Podiatry Clinic","94 George's Street Upper, Dun Laoghaire, Co. Dublin, Ireland","Dun Laoghaire",Dublin,,IE,"(01) 271 5225",,establishment,,http://www.dlpodiatry.com/,53.291253,-6.13312,"Google Places",ChIJhWXEiiQGZ0gRHriVwavpqbY,https://plus.google.com/105350758957129225753/about?hl=en
"Spectrum Foot Clinics - Chiropody & Podiatry Barrow Street","Gasworks House, Barrow Street, Dublin 4, Ireland","Dublin 4",Dublin,,IE,"(01) 611 1740",,"doctor, health, establishment","Monday: 8:00 am – 8:00 pm
Tuesday: 8:00 am – 8:00 pm
Wednesday: 8:00 am – 8:00 pm
Thursday: 8:00 am – 8:00 pm
Friday: 8:00 am – 8:00 pm
Saturday: Closed
Sunday: Closed",http://www.spectrumfootclinics.ie/barrow-street.html,53.33976,-6.23626,"Google Places",ChIJTcGIDesOZ0gR06JGg2LuUmA,https://plus.google.com/105107657505294564028/about?hl=en
"Spectrum Foot Clinics - Chiropody & Podiatry IFSC","Gandon House, Amiens Street, Dublin 1, Ireland","Dublin 1",Dublin,,IE,"(01) 611 1740",,"doctor, health, establishment","Monday: 8:00 am – 8:00 pm
Tuesday: 8:00 am – 8:00 pm
Wednesday: 8:00 am – 8:00 pm
Thursday: 8:00 am – 8:00 pm
Friday: 8:00 am – 8:00 pm
Saturday: Closed
Sunday: Closed",http://www.spectrumfootclinics.ie/ifsc.html,53.349354,-6.244972,"Google Places",ChIJEz-hVowOZ0gRUzIA23OzlnI,https://plus.google.com/117255236696993304104/about?hl=en
"City Centre Chiropody","Clare Street Medical Practice, Clare Street, Dublin 2, Ireland","Dublin 2",Dublin,,IE,"(01) 676 1899",,"health, establishment",,http://www.citycentrechiropody.com/,53.341459,-6.251642,"Google Places",ChIJ4YeiuJAOZ0gRs1TsFJQi5cQ,https://plus.google.com/106382423725668111738/about?hl=en
"Spectrum Foot Clinics - Chiropody & Podiatry Temple Bar","Meeting House Square, Dublin, Ireland","Dublin City",Dublin,,IE,"(01) 679 9685",,"doctor, health, establishment","Monday: 8:00 am – 8:00 pm
Tuesday: 8:00 am – 8:00 pm
Wednesday: 8:00 am – 8:00 pm
Thursday: 8:00 am – 8:00 pm
Friday: 8:00 am – 8:00 pm
Saturday: Closed
Sunday: Closed",http://www.spectrumfootclinics.ie/temple-bar.html,53.344848,-6.26517,"Google Places",ChIJ5QewLp0OZ0gR-3Hh_tJZXtA,https://plus.google.com/114841816327902931689/about?hl=en
"Chiropody Podiatry Centre","2 Sutton Cross, Dublin, Ireland",Dublin,Dublin,,IE,"(01) 839 7430",,establishment,,https://plus.google.com/104778042776872835838/about?hl=en,53.389724,-6.110244,"Google Places",ChIJWWXFmCAFZ0gRra-5xrhD8Io,https://plus.google.com/104778042776872835838/about?hl=en
"Spectrum Foot Clinics - Chiropody & Podiatry Drumcondra","130 Drumcondra Road Lower, Dublin 9, Ireland","Dublin 9",Dublin,,IE,"(01) 611 1740",,"doctor, health, establishment","Monday: 8:00 am – 8:00 pm
Tuesday: 8:00 am – 8:00 pm
Wednesday: 8:00 am – 8:00 pm
Thursday: 8:00 am – 8:00 pm
Friday: 8:00 am – 8:00 pm
Saturday: Closed
Sunday: Closed",http://www.spectrumfootclinics.ie/drumcondra.html,53.366996,-6.255792,"Google Places",ChIJY3m-eGUOZ0gRv47A16_9OLM,https://plus.google.com/114946481453423998254/about?hl=en
"Sue Beresford, Podiatrist/Chiropodist","297 Beechwood Court, Stillorgan, Co. Dublin, Ireland",Stillorgan,Dublin,,IE,"(01) 210 0600",,"doctor, health, establishment","Monday: 9:00 am – 5:00 pm
Tuesday: 9:00 am – 5:00 pm
Wednesday: 9:00 am – 5:00 pm
Thursday: 9:00 am – 5:00 pm
Friday: 9:00 am – 5:00 pm
Saturday: Closed
Sunday: Closed",http://www.counsellor.ie/Default.aspx?id=48&t=Team%7CSue+Beresford,53.281872,-6.190093,"Google Places",ChIJjfexmvwIZ0gRX0ssHK0KoNU,https://plus.google.com/111660068771602141928/about?hl=en
"Chiropody & Podiatry Clinic","56 Main Street, Swords, Co. Dublin, Ireland",Swords,Dublin,,IE,"(01) 840 9999",,establishment,,https://plus.google.com/117620196322946324630/about?hl=en,53.457232,-6.221374,"Google Places",ChIJv0C8wO8QZ0gRe5FkH57EQsg,https://plus.google.com/117620196322946324630/about?hl=en
"Spectrum Foot Clinics - Chiropody & Podiatry Santry","Northwood Avenue, Santry, Co. Dublin, Ireland",,Dublin,,IE,"(01) 679 9685",,"doctor, health, establishment","Monday: 8:00 am – 8:00 pm
Tuesday: 8:00 am – 8:00 pm
Wednesday: 8:00 am – 8:00 pm
Thursday: 8:00 am – 8:00 pm
Friday: 8:00 am – 8:00 pm
Saturday: Closed
Sunday: Closed",http://www.spectrumfootclinics.ie/santry.html,53.403385,-6.257717,"Google Places",ChIJ-SS3HuERZ0gRnifBJ5D1pOk,https://plus.google.com/115281335637904921076/about?hl=en
"Mary Moore Podiatry / Chiropody","136 Morehampton Road, Dublin 4, Ireland","Dublin 4","Co. Dublin",,IE,"(01) 862 3866",,"doctor, health, establishment","Monday: Closed
Tuesday: 9:00 am – 12:00 pm
Wednesday: Closed
Thursday: Closed
Friday: Closed
Saturday: Closed
Sunday: Closed",http://www.marymoorepodiatry.ie/,53.322806,-6.237541,"Google Places",ChIJb60PCBAOZ0gRTIgrNJGv674,https://plus.google.com/115493334067531276447/about?hl=en
"Acorn Chiropody Clinic","Roches Clinic, Blacklion, Greystones, Co. Wicklow, Ireland",Greystones,Wicklow,,IE,"(01) 201 0702",,establishment,,http://www.rochesclinic.com/chiropody.html,53.150116,-6.081383,"Google Places",ChIJbRS428qoZ0gR2ayMg0kXXD0,https://plus.google.com/113713666895743984623/about?hl=en
"Podiatry Clinic","31 Wicklow Street, Dublin, Ireland",Dublin,Dublin,,IE,"(01) 679 9649",,"hospital, establishment",,http://www.podiatryclinicdublin.com/,53.342935,-6.261224,"Google Places",ChIJSZPahpwOZ0gR9tqwLz6dV5M,https://plus.google.com/110513681620102056966/about?hl=en
"Frank Dowling & Associates","Riverside Medical Centre, Mulhuddart, Dublin, Ireland",Dublin,Dublin,,IE,"(01) 646 7830",,establishment,,http://www.podiatrist.ie/,53.32476,-6.39197,"Google Places",ChIJ5517SkZzZ0gRV-RbjhE91Bw,https://plus.google.com/101395110114424545456/about?hl=en
"The Albany Clinic Feetsavers","Fitzwilliam Street Lower, Dublin, Ireland",Dublin,Dublin,,IE,"(01) 661 4884",,establishment,,https://plus.google.com/111268156287274850095/about?hl=en,53.337918,-6.248063,"Google Places",ChIJczA-WJYOZ0gRSq9rH18PPes,https://plus.google.com/111268156287274850095/about?hl=en
"The Foot Clinic","Dodder Park Dr, Dublin, Ireland",Dublin,Dublin,,IE,"(01) 405 5300",,"doctor, health, establishment","Monday: 10:00 am – 6:00 pm
Tuesday: 10:00 am – 6:00 pm
Wednesday: 10:00 am – 6:00 pm
Thursday: 10:00 am – 6:00 pm
Friday: 10:00 am – 6:00 pm
Saturday: Closed
Sunday: Closed",http://www.podiatryservicesnow.com/,53.304408,-6.28167,"Google Places",ChIJKSUJyPMLZ0gRDmerR756S1U,https://plus.google.com/110884551339797878855/about?hl=en
"Libra Natural Health Care","44 Leinster Street North, Phibsborough, Dublin, Ireland",Dublin,Dublin,,IE,"(01) 830 4285",,establishment,,https://plus.google.com/103114746976865822897/about?hl=en,53.364068,-6.274644,"Google Places",ChIJ4_GattcNZ0gR_As8ctbxVgo,https://plus.google.com/103114746976865822897/about?hl=en
"Hayes & Associates","9 Tyrconnell Rd, Inchicore, Dublin, Ireland",Dublin,Dublin,,IE,"(01) 454 3499",,establishment,,http://www.hayesandassociates.ie/contact-us/clondalkin/,53.339125,-6.321128,"Google Places",ChIJKVeh81gMZ0gRPQCCU81bgEk,https://plus.google.com/110452110605093380914/about?hl=en
"Jennifer Maxwell & Associates","1 Castle St, Dalkey, Co. Dublin, Ireland",Dalkey,Dublin,,IE,"(01) 275 1712",,establishment,,https://plus.google.com/110063692832836498612/about?hl=en,53.27823,-6.107571,"Google Places",ChIJQwYZSEsGZ0gRd7PCwgdsjD8,https://plus.google.com/110063692832836498612/about?hl=en
"Spectrum Foot Clinics","62 Newtownpark Avenue, Blackrock, Co. Dublin, Ireland",,Dublin,,IE,"(01) 611 1740",,"doctor, health, establishment","Monday: 8:00 am – 8:00 pm
Tuesday: 8:00 am – 8:00 pm
Wednesday: 8:00 am – 8:00 pm
Thursday: 8:00 am – 8:00 pm
Friday: 8:00 am – 8:00 pm
Saturday: Closed
Sunday: Closed",http://www.spectrumfootclinics.ie/blackrock.html,53.291142,-6.171388,"Google Places",ChIJJ3vDrZQIZ0gRxpbEESIn8uA,https://plus.google.com/111545363845044003547/about?hl=en
"Spectrum Foot Clinics","112C Baggot Street Lower, Dublin 2, Ireland","Dublin 2",Dublin,,IE,"(01) 611 1740",,"doctor, health, establishment","Monday: 8:00 am – 8:00 pm
Tuesday: 8:00 am – 8:00 pm
Wednesday: 8:00 am – 8:00 pm
Thursday: 8:00 am – 8:00 pm
Friday: 8:00 am – 8:00 pm
Saturday: Closed
Sunday: Closed",http://www.spectrumfootclinics.ie/baggot-street.html,53.336389,-6.248739,"Google Places",ChIJMZ4wy5cOZ0gRPZhbCHIR9bM,https://plus.google.com/103477705854055297195/about?hl=en
"Dublin City Foot Clinic","Sandyford Road, Dublin 16, Ireland","Dublin 16",Dublin,,IE,"(01) 902 3710",,"doctor, health, establishment","Monday: 8:00 am – 6:00 pm
Tuesday: 8:00 am – 6:00 pm
Wednesday: 8:00 am – 6:00 pm
Thursday: 8:00 am – 7:30 pm
Friday: 8:00 am – 6:00 pm
Saturday: Closed
Sunday: Closed",http://www.dublinchiropodist.ie/,53.287332,-6.242223,"Google Places",ChIJnzJdCpwOZ0gR7WmdHPOK9W0,https://plus.google.com/107885587658673932440/about?hl=en
"Community Matters Ltd","Blanchardstown Road North, Dublin, Ireland",Fingal,Dublin,,IE,"087 277 5225",,establishment,"Monday: 9:00 am – 5:30 pm
Tuesday: 9:00 am – 5:30 pm
Wednesday: 9:00 am – 5:30 pm
Thursday: 9:00 am – 5:30 pm
Friday: 9:00 am – 5:30 pm
Saturday: Closed
Sunday: Closed",http://www.communitymatters.ie/,53.407487,-6.377902,"Google Places",ChIJ-RwfU7oSZ0gRQ7hvDVuCSUU,https://plus.google.com/116186874490730693938/about?hl=en
"Spectrum Foot Clinics - Podiatry & Chiropody","Newlands Cross Medical Centre, Clondalkin, Dublin 22, Ireland","Dublin 22",Dublin,,IE,"(01) 611 1740",,"doctor, health, establishment","Monday: 8:00 am – 8:00 pm
Tuesday: 8:00 am – 8:00 pm
Wednesday: 8:00 am – 8:00 pm
Thursday: 8:00 am – 8:00 pm
Friday: 8:00 am – 8:00 pm
Saturday: Closed
Sunday: Closed",http://www.spectrumfootclinics.ie/newlands-cross.html,53.313797,-6.394259,"Google Places",ChIJeSSBuVtzZ0gRq4BQv0BdhMw,https://plus.google.com/107063730330963208207/about?hl=en
"Chiropody Podiatry Centre","105 New Cabra Rd, Cabra - Glasnevin, Dublin, Ireland",Dublin,Dublin,,IE,"(01) 868 0708",,establishment,,https://plus.google.com/109832804638985228617/about?hl=en,53.360448,-6.277983,"Google Places",ChIJL-OlBNQNZ0gRSaEJIkB-k8Q,https://plus.google.com/109832804638985228617/about?hl=en
"Cabra Chiropody Clinic","107A Cabra Rd, Dublin 7, Ireland","Dublin 7","County Dublin",,IE,"086 249 8727",,"doctor, health, establishment","Monday: 10:00 am – 5:30 pm
Tuesday: 10:00 am – 5:30 pm
Wednesday: 10:00 am – 5:30 pm
Thursday: 10:00 am – 5:30 pm
Friday: 10:00 am – 5:00 pm
Saturday: Closed
Sunday: Closed",https://plus.google.com/107794520638020071177/about?hl=en,53.361345,-6.28499,"Google Places",ChIJ0TYa79ENZ0gRXmR37nz5II8,https://plus.google.com/107794520638020071177/about?hl=en
"Mary Moore Podiatry / Chiropody Dublin","649 Collins Avenue Extension, Dublin, Ireland","Dublin City",Dublin,,IE,"(01) 862 3866",,"doctor, health, establishment","Monday: 9:00 am – 5:00 pm
Tuesday: 9:00 am – 5:00 pm
Wednesday: 9:00 am – 5:30 pm
Thursday: 9:00 am – 5:30 pm
Friday: 9:00 am – 5:30 pm
Saturday: Closed
Sunday: Closed",http://www.marymoorepodiatry.ie/,53.388178,-6.261177,"Google Places",ChIJgTaZhxAOZ0gR0MC4ck3xSwc,https://plus.google.com/107859366654067191098/about?hl=en
"Allied Chiropody & Podiatry Ltd","24 Main Street, Dublin, Ireland","South Dublin",Dublin,,IE,"(01) 691 7359",,"doctor, health, establishment",,https://plus.google.com/109169054909590637632/about?hl=en,53.288121,-6.359438,"Google Places",ChIJWVJ-UuIMZ0gRwiSfJXOAzv8,https://plus.google.com/109169054909590637632/about?hl=en
"Kirkfield Foot Clinic","4, Kirkfield Cottages, Clonsilla Rd, Dublin 15, Ireland","Dublin 15",Dublin,,IE,"(01) 810 3552",,"doctor, health, establishment","Monday: 9:15 am – 1:00 pm, 2:00 – 6:30 pm
Tuesday: Closed
Wednesday: 9:15 am – 1:00 pm, 2:00 – 5:30 pm
Thursday: Closed
Friday: 9:15 am – 1:00 pm, 2:00 – 5:30 pm
Saturday: Closed
Sunday: Closed",http://www.kirkfieldfootclinic.com/,53.382925,-6.402703,"Google Places",ChIJaVgykq9yZ0gR0-ndCbBXDKc,https://plus.google.com/107612889442282009326/about?hl=en
"Spectrum Health Temple Bar","Studio Building, Meeting House Square, Dublin 2, Ireland","Dublin 2",Dublin,,IE,"(01) 611 1740",,"doctor, health, establishment","Monday: 8:00 am – 8:00 pm
Tuesday: 8:00 am – 8:00 pm
Wednesday: 8:00 am – 8:00 pm
Thursday: 8:00 am – 8:00 pm
Friday: 8:00 am – 8:00 pm
Saturday: Closed
Sunday: Closed",http://www.spectrumhealth.ie/clinic/temple-bar/,53.344756,-6.265653,"Google Places",ChIJGei4MZ0OZ0gRfM9Eyyryo3I,https://plus.google.com/111020651465180616444/about?hl=en
"Dublin City Physiotherapy Clinic","Suite 3, Coach House, 44 Westland Row, Dublin 2, Ireland",,,,IE,"(01) 676 0076",,"physiotherapist, health, establishment",,http://www.dublincityphysio.ie/,53.342913,-6.249904,"Google Places",ChIJG5A1ApEOZ0gRubRFR8LdGmA,https://plus.google.com/103847057618865975352/about?hl=en
"Primacare / Applewood Medical & Dental Centre","Applewood, Swords, Co. Dublin, Ireland",Swords,Dublin,,IE,"(01) 813 9624",,"hospital, doctor, dentist, health, establishment",,http://www.primacare.ie/,53.47124,-6.23311,"Google Places",ChIJ5TspBNwQZ0gRXjHoZWIrnmA,https://plus.google.com/117896783253921329895/about?hl=en
"McCabes Pharmacy SANDYFORD","Sandyford Hall Centre, Sandyford Hall Green, Dublin 18, Ireland","Dublin 18",Dublin,,IE,"(01) 214 9741",,"pharmacy, store, health, establishment","Monday: 9:30 am – 6:30 pm
Tuesday: 9:30 am – 6:30 pm
Wednesday: 9:30 am – 6:30 pm
Thursday: 9:30 am – 6:30 pm
Friday: 9:30 am – 6:30 pm
Saturday: 11:00 am – 4:00 pm
Sunday: Closed",http://www.mccabespharmacy.com/,53.26393,-6.215275,"Google Places",ChIJM2FDfKQJZ0gRUw90GRkTGhk,https://plus.google.com/100676017924738415787/about?hl=en
"Primacare / Oldcourt Medical and Dental Centre","9, Woodstown Village Shopping Centre, Knocklyon, Dublin 16, Ireland","Dublin 16","Co. Dublin",,IE,"(01) 463 0962",,"doctor, dentist, health, establishment",,http://www.primacare.ie/,53.283,-6.317812,"Google Places",ChIJZ9ODwCQLZ0gRyIGxXiGwhqA,https://plus.google.com/109137054866772219950/about?hl=en
"Primacare / Ballyowen Lane Medical Centre","Ballyowen Road, Lucan, Co. Dublin, Ireland",Lucan,Dublin,,IE,"(01) 621 4224",,"health, doctor, establishment",,http://www.primacare.ie/,53.349104,-6.422975,"Google Places",ChIJ-wEiseJyZ0gRyRTFwuZBU1M,https://plus.google.com/106642862533713289196/about?hl=en
"Primacare / Griffeen Medical Centre","Griffeen Ave, Griffeen Neigbourhood Centre, Lucan, Co. Dublin, Ireland",Lucan,Dublin,,IE,"(01) 610 5022",,"doctor, health, establishment","Monday: 9:00 am – 5:00 pm
Tuesday: 9:00 am – 5:00 pm
Wednesday: 9:00 am – 5:00 pm
Thursday: 9:00 am – 5:00 pm
Friday: 9:00 am – 5:00 pm
Saturday: Closed
Sunday: Closed",http://www.primacare.ie/,53.340886,-6.432355,"Google Places",ChIJawl12QZzZ0gRF0EA1Vw1DoY,https://plus.google.com/118181407152657466870/about?hl=en
"Primacare / Citywest Medical and Dental Centre","Unit 5, Citywest Shopping Centre, Citywest Dr, Citywest, Co. Dublin, Ireland",Citywest,Dublin,,IE,"(01) 469 3630",,"dentist, physiotherapist, doctor, health, establishment","Monday: 9:00 am – 7:30 pm
Tuesday: 9:00 am – 7:30 pm
Wednesday: 9:00 am – 7:30 pm
Thursday: 9:00 am – 7:30 pm
Friday: 9:00 am – 7:30 pm
Saturday: 10:00 am – 12:00 pm
Sunday: Closed",http://www.primacare.ie/,53.28301,-6.422688,"Google Places",ChIJ4bL2AWB0Z0gRSPJcwGZXbGY,https://plus.google.com/117904718894021037607/about?hl=en
"Primacare / Tyrellstown Medical Centre,","Tyrellstown Medical Centre, Tyrellstown Town Centre, Tyrellstown, Dublin 15, Ireland","Tyrellstown, Dublin 15",,,IE,"(01) 885 6380",,"doctor, dentist, health, establishment",,http://www.primacare.ie/,53.41966,-6.384258,"Google Places",ChIJDfI3qMgSZ0gR_jgdsZzZJOs,https://plus.google.com/106626653241416419129/about?hl=en
"Mc Cabes Pharmacy RATHBEALE","Unit 3, Swords Shopping Centre, Rathbeale Rd, Swords, Co. Dublin, Ireland",Swords,Dublin,,IE,"(01) 840 2764",,"pharmacy, store, health, establishment","Monday: 9:00 am – 6:00 pm
Tuesday: 9:00 am – 6:00 pm
Wednesday: 9:00 am – 7:00 pm
Thursday: 9:00 am – 9:00 pm
Friday: 9:00 am – 9:00 pm
Saturday: 9:00 am – 6:00 pm
Sunday: 12:00 – 6:00 pm",http://mccabespharmacy.com/,53.462401,-6.229645,"Google Places",ChIJfdTM7OYQZ0gRcXfA_FeKZ_c,https://plus.google.com/113098629290882408670/about?hl=en
"McCabes Pharmacy MALAHIDE","1 Malahide Shopping Centre, Main Street, Malahide, Co. Dublin, Ireland",Malahide,Dublin,,IE,"(01) 845 2132",,"pharmacy, store, health, establishment",,http://www.mccabespharmacy.com/,53.450926,-6.152939,"Google Places",ChIJD-sKW2AaZ0gRJheQCCBhNyA,https://plus.google.com/109108581676477139892/about?hl=en
"Primacare / Littlepace Dental Centre","Littlepace Shopping Centre, Clonee, Dublin 15, Ireland",,,,IE,"(01) 822 2577",,"dentist, health, establishment",,http://www.primacare.ie/,53.405413,-6.428246,"Google Places",ChIJdXtMFGltZ0gRxR8IY--Z7x8,https://plus.google.com/107239213622259376642/about?hl=en
"Temple Bar Physiotherapy - The Physio Company","Meeting House Square, Temple Bar, Dublin 2, Ireland",,,,IE,"(01) 679 9685",4.7,"physiotherapist, doctor, health, establishment","Monday: 7:30 am – 8:00 pm
Tuesday: 7:30 am – 8:00 pm
Wednesday: 7:30 am – 8:00 pm
Thursday: 7:30 am – 8:00 pm
Friday: 7:30 am – 8:00 pm
Saturday: 10:00 am – 5:00 pm
Sunday: 10:00 am – 4:00 pm",http://www.thephysiocompany.com/clinic/temple-bar/,53.344849,-6.265562,"Google Places",ChIJC939MZ0OZ0gRFqeYpCtJo10,https://plus.google.com/113225033975573891978/about?hl=en
"Baggot Street Physiotherapy - The Physio Company","112C Baggot Street Lower, Dublin 2, Ireland","Dublin 2",Dublin,,IE,"(01) 679 9685",,"physiotherapist, health, establishment","Monday: 7:30 am – 8:00 pm
Tuesday: 7:30 am – 8:00 pm
Wednesday: 7:30 am – 8:00 pm
Thursday: 7:30 am – 8:00 pm
Friday: 7:30 am – 8:00 pm
Saturday: Closed
Sunday: Closed",http://www.thephysiocompany.com/clinic/baggot-st/,53.336462,-6.248779,"Google Places",ChIJYRuLtpcOZ0gRR9dqTXjY3ls,https://plus.google.com/104140235271131176780/about?hl=en
"Albany Clinic","Clifton Court, Fitzwilliam Street Lower, Dublin 2, Ireland","Dublin 2",,,IE,"(01) 661 2222",4.2,"doctor, health, establishment","Monday: 8:00 am – 7:00 pm
Tuesday: 8:00 am – 7:00 pm
Wednesday: 8:00 am – 7:00 pm
Thursday: 8:00 am – 7:00 pm
Friday: 8:00 am – 7:00 pm
Saturday: Closed
Sunday: Closed",http://www.albanyclinic.ie/,53.337712,-6.248649,"Google Places",ChIJ62YYTpYOZ0gRbCoQDxWN7eg,https://plus.google.com/116665060404215841671/about?hl=en
"McCabes Pharmacy","Unit 8, College View, Ballymun Road, Dublin 11, Ireland",,,,IE,"(01) 857 7005",,"pharmacy, store, health, establishment","Monday: 9:00 am – 7:00 pm
Tuesday: 9:00 am – 7:00 pm
Wednesday: 9:00 am – 7:00 pm
Thursday: 9:00 am – 7:00 pm
Friday: 9:00 am – 7:00 pm
Saturday: 9:00 am – 6:00 pm
Sunday: Closed",http://www.mccabespharmacy.com/pharmacies/ballymun/,53.3945,-6.264503,"Google Places",ChIJdbdkuRwOZ0gRhsdPw_hvxlo,https://plus.google.com/113164540416695875602/about?hl=en
"McCabes Pharmacy","Unit 1 & 2, Clarehall Shopping Centre, Malahide Road, Dublin 17, Ireland","Dublin 17",,,IE,"(01) 847 3520",,"pharmacy, store, health, establishment",,http://www.mccabespharmacy.com/pharmacies/clarehall-late-night-pharmacy/,53.401247,-6.181022,"Google Places",ChIJVfcWIP0PZ0gRtng45gtamNw,https://plus.google.com/111642023857806101336/about?hl=en
"McCabes Pharmacy","282 Glasnevin Ave, Dublin11, Ireland",Dublin11,Dublin,,IE,"(01) 834 2493",,"pharmacy, store, health, establishment","Monday: 9:00 am – 9:00 pm
Tuesday: 9:00 am – 9:00 pm
Wednesday: 9:00 am – 9:00 pm
Thursday: 9:00 am – 9:00 pm
Friday: 9:00 am – 9:00 pm
Saturday: 9:00 am – 6:00 pm
Sunday: 11:00 am – 2:00 pm",http://www.mccabespharmacy.com/pharmacies/glasnevin-late-night-pharmacy/,53.390522,-6.28688,"Google Places",ChIJWXJxnPsNZ0gRtA7wY1ik008,https://plus.google.com/100703952715943902018/about?hl=en
"HSQ Pharmacy","Heuston South Quarter, Saint John's Road West, Kilmainham, Dublin 8, Ireland","Dublin 8",Dublin,,IE,"(01) 441 1140",,"pharmacy, store, health, establishment","Monday: 9:00 am – 7:00 pm
Tuesday: 9:00 am – 7:00 pm
Wednesday: 9:00 am – 7:00 pm
Thursday: 9:00 am – 7:00 pm
Friday: 9:00 am – 7:00 pm
Saturday: 9:00 am – 7:00 pm
Sunday: Closed",http://www.tippmedical.com,53.3448,-6.29669,"Google Places",ChIJlac6H0gMZ0gReHf5Yav3k-0,https://plus.google.com/104196763892208095669/about?hl=en
"McCabes Pharmacy Citywest","Units 6-8, Citywest Shopping Centre, Citywest, Dublin 24, Ireland","Dublin 24",,,IE,"(01) 466 0094",,"pharmacy, store, health, establishment","Monday: 9:00 am – 8:00 pm
Tuesday: 9:00 am – 8:00 pm
Wednesday: 9:00 am – 9:00 pm
Thursday: 9:00 am – 9:00 pm
Friday: 9:00 am – 9:00 pm
Saturday: 9:00 am – 6:00 pm
Sunday: 12:00 – 6:00 pm",http://www.mccabespharmacy.com/pharmacies/citywest-late-night-pharmacy/,53.282968,-6.421997,"Google Places",ChIJk7XBkYl0Z0gRqiUwk4o0aTE,https://plus.google.com/105862495565159596317/about?hl=en
"McCabes Pharmacy","Unit G24, Pavilions Shopping Centre, Swords, Co. Dublin, Ireland",Swords,Dublin,,IE,"(01) 840 6555",4.5,"pharmacy, store, health, establishment","Monday: 9:00 am – 11:00 pm
Tuesday: 9:00 am – 11:00 pm
Wednesday: 9:00 am – 11:00 pm
Thursday: 9:00 am – 11:00 pm
Friday: 9:00 am – 11:00 pm
Saturday: 9:00 am – 11:00 pm
Sunday: 11:00 am – 11:00 pm",http://www.mccabespharmacy.com/pharmacies/swords-pavilions-late-night-pharmacy/,53.454376,-6.218573,"Google Places",ChIJ35yXuvEQZ0gRtfiX3Xu_yFQ,https://plus.google.com/106607803742707925158/about?hl=en
"McCabes Pharmacy","312 Lower Kimmage Road, Dublin 6W, Ireland","Dublin 6W",,,IE,"(01) 490 6011",,"pharmacy, store, health, establishment","Monday: 9:30 am – 6:30 pm
Tuesday: 9:30 am – 6:30 pm
Wednesday: 9:30 am – 6:30 pm
Thursday: 9:30 am – 6:30 pm
Friday: 9:30 am – 6:30 pm
Saturday: 9:30 am – 1:00 pm
Sunday: Closed",http://www.mccabespharmacy.com/pharmacies/kimmage/,53.314635,-6.295899,"Google Places",ChIJrUxyLhAMZ0gRKOK9fmkfP-0,https://plus.google.com/100896668857164235770/about?hl=en
"Santry Physiotherapy - The Physio Company","Euromedic Northwood Business Park, Swift Square, Co. Dublin 11, Ireland","Swift Square","Dublin 11",,IE,"(01) 679 9685",,"physiotherapist, health, establishment","Monday: 8:00 am – 8:00 pm
Tuesday: 8:00 am – 8:00 pm
Wednesday: 8:00 am – 8:00 pm
Thursday: 8:00 am – 8:00 pm
Friday: 8:00 am – 8:00 pm
Saturday: Closed
Sunday: Closed",http://www.thephysiocompany.com/clinic/santry/,53.403238,-6.257915,"Google Places",ChIJXSYXEOERZ0gRcFWvZyfqZa0,https://plus.google.com/112771517918768326797/about?hl=en
"Ranelagh Medical","22-26 Sandford Road, Ranelagh, Dublin 6, Co. Dublin City, Ireland","Dublin City","Dublin City",,IE,"(01) 498 6900",,"doctor, health, establishment",,http://www.ranelaghmedical.ie/,53.323009,-6.248727,"Google Places",ChIJ-5mTIbAOZ0gRN51V9wsoL_Q,https://plus.google.com/107049294939915009917/about?hl=en
"Raheny Medical","2nd Floor, River House, Raheny Shopping Centre, Howth Road, Raheny, Dublin 5, Ireland",,,,IE,"(01) 805 8508",,"doctor, health, establishment","Monday: 9:00 am – 6:00 pm
Tuesday: 9:00 am – 6:00 pm
Wednesday: 9:00 am – 6:00 pm
Thursday: 9:00 am – 6:00 pm
Friday: 9:00 am – 6:00 pm
Saturday: Closed
Sunday: Closed",http://www.rahenymedical.ie/,53.38057,-6.178178,"Google Places",ChIJiWgpnJIPZ0gRVL1adVwKarw,https://plus.google.com/108722637559003433366/about?hl=en
"Barrow Medical","Unit 2E, The Gasworks,, Barrow Street, Dublin 4, Ireland","Dublin 4",Dublin,,IE,"(01) 634 7007",3.1,"health, establishment",,http://www.barrowmedical.ie/,53.339712,-6.236141,"Google Places",ChIJr4r1GesOZ0gRtfS6tnKT4qI,https://plus.google.com/109366150242009151664/about?hl=en
"Barrow Street Physiotherapy - The Physio Company","Barrow Street Medical, Barrow Street, Dublin 4, Ireland","Dublin 4",Dublin,,IE,"(01) 679 9685",,"physiotherapist, health, establishment","Monday: 8:00 am – 8:00 pm
Tuesday: 8:00 am – 8:00 pm
Wednesday: 8:00 am – 8:00 pm
Thursday: 8:00 am – 8:00 pm
Friday: 8:00 am – 8:00 pm
Saturday: Closed
Sunday: Closed",http://www.thephysiocompany.com/clinic/barrow-street/,53.339227,-6.236473,"Google Places",ChIJFWafGesOZ0gR5PO7fX5gNbE,https://plus.google.com/112981160413520544806/about?hl=en
"Phoenix Medical","263 Navan Rd, Dublin 7, Ireland","Dublin 7",Dublin,,IE,"(01) 868 3052",,"doctor, health, establishment","Monday: 8:30 am – 7:00 pm
Tuesday: 8:30 am – 6:00 pm
Wednesday: 8:30 am – 7:00 pm
Thursday: 8:30 am – 6:00 pm
Friday: 8:30 am – 6:00 pm
Saturday: Closed
Sunday: Closed",http://www.phoenixmedical.ie/,53.367919,-6.317718,"Google Places",ChIJRba_66QNZ0gRQSVg8eMqiwA,https://plus.google.com/117689031126356353703/about?hl=en
"IFSC Physiotherapy - The Physio Company","Gandon House, Amiens Street, IFSC, Co. Dublin, Ireland",IFSC,Dublin,,IE,"(01) 679 9685",,"physiotherapist, health, establishment","Monday: 8:00 am – 8:30 pm
Tuesday: 8:00 am – 8:30 pm
Wednesday: 8:00 am – 8:30 pm
Thursday: 8:00 am – 8:30 pm
Friday: 8:00 am – 8:30 pm
Saturday: Closed
Sunday: Closed",http://www.thephysiocompany.com/clinic/ifsc/,53.349417,-6.244676,"Google Places",ChIJPdUbVowOZ0gRKN2Af01sJdc,https://plus.google.com/103654438223514251825/about?hl=en
"St. Doolagh's Park Care & Rehabilitation Centre","Malahide Road, Balgriffin, Dublin 17, Ireland","Dublin 17",,,IE,"(01) 847 7950",,"lodging, establishment",,http://www.trinitycare.ie/St__Doolagh_s_Park/97,53.413692,-6.175323,"Google Places",ChIJozvRRQIQZ0gRJWppkxV5x54,https://plus.google.com/107212978645359694639/about?hl=en
"Churchtown Medical","3 Landscape Road, Dublin 14, Ireland","Dublin 14",Dublin,,IE,"(01) 298 8945",,"doctor, health, establishment",,http://www.churchtownmedical.ie/,53.299534,-6.267885,"Google Places",ChIJEZ-H--QLZ0gRfNdALJidmi4,https://plus.google.com/112085401995856460680/about?hl=en
"McCabes Health & Beauty","Clerys, O'Connell Street Lower, Dublin 1, Ireland","Dublin 1",Dublin,,IE,"(01) 872 8716",,"store, establishment","Monday: 10:00 am – 6:30 pm
Tuesday: 10:00 am – 6:30 pm
Wednesday: 10:00 am – 6:30 pm
Thursday: 10:00 am – 9:00 pm
Friday: 10:00 am – 6:30 pm
Saturday: 9:00 am – 7:00 pm
Sunday: 12:00 – 6:00 pm",http://www.mccabespharmacy.com/pharmacies/clerys-health-beauty/,53.34917,-6.259638,"Google Places",ChIJWYTwRYQOZ0gRWiQktLqNIsw,https://plus.google.com/101065842821245835373/about?hl=en
"Clonard Medical","Clonard Lodge, Sandyford Rd, Dublin 16, Ireland","Dublin 16",Dublin,,IE,"(01) 295 5010",,"doctor, health, establishment","Monday: 8:45 – 11:45 am, 2:00 – 7:00 pm
Tuesday: 8:45 – 11:45 am, 2:00 – 7:00 pm
Wednesday: 8:45 – 11:45 am, 2:00 – 7:00 pm
Thursday: 8:45 am – 1:30 pm, 3:00 – 6:00 pm
Friday: 8:45 – 11:45 am, 1:00 – 4:00 pm
Saturday: Closed
Sunday: Closed",http://www.clonardmedical.ie/,53.277544,-6.231114,"Google Places",ChIJ_wZM5HMJZ0gRqHmvjfeLxWQ,https://plus.google.com/103425919725728162233/about?hl=en
"The Beacon- Sandyford Physiotherapy","2nd Floor, Suite 16, The Mall, Dublin 18, Ireland","Dublin 18",Dublin,,IE,"(01) 679 9685",,"physiotherapist, health, establishment","Monday: 8:00 am – 8:00 pm
Tuesday: 8:00 am – 8:00 pm
Wednesday: 8:00 am – 8:00 pm
Thursday: 8:00 am – 8:00 pm
Friday: 8:00 am – 8:00 pm
Saturday: Closed
Sunday: Closed",http://www.thephysiocompany.com/clinic/beacon/,53.275511,-6.218843,"Google Places",ChIJ6ePQmgsJZ0gROTXKSnS6vb4,https://plus.google.com/105126751173772449398/about?hl=en
"Drumcondra Physiotherapy - The Physio Company","130 Lower Drumcondra Road, (corner Hollybank Road), Drumcondra, Co. Dublin, Ireland",Drumcondra,Dublin,,IE,"(01) 679 9685",,"physiotherapist, health, establishment","Monday: 7:30 am – 8:00 pm
Tuesday: 7:30 am – 8:00 pm
Wednesday: 7:30 am – 8:00 pm
Thursday: 7:30 am – 8:00 pm
Friday: 7:30 am – 8:00 pm
Saturday: 10:00 am – 5:00 pm
Sunday: Closed",http://www.thephysiocompany.com/clinic/drumcondra-physio/,53.366887,-6.255715,"Google Places",ChIJ9ZUWeGUOZ0gRHu7-dHs_TyQ,https://plus.google.com/114620184359810103653/about?hl=en
"McCabes Pharmacy","Sandyford Hall Centre, Sandyford Hall Green, Dublin 18, Ireland","Dublin 18",Dublin,,IE,"(01) 295 6368",,"pharmacy, store, health, establishment","Monday: 9:30 am – 6:30 pm
Tuesday: 9:30 am – 6:30 pm
Wednesday: 9:30 am – 6:30 pm
Thursday: 9:30 am – 6:30 pm
Friday: 9:30 am – 5:30 pm
Saturday: 11:00 am – 4:00 pm
Sunday: Closed",http://www.mccabespharmacy.com/pharmacies/sandyford/,53.263761,-6.214743,"Google Places",ChIJ3ek_fqMJZ0gRcZG7nJju4Xc,https://plus.google.com/118272044166628075614/about?hl=en
"McCabes Pharmacy","Unit 148, The Blanchardstown Centre, Dublin 15, Ireland","Dublin 15",,,IE,"(01) 822 2171",,"pharmacy, store, health, establishment","Monday: 9:00 am – 6:00 pm
Tuesday: 9:00 am – 6:00 pm
Wednesday: 9:00 am – 6:00 pm
Thursday: 9:00 am – 9:00 pm
Friday: 9:00 am – 9:00 pm
Saturday: 9:00 am – 6:00 pm
Sunday: 12:00 – 6:00 pm",http://www.mccabespharmacy.com/pharmacies/blanchardstown-late-night-pharmacy/,53.392878,-6.390016,"Google Places",ChIJi-F2mKoSZ0gRCPFti8jRgXA,https://plus.google.com/102763377078386709545/about?hl=en
"Boroimhe Medical Centre","Forest Rd, Swords, Co. Dublin, Ireland",Swords,Dublin,,IE,"(01) 840 6423",,"health, doctor, establishment",,http://www.boroimhemedicalcentre.ie/,53.446583,-6.237702,"Google Places",ChIJbYYMTgARZ0gRoNBCNEM5sSU,https://plus.google.com/100493463300249590739/about?hl=en
"McCabes Pharmacy","Ridgewood Shopping Centre, Forrest Road, Swords, Co. Dublin, Ireland",Swords,Dublin,,IE,"(01) 890 0053",,"pharmacy, store, health, establishment","Monday: 9:00 am – 6:30 pm
Tuesday: 9:00 am – 6:30 pm
Wednesday: 9:00 am – 6:30 pm
Thursday: 9:00 am – 6:30 pm
Friday: 9:00 am – 6:30 pm
Saturday: 11:00 am – 5:00 pm
Sunday: Closed",http://www.mccabespharmacy.com/pharmacies/swords-ridgewood-late-night-pharmacy/,53.444714,-6.24383,"Google Places",ChIJJbc0bwcRZ0gRxBnfzMD60RI,https://plus.google.com/101492220066113560118/about?hl=en
"McCabes Pharmacy","Yellow Walls Rd, Malahide, Co. Dublin, Ireland",Malahide,Dublin,,IE,"(01) 845 6990",,"pharmacy, store, health, establishment","Monday: 9:00 am – 7:00 pm
Tuesday: 9:00 am – 7:00 pm
Wednesday: 9:00 am – 7:00 pm
Thursday: 9:00 am – 7:00 pm
Friday: 9:00 am – 7:00 pm
Saturday: 9:00 am – 6:00 pm
Sunday: 11:00 am – 2:00 pm",http://www.mccabespharmacy.com/pharmacies/malahide-yellow-walls-late-night-pharmacy/,53.451142,-6.170395,"Google Places",ChIJ3Y-GRXwaZ0gRmc9Ux6LvyDk,https://plus.google.com/116968794413029552167/about?hl=en
"McCabes Pharmacy","JCs Supermarket, Rathbeale Road, Swords, Co. Dublin, Ireland",Swords,"Co. Dublin",,IE,"(01) 840 2111",,"pharmacy, store, health, establishment","Monday: 9:00 am – 7:00 pm
Tuesday: 9:00 am – 7:00 pm
Wednesday: 9:00 am – 9:00 pm
Thursday: 9:00 am – 9:00 pm
Friday: 9:00 am – 9:00 pm
Saturday: 9:00 am – 6:00 pm
Sunday: 11:00 am – 6:00 pm",http://www.mccabespharmacy.com/pharmacies/swords-jcs-late-night-pharmacy/,53.462608,-6.22965,"Google Places",ChIJteJjt-YQZ0gReCIwjtrwQIo,https://plus.google.com/100225510660578546794/about?hl=en
"Primacare / Dundrum Medical and Dental Centre","Garden Level, Leeson Street Upper, Dublin 16, Ireland","Dublin 16",Dublin,,IE,,,"doctor, health, establishment",,http://www.whatclinic.com/doctors/ireland/county-dublin/dublin/dundrum,53.286512,-6.24063,"Google Places",ChIJQWtbVm8JZ0gRROKFrKCzcq0,https://plus.google.com/102873273496646046851/about?hl=en
"Finglas Dental Laboratory","5 Main Street, Finglas, Dublin 11, Co. Dublin, Ireland","Finglas, Dublin 11",Dublin,,IE,"(01) 834 8991",,"health, establishment",,http://www.goldenpages.ie/dental-laboratory/,53.388113,-6.298134,"Google Places",ChIJDWXc7PENZ0gRIv-sQBbxXc8,https://plus.google.com/115686861737549559509/about?hl=en
"Nassau Street Foot Clinic","Morrison Chambers, Nassau St, Dublin 2, Ireland","Dublin 2",Dublin,,IE,"1890 253 151",,"doctor, health, establishment","Monday: 9:00 am – 8:00 pm
Tuesday: 9:00 am – 8:00 pm
Wednesday: 9:00 am – 8:00 pm
Thursday: 9:00 am – 8:00 pm
Friday: 9:00 am – 8:00 pm
Saturday: Closed
Sunday: Closed",http://www.podiatry.ie/,53.34275,-6.257477,"Google Places",ChIJi_G0q5sOZ0gRtBqMM2ivdFw,https://plus.google.com/104430126487903809090/about?hl=en
"Ranelagh Foot Clinic","26 Sandford Road, Dublin 6, Ireland","Dublin 6",Dublin,,IE,"1890 253 151",,"doctor, health, establishment","Monday: 8:30 am – 8:00 pm
Tuesday: 8:30 am – 8:00 pm
Wednesday: 8:30 am – 8:00 pm
Thursday: 8:30 am – 8:00 pm
Friday: 8:30 am – 8:00 pm
Saturday: Closed
Sunday: Closed",http://www.podiatry.ie/,53.323054,-6.248903,"Google Places",ChIJaSbUIbAOZ0gRpHbbs3RzD64,https://plus.google.com/107284818523496842837/about?hl=en
"Churchtown Foot Clinic","3 Landscape Road, Dublin 14, Ireland","Dublin 14",Dublin,,IE,"1890 253 151",,"doctor, health, establishment",,http://www.podiatry.ie/,53.29953,-6.267979,"Google Places",ChIJbddl_OQLZ0gRlI9Xb_MPWpU,https://plus.google.com/118158839028298013481/about?hl=en
"Clontarf Foot Clinic","126 Clontarf Road, Dublin, Ireland","Dublin City",Dublin,,IE,"1890 253 151",,"doctor, health, establishment","Monday: 9:00 am – 7:00 pm
Tuesday: 9:00 am – 7:00 pm
Wednesday: 9:00 am – 7:00 pm
Thursday: 9:00 am – 7:00 pm
Friday: 9:00 am – 7:00 pm
Saturday: Closed
Sunday: Closed",http://www.podiatry.ie/,53.36056,-6.204445,"Google Places",ChIJ0RcjNqgPZ0gRd3naD6gHd6s,https://plus.google.com/115576782717870127808/about?hl=en
