Name,"Full Address",City,County/State,Postcode,Country,"Telephone Number",Rating,Keywords,"Opening hours",URL,Latitude,Longitude,"Data Source","Data Source Identifer"
"Kiltipper Woods Physiotherapy and Hydrotherapy Clinic Dublin","24 Whitestown Way, Dublin 24, Ireland","Dublin 24",Dublin,,IE,"(01) 462 5277",,"physiotherapist, health, establishment","Monday: 8:00 am – 8:00 pm
Tuesday: 8:00 am – 8:00 pm
Wednesday: 8:00 am – 8:00 pm
Thursday: 8:00 am – 8:00 pm
Friday: 8:00 am – 6:00 pm
Saturday: Closed
Sunday: Closed",http://www.kwphysio.ie/,53.267015,-6.365743,"Google Places",ChIJkbyE_tR0Z0gRDv-xZmWppuU,https://plus.google.com/116402691858420688151/about?hl=en
"Blanchardstown Canine Hydrotherapy Clinic","Mews 1, Main Street, Blanchardstown 15, Co. Dublin, Ireland","Blanchardstown 15",Dublin,,IE,"(01) 821 9401",,establishment,"Monday: 9:00 am – 5:30 pm
Tuesday: 9:00 am – 5:30 pm
Wednesday: 9:00 am – 5:30 pm
Thursday: 9:00 am – 5:30 pm
Friday: 9:00 am – 5:30 pm
Saturday: Closed
Sunday: Closed",http://www.goldenpages.ie/Blanchardstown_Canine_Hydrotherapy_Centre+Veterinary_Surgeons+Dublin+1511263.html,53.385824,-6.376157,"Google Places",ChIJvya-eFoNZ0gRf-I4-EgqlQg,https://plus.google.com/101757438049906427823/about?hl=en
"Cleanse Within Colon Hydrotherapy/ Colonic Irrigation","16 South Great George's Street, Dublin 2, Ireland","Dublin 2",Dublin,,IE,"086 162 2063",,"health, establishment","Monday: 10:00 am – 7:00 pm
Tuesday: 10:00 am – 7:00 pm
Wednesday: Closed
Thursday: 10:00 am – 7:00 pm
Friday: 10:00 am – 7:00 pm
Saturday: Closed
Sunday: Closed",http://www.cleansewithin.ie/,53.343089,-6.26422,"Google Places",ChIJLy94_ZwOZ0gRNbvZW_6y6IM,https://plus.google.com/113091304508466099577/about?hl=en
"Advanz Advanced Hydrotherapy","Ida Tallaght Business Park, Whitestown, Tallaght, Dublin, Ireland",Dublin,Dublin,,IE,"(01) 459 6705",,"home_goods_store, store, establishment",,http://www.advanz.ie/,53.396191,-6.39889,"Google Places",ChIJkYbZPFRtZ0gRH2EyNPjsTGM,https://plus.google.com/113595208134835128769/about?hl=en
"Eureka Hydrotherapy","20 Luttrellstown Rise, Dublin, Ireland",Dublin,Dublin,,IE,"(01) 822 4411",,establishment,,http://eurekahydrotherapy.com/,53.372982,-6.394558,"Google Places",ChIJh3k4eLZyZ0gRY7BTntaCmKA,https://plus.google.com/113853598314627514906/about?hl=en
"Aria Health Care","Applewood Medical centre Applewood Village Swords Co, Dublin, Co. Fingal, Ireland",Fingal,Fingal,,IE,"(01) 895 7947",,"health, establishment",,http://www.aria-health.com,53.471803,-6.232338,"Google Places",ChIJITur9dsQZ0gRZx0sKhY4g7A,https://plus.google.com/115826142365308691870/about?hl=en
"Colonic Irrigation Dublin, NOW €79 not €120","4, 48 Rushbrook, Blanchardstown, Co. Dublin, Ireland",Blanchardstown,Dublin,,IE,"(01) 820 1602",,"health, establishment","Monday: 10:00 am – 8:00 pm
Tuesday: 10:00 am – 8:00 pm
Wednesday: 10:00 am – 8:00 pm
Thursday: 10:00 am – 8:00 pm
Friday: 10:00 am – 8:00 pm
Saturday: 10:00 am – 8:00 pm
Sunday: Closed",http://www.colonicdublin.ie/,53.385867,-6.380484,"Google Places",ChIJywC1bVENZ0gRrQSt-nBlivQ,https://plus.google.com/104115120359688324409/about?hl=en
"Hilton Dublin Kilmainham","South Circular Road, Kilmainham, Dublin 8, Ireland","Dublin 8",Dublin,,IE,"(01) 420 1800",3.9,"lodging, spa, establishment","Monday: Open 24 hours
Tuesday: Open 24 hours
Wednesday: Open 24 hours
Thursday: Open 24 hours
Friday: Open 24 hours
Saturday: Open 24 hours
Sunday: Open 24 hours",http://www.placeshilton.com/dublin-kilmainham,53.342312,-6.308324,"Google Places",ChIJa_jeXEUMZ0gRAH1a5nGr9GM,https://plus.google.com/103145562771684233966/about?hl=en
"Lisa Kernan & Associates,","16 Kincora Avenue, Dublin 3, Ireland","Dublin 3",Dublin,,IE,"(01) 833 7809",,"physiotherapist, health, establishment",,http://www.lisakernan.ie/,53.363636,-6.209772,"Google Places",ChIJRV635KsPZ0gR1rh_G8AGFpM,https://plus.google.com/107823634905074676225/about?hl=en
"Best Western Sheldon Park Hotel","131 Kylemore Road, Dublin 12, Ireland","Dublin 12",Dublin,,IE,"(01) 460 1055",3.9,"gym, bar, lodging, health, establishment",,http://www.sheldonpark.ie/en/contact/,53.329573,-6.343784,"Google Places",ChIJ17ZLJpnnXEgRsK_KU2npSsc,https://plus.google.com/106572000893297212180/about?hl=en
"Dunboyne Castle Hotel and Spa","Maynooth Road, Dunboyne, Co. Meath, Ireland",Dunboyne,Meath,,IE,"(01) 801 3500",4.2,"lodging, spa, establishment","Monday: Open 24 hours
Tuesday: Open 24 hours
Wednesday: Open 24 hours
Thursday: Open 24 hours
Friday: Open 24 hours
Saturday: Open 24 hours
Sunday: Open 24 hours",http://dunboynecastlehotel.com/,53.41741,-6.477427,"Google Places",ChIJGdywprhtZ0gRBHB54DKuyP8,https://plus.google.com/110332756418945154330/about?hl=en
"Essential Health","Westwood Club, Leopardstown Racecourse, Leopardstown, Co. Dublin, Ireland",Leopardstown,Dublin,,IE,"087 959 4286",,"health, establishment","Monday: 9:00 am – 9:00 pm
Tuesday: 9:00 am – 9:00 pm
Wednesday: 9:00 am – 9:00 pm
Thursday: 9:00 am – 9:00 pm
Friday: 9:00 am – 9:00 pm
Saturday: 10:00 am – 3:00 pm
Sunday: 10:00 am – 3:00 pm",http://www.essentialhealth.ie/,53.266495,-6.192684,"Google Places",ChIJpRqHQFMIZ0gR9LvFtLfniKI,https://plus.google.com/109250594932401859829/about?hl=en
"Dublin Colonic","Unit 7, Dublin Vitality Center, 48 Rushbrook, Dublin City, Co. Dublin, Ireland","Dublin City","Co. Dublin",,IE,"087 197 3984",,establishment,,http://www.dublincolonic.ie/,53.385862,-6.380865,"Google Places",ChIJw1zhLlcNZ0gR3yFmAMArBSI,https://plus.google.com/103983747278273133995/about?hl=en
"Newtownpark Clinic (Ciara Murphy)","7 Rockville Road, Blackrock, Co. Dublin, Ireland",Blackrock,Dublin,,IE,"(01) 210 8489",4.6,"health, establishment","Monday: 9:00 am – 5:00 pm
Tuesday: 9:00 am – 9:00 pm
Wednesday: 9:00 am – 9:00 pm
Thursday: 9:00 am – 6:00 pm
Friday: 9:00 am – 6:00 pm
Saturday: 9:00 am – 5:00 pm
Sunday: Closed",http://www.irishherbalist.ie/,53.290643,-6.171944,"Google Places",ChIJa476VesIZ0gRDjd3Rbizq50,https://plus.google.com/110626303335231895386/about?hl=en
"Maldron Hotel Cardiff Lane","Sir John Rogerson's Quay, Dublin 2, Ireland",,,,IE,"(01) 643 9500",3.6,"lodging, establishment",,http://www.maldronhotels.com/hotel-cardiff-lane/,53.345337,-6.240743,"Google Places",ChIJW3w3rZIOZ0gR4D9euQY_yrw,https://plus.google.com/113262920510950954372/about?hl=en
"Brookville Guest House","28 Brookville Park, Dublin, Ireland",Dublin,Dublin,,IE,"(01) 289 3693",,"lodging, establishment",,http://www.brookvilleguesthouse.com/,53.286063,-6.168068,"Google Places",ChIJ7dc7kJIIZ0gRLZ8d-0Ffb2c,https://plus.google.com/113555276888976729999/about?hl=en
"Rochestown Lodge Hotel Dublin","Rochestown Avenue, Dublin, Ireland",,,,IE,"(01) 285 3555",,"lodging, spa, establishment","Monday: Open 24 hours
Tuesday: Open 24 hours
Wednesday: Open 24 hours
Thursday: Open 24 hours
Friday: Open 24 hours
Saturday: Open 24 hours
Sunday: Open 24 hours",http://www.rochestownlodge.com/,53.27,-6.141621,"Google Places",ChIJKQ8m0IcIZ0gR3TH9lBU90Vo,https://plus.google.com/100802300540325041591/about?hl=en
"Wellbeing Ireland","First Floor,, 2C Main Street,, Blackrock, Dublin,, Co. Dublin, Ireland","Blackrock, Dublin,",Dublin,,IE,"(01) 288 5118",,"health, establishment","Monday: 9:00 am – 5:30 pm
Tuesday: 9:00 am – 5:30 pm
Wednesday: 9:00 am – 5:30 pm
Thursday: 9:00 am – 5:30 pm
Friday: 9:00 am – 5:30 pm
Saturday: Closed
Sunday: Closed",http://www.wellbeing.ie/,53.302434,-6.178017,"Google Places",ChIJAVR84MYIZ0gR-1NrtWgefmE,https://plus.google.com/115495403478559735711/about?hl=en
"Royal Marine Hotel","Marine Road, Dublin, Ireland","Dun Laoghaire-Rathdown",Dublin,,IE,"(01) 230 0030",4.2,"gym, bar, restaurant, lodging, food, health, spa, establishment","Monday: Open 24 hours
Tuesday: Open 24 hours
Wednesday: Open 24 hours
Thursday: Open 24 hours
Friday: Open 24 hours
Saturday: Open 24 hours
Sunday: Open 24 hours",http://www.royalmarine.ie/,53.292286,-6.133668,"Google Places",ChIJs_drfiMGZ0gRr3-MjlnJNy4,https://plus.google.com/108858532997279159104/about?hl=en
"Archview Physiotherapy Pain and Sports Injury clinic","49 Ranelagh Rd, Ranelagh, Dublin, Ireland","Dublin City",Dublin,,IE,"(01) 491 3228",,"physiotherapist, health, establishment","Monday: 8:30 am – 8:30 pm
Tuesday: 8:30 am – 8:30 pm
Wednesday: 8:30 am – 8:30 pm
Thursday: 8:30 am – 8:30 pm
Friday: 8:30 am – 8:30 pm
Saturday: Closed
Sunday: Closed",http://www.archviewclinic.ie/,53.32701,-6.257159,"Google Places",ChIJ5ybhu6YOZ0gRxKC2yfWhPjA,https://plus.google.com/117539117567389970051/about?hl=en
"Aquastyle Industries Ltd","Blarney House, Unit C Baldonnel Business Park, Baldonnel, Dublin 22, Ireland","Dublin 22",Dublin,,IE,"(01) 466 0100",,"home_goods_store, store, establishment",,http://www.aquastylebathrooms.ie/,53.295747,-6.439876,"Google Places",ChIJgxdMgnB0Z0gRoK2DlCq9mmc,https://plus.google.com/109160422531581255582/about?hl=en
www.ColonicDublin.ie,"Blanchardstown, Dublin City, Co. Dublin, Ireland","Dublin City",Dublin,,IE,,,"health, establishment",,http://www.colonicdublin.ie/,53.387314,-6.378303,"Google Places",ChIJ_TUduFANZ0gRIzkYhyjxBII,https://plus.google.com/102740058060638231056/about?hl=en
