Name,"Full Address",City,County/State,Postcode,Country,"Telephone Number",Rating,Keywords,"Opening hours",URL,Latitude,Longitude,"Data Source","Data Source Identifer"
"Nurture Therapies","Mount Carmel, 36 Rochestown Park, Dublin, Ireland",,,,IE,"087 126 7427",,"health, establishment",,http://www.nurturetherapies.ie/,53.270276,-6.139819,"Google Places",ChIJD7rwrXgIZ0gRIjB_dZbKd0Q,https://plus.google.com/115769233173657152753/about?hl=en
"Nurture Therapies","55 Rock Road, Blackrock, Co. Dublin, Ireland",,Dublin,,IE,"087 126 7427",,"health, establishment",,http://www.nurturetherapies.ie/,53.306038,-6.18919,"Google Places",ChIJ96TjA9AIZ0gRuTHY2s6ZAD8,https://plus.google.com/104286302159476400718/about?hl=en
"Healing Strands","Ashbrook House, 10 Main Street, Raheny, Co. Dublin, Ireland",Raheny,Dublin,,IE,"086 210 2791",,"health, establishment","Monday: Closed
Tuesday: Closed
Wednesday: 9:30 am – 2:00 pm
Thursday: Closed
Friday: Closed
Saturday: Closed
Sunday: Closed",http://www.healingstrands.com/,53.379554,-6.175379,"Google Places",ChIJd2EPMzAFZ0gRUojLVKFF4Sg,https://plus.google.com/101823203212949341079/about?hl=en
"Dublin Therapeutic Massage Clinic","26 Dame St, Dublin 2, Ireland","Dublin 2",Dublin,,IE,"(01) 671 5077",,"health, establishment","Monday: 11:30 am – 7:30 pm
Tuesday: 11:30 am – 7:30 pm
Wednesday: 11:30 am – 7:30 pm
Thursday: 11:30 am – 7:30 pm
Friday: 10:00 am – 6:00 pm
Saturday: 10:00 am – 6:00 pm
Sunday: Closed",http://www.dtmclinic.ie/,53.344095,-6.264165,"Google Places",ChIJSzlg3pwOZ0gRFqHQovWiWMc,https://plus.google.com/103621084179241440057/about?hl=en
"Trish Darcy Holistic Therapist / Reflexologist M.I.R.I.L","4 Cian Park, Dublin 9, Ireland","Dublin 9",Dublin,,IE,"087 263 3612",,"health, establishment","Monday: Closed
Tuesday: Closed
Wednesday: 10:30 am – 7:30 pm
Thursday: 10:30 am – 7:30 pm
Friday: 10:30 am – 7:30 pm
Saturday: Closed
Sunday: Closed",http://www.croinadarach.ie/,53.36741,-6.25387,"Google Places",ChIJXytt9WUOZ0gREn7IUhAEkH0,https://plus.google.com/108408313415974516901/about?hl=en
"Elizabeth Webb","Ballawley Lodge, Sandyford Road, Dundrun, Co. Dublin, Ireland",Dundrun,Dublin,,IE,"087 287 5412",,establishment,"Monday: 9:00 am – 5:00 pm
Tuesday: 9:00 am – 5:00 pm
Wednesday: 9:00 am – 5:00 pm
Thursday: 9:00 am – 5:30 pm
Friday: 9:00 am – 5:00 pm
Saturday: 9:00 am – 5:00 pm
Sunday: Closed",https://plus.google.com/100775502265746903682/about?hl=en,53.277685,-6.231265,"Google Places",ChIJXzW75nMJZ0gROgZfyjq0i94,https://plus.google.com/100775502265746903682/about?hl=en
"Shanti Holistic","16 Clare Street, Dublin, Ireland","Dublin City",Dublin,,IE,"086 241 7051",,"health, establishment",,http://www.shantiholistic.blogspot.com/,53.341323,-6.251169,"Google Places",ChIJa7dyxpAOZ0gRClTVtDX6q-s,https://plus.google.com/116511839075986422811/about?hl=en
"Harvest Moon Centre","24 Baggot Street Lower, Dublin 2, Ireland","Dublin 2",Dublin,,IE,"(01) 662 7556",,"health, establishment","Monday: 9:30 am – 9:00 pm
Tuesday: 9:30 am – 9:00 pm
Wednesday: 9:30 am – 9:00 pm
Thursday: 9:30 am – 9:00 pm
Friday: 9:30 am – 9:00 pm
Saturday: 11:00 am – 8:00 pm
Sunday: 11:00 am – 7:00 pm",http://www.harvestmoon.ie/,53.337669,-6.250849,"Google Places",ChIJdx5TnJcOZ0gR7FiAZEuFRfI,https://plus.google.com/107809565298474930392/about?hl=en
"Mai Thai Massage","10 Abbey Street Upper, Dublin 1, Ireland","Dublin 1",Dublin,,IE,"086 191 1781",,"health, establishment","Monday: 10:00 am – 8:00 pm
Tuesday: 10:00 am – 8:00 pm
Wednesday: 10:00 am – 8:00 pm
Thursday: 10:00 am – 8:00 pm
Friday: 10:00 am – 8:00 pm
Saturday: 10:00 am – 8:00 pm
Sunday: 10:00 am – 8:00 pm",http://www.maithaimassage.ie/10-Upper-Abbey-Street.html,53.347368,-6.26705,"Google Places",ChIJB7HRjIIOZ0gRhITFe_XJZ0E,https://plus.google.com/118326615888161017702/about?hl=en
"Cedarwood Holistic Therapy","23 Bramley Grove, Castleknock, Co. Dublin, Ireland",Castleknock,Dublin,,IE,"085 161 0322",,"health, establishment","Monday: 10:00 am – 7:00 pm
Tuesday: 10:00 am – 7:00 pm
Wednesday: 10:00 am – 7:00 pm
Thursday: 10:00 am – 7:00 pm
Friday: 10:00 am – 7:00 pm
Saturday: Closed
Sunday: Closed",http://www.cedarwoodholistic.ie/,53.375294,-6.388671,"Google Places",ChIJXXzTybRyZ0gRHbXLi4swRGw,https://plus.google.com/116825430958908700242/about?hl=en
"Castleknock Beauty Academy, Lavender Lane","Unit 14, Castlecourt Shopping Centre, Castleknock Rd, Castleknock dublin 15, Co. Dublin, Ireland","Castleknock dublin 15",Dublin,,IE,"(01) 820 6554",,establishment,"Monday: Closed
Tuesday: 10:00 am – 5:00 pm
Wednesday: 10:00 am – 5:00 pm
Thursday: 10:00 am – 8:00 pm
Friday: 10:00 am – 8:00 pm
Saturday: 10:00 am – 5:00 pm
Sunday: Closed",https://plus.google.com/103294844556828462431/about?hl=en,53.374509,-6.363165,"Google Places",ChIJg3uV-EANZ0gRTkMDuTuf9BM,https://plus.google.com/103294844556828462431/about?hl=en
"Relax and Revive Massage Therapy Centre","67 Camden Street Lower, Dublin 2, Ireland","Dublin 2",Dublin,,IE,"086 199 9917",,"health, establishment","Monday: 9:00 am – 9:00 pm
Tuesday: 9:00 am – 9:00 pm
Wednesday: 9:00 am – 9:00 pm
Thursday: 9:00 am – 9:00 pm
Friday: 9:00 am – 9:00 pm
Saturday: 9:00 am – 5:00 pm
Sunday: Closed",https://plus.google.com/104406295856788742624/about?hl=en,53.334688,-6.265492,"Google Places",ChIJKV2u_p8OZ0gRS_uo0wRt-kw,https://plus.google.com/104406295856788742624/about?hl=en
"ATLANTIC AEROMATICS | Aromatherapy oils | Message Oils | Dublin","9 Ardee Court, Bray, County: Wicklow, Bray, Co. Wicklow, Ireland",Bray,Wicklow,,IE,"(01) 286 5399",,establishment,,http://www.atlanticaromatics.com/,53.205357,-6.116526,"Google Places",ChIJI0FiTnGoZ0gR7bioNKmzKbc,https://plus.google.com/102109467140088478256/about?hl=en
"Aromatherapy Massage Dublin","45 Westland Row, Dublin, Ireland","Dublin City",Dublin,,IE,"087 212 9034",,"beauty_salon, spa, health, establishment","Monday: Closed
Tuesday: Closed
Wednesday: Closed
Thursday: 9:00 am – 9:00 pm
Friday: 9:00 am – 9:00 pm
Saturday: Closed
Sunday: Closed",https://plus.google.com/113611285275569579321/about?hl=en,53.342827,-6.25007,"Google Places",ChIJY09hApEOZ0gRtOEWIAjrr-w,https://plus.google.com/113611285275569579321/about?hl=en
"Aromatherapy Health Care","59 Tymon Cresent, Old Bawn, Tallaght, Dublin, Ireland",Dublin,Dublin,,IE,"(01) 400 0051",,establishment,,https://plus.google.com/105395687094333066815/about?hl=en,53.278198,-6.36676,"Google Places",ChIJyRHZ3Mx0Z0gRa6ScDN09cFU,https://plus.google.com/105395687094333066815/about?hl=en
"Airoma Professional Aromatherapy","Donabate, Dublin, Ireland",Dublin,Dublin,,IE,"086 107 0259",,"health, establishment",,https://plus.google.com/105941153625864725876/about?hl=en,53.485336,-6.150448,"Google Places",ChIJy4o_WYcaZ0gRtk6fK12ZFhw,https://plus.google.com/105941153625864725876/about?hl=en
"Obus Aromatherapy & Reiki Training Centre","53 Beech Grove, Lucan, Co. Dublin, Ireland",Lucan,Dublin,,IE,"(01) 628 2121",,establishment,,https://plus.google.com/100090453368884700463/about?hl=en,53.353836,-6.434175,"Google Places",ChIJxeZ9FflyZ0gR9JLjt47Q2do,https://plus.google.com/100090453368884700463/about?hl=en
"Shiatsu & Aromatherapy Clinic","Vevay Rd, Bray, Co. Wicklow, Ireland",Bray,Wicklow,,IE,"086 603 4481",,establishment,,https://plus.google.com/114912599263227798598/about?hl=en,53.193475,-6.106323,"Google Places",ChIJIfTF3WKoZ0gR8eBlhWl_BB8,https://plus.google.com/114912599263227798598/about?hl=en
"Holistic Therapies Dublin","15 Wicklow Street, Dublin, Ireland",Dublin,Dublin,,IE,"086 077 3918",,"health, establishment","Monday: 11:00 am – 8:00 pm
Tuesday: 11:00 am – 8:00 pm
Wednesday: 10:00 am – 12:00 pm
Thursday: 6:00 – 9:00 pm
Friday: 11:00 am – 4:00 pm
Saturday: 11:00 am – 5:00 pm
Sunday: Closed",http://holisto.com/,53.343065,-6.261136,"Google Places",ChIJEyNfgZwOZ0gRyyuwdex6xJk,https://plus.google.com/111446747474777650315/about?hl=en
"Christina Anderson - At Home Massage Dublin (Female Clients Only)","1 Sandyford Road, Dublin 16, Ireland","Dublin 16",Dublin,,IE,"085 779 4713",,"health, establishment","Monday: 8:00 – 10:00 pm
Tuesday: 8:00 – 10:00 pm
Wednesday: 8:00 – 10:00 pm
Thursday: 8:00 – 10:00 pm
Friday: 8:00 – 10:00 pm
Saturday: 9:00 am – 10:00 pm
Sunday: 9:00 am – 10:00 pm",http://about.me/christina.anderson,53.325476,-6.22712,"Google Places",ChIJ3bRXyMYOZ0gRJwLnEaKxP2c,https://plus.google.com/101284812497363285339/about?hl=en
"Stauntons Holistic Healthcare","Marian Rd, Rathfarnham, Co. Dublin, Ireland",,Dublin,,IE,"085 151 0929",,"health, establishment","Monday: 7:30 am – 8:00 pm
Tuesday: 7:30 am – 8:00 pm
Wednesday: 7:30 am – 8:00 pm
Thursday: 7:30 am – 8:00 pm
Friday: 7:30 am – 8:00 pm
Saturday: 10:00 am – 2:00 pm
Sunday: Closed",http://stauntonsholistic.ie/,53.293105,-6.297558,"Google Places",ChIJZRqraJcLZ0gRDK2HF8X4t8w,https://plus.google.com/101480954752511446685/about?hl=en
Amatouch,"46 Walkinstown Avenue, Dublin 12, Ireland","Dublin City",Dublin,,IE,"087 252 9456",,"health, establishment",,http://www.amatouch.com/,53.319988,-6.337662,"Google Places",ChIJPxfZnZAMZ0gRHJGEEnl2s-I,https://plus.google.com/101923083730115577033/about?hl=en
"VIVASAN Natural Health and Beauty","61 Monastery Gate Avenue, D22 Dublin, Co. Dublin, Ireland","D22 Dublin",Dublin,,IE,"087 774 4504",,"grocery_or_supermarket, food, store, health, establishment",,http://www.vivasanwebshop.com/,53.32035,-6.374956,"Google Places",ChIJ31V-1bIMZ0gRBbJg3dnRXd0,https://plus.google.com/103825408878447612677/about?hl=en
"Magdalena's Beauty Room","6 Leinster Place, Dublin 6, Ireland","Dublin 6",Dublin,,IE,"087 254 1207",,establishment,"Monday: 9:00 am – 9:00 pm
Tuesday: 9:00 am – 9:00 pm
Wednesday: 9:00 am – 9:00 pm
Thursday: 9:00 am – 9:00 pm
Friday: 9:00 am – 9:00 pm
Saturday: 9:00 am – 9:00 pm
Sunday: Closed",https://sites.google.com/site/magdalenasbeautyroom/,53.322327,-6.278344,"Google Places",ChIJcSfJ5Q8MZ0gRRrQcZ-qyCtM,https://plus.google.com/110293036154930522733/about?hl=en
"The Westbury Hotel","Grafton Street, Dublin 2, Ireland","Dublin 2",Dublin,,IE,"(01) 679 1122",4.2,"lodging, establishment",,http://www.doylecollection.com/hotels/the-westbury-hotel,53.341524,-6.261439,"Google Places",ChIJbTYQbZwOZ0gRgEfm89OUVWA,https://plus.google.com/113902844606349623373/about?hl=en
"Aberdeen Lodge","53-55 Park Ave, Ballsbridge, Dublin 4, Ireland","Ballsbridge, Dublin 4",,,IE,"(01) 283 8155",,"lodging, establishment","Monday: 7:00 am – 11:30 pm
Tuesday: 7:00 am – 11:30 pm
Wednesday: 7:00 am – 11:30 pm
Thursday: 7:00 am – 11:30 pm
Friday: 7:00 am – 11:30 pm
Saturday: 7:00 am – 11:30 pm
Sunday: 7:00 am – 11:30 pm",http://www.aberdeen-lodge.com/,53.325033,-6.212916,"Google Places",ChIJi6kOGdcOZ0gR3Zk9EWQc6HQ,https://plus.google.com/117835702618350018554/about?hl=en
"Melt Natural Healing Centre","2 Temple Lane South, Dublin 2, Ireland","Dublin 2","Co. Dublin",,IE,"(01) 679 8786",,"beauty_salon, health, establishment","Monday: 9:30 am – 9:00 pm
Tuesday: 9:30 am – 9:00 pm
Wednesday: 9:30 am – 9:00 pm
Thursday: 9:30 am – 9:00 pm
Friday: 9:30 am – 9:00 pm
Saturday: 10:00 am – 7:00 pm
Sunday: 10:00 am – 7:00 pm",http://www.meltonline.com/,53.34453,-6.264382,"Google Places",ChIJrS-91JwOZ0gRtm7P7ZgrLCM,https://plus.google.com/110758921450551687758/about?hl=en
"Flair Hair & Beauty Supplies","29 Old Kilmainham, Kilmainham, Dublin 8, Ireland","Dublin 8",Dublin,,IE,"(01) 671 3239",,"store, establishment","Monday: 9:00 am – 5:30 pm
Tuesday: 9:00 am – 5:30 pm
Wednesday: 9:00 am – 8:00 pm
Thursday: 9:00 am – 5:30 pm
Friday: 9:00 am – 4:00 pm
Saturday: Closed
Sunday: 12:00 am – 4:00 pm",http://www.flair.ie/,53.340926,-6.303878,"Google Places",ChIJOcbUy0UMZ0gR74OXZA89rJo,https://plus.google.com/111628476326856517879/about?hl=en
"Green Art Florist Dublin","20 Aungier Street, Dublin 2, Ireland","Dublin 2",Dublin,,IE,"(01) 478 9499",4.8,"florist, home_goods_store, store, establishment","Monday: 10:00 am – 6:00 pm
Tuesday: 10:00 am – 6:00 pm
Wednesday: 10:00 am – 6:00 pm
Thursday: 10:00 am – 6:00 pm
Friday: 10:00 am – 6:00 pm
Saturday: 10:00 am – 6:00 pm
Sunday: Closed",http://www.greenart.ie/,53.340086,-6.265603,"Google Places",ChIJv84l4Z0OZ0gRYYxYksm6ORQ,https://plus.google.com/116827147647247797219/about?hl=en
"Flair Hair & Beauty Supplies","North City Business Park, North Road, Dublin 11, Ireland","Dublin 11",Dublin,,IE,"(01) 864 1086",,"store, establishment","Monday: 9:00 am – 8:00 pm
Tuesday: 9:00 am – 5:30 pm
Wednesday: 9:00 am – 5:30 pm
Thursday: 9:00 am – 5:30 pm
Friday: 9:00 am – 4:00 pm
Saturday: Closed
Sunday: 12:00 – 4:00 pm",http://www.flair.ie/,53.398133,-6.320346,"Google Places",ChIJjdptuXcSZ0gR5J7sRaaH2g4,https://plus.google.com/102782489042452890790/about?hl=en
"The Health Store","Dundrum Town Centre, Dublin 16, Ireland","Dublin 16",Dublin,,IE,"(01) 205 1420",,"grocery_or_supermarket, food, store, health, establishment","Monday: 9:00 am – 7:00 pm
Tuesday: 9:00 am – 7:00 pm
Wednesday: 9:00 am – 7:00 pm
Thursday: 9:00 am – 7:00 pm
Friday: 9:00 am – 7:00 pm
Saturday: 10:00 am – 7:00 pm
Sunday: 10:00 am – 7:00 pm",http://www.thehealthstore.ie/,53.286682,-6.240914,"Google Places",ChIJ8-VdIWcJZ0gRqkIUU1i5cjk,https://plus.google.com/105728939766346875847/about?hl=en
"The Health Store","Frascati Shopping Centre, Frascati Road, Blackrock, Co. Dublin, Ireland",Blackrock,Dublin,,IE,"(01) 278 8855",,"grocery_or_supermarket, food, store, health, establishment",,http://www.thehealthstore.ie/,53.300876,-6.182021,"Google Places",ChIJw_qKusYIZ0gRiO-HaxQ3kMM,https://plus.google.com/118171524821381752844/about?hl=en
"The Health Store","Stillorgan Village, Unit 40, Lower Kilmacud Road, Stillorgan, Co. Dublin, Ireland",Stillorgan,Dublin,,IE,"(01) 210 8608",,"grocery_or_supermarket, food, store, health, establishment",,http://www.thehealthstore.ie/,53.289458,-6.200698,"Google Places",ChIJW3ehDh4JZ0gRwKjh4Yk-MEA,https://plus.google.com/103008112170248107363/about?hl=en
"The Health Store","Unit 102, Blanchardstown Shopping Centre, Blanchardstown, Dublin 15, Ireland","Blanchardstown, Dublin 15",,,IE,"(01) 822 2036",,"grocery_or_supermarket, food, store, health, establishment",,http://www.thehealthstore.ie/,53.39371,-6.390088,"Google Places",ChIJjec37lANZ0gR3Z0pXkw2Uvg,https://plus.google.com/115294409363114960627/about?hl=en
"The Health Store","Liffey Valley Shopping Centre, Fonthill Rd, Clondalkin, Dublin 22, Ireland","Dublin 22",Dublin,,IE,"(01) 675 4450",,"grocery_or_supermarket, food, store, health, establishment",,http://www.thehealthstore.ie/,53.352544,-6.391502,"Google Places",ChIJ61I9LNpyZ0gR_dHgyJOMyE4,https://plus.google.com/111885109420797327802/about?hl=en
"The Health Store","Level 1, The Square Town Centre, Tallaght, Dublin 24, Co. Dublin, Ireland","Tallaght, Dublin 24",Dublin,,IE,"(01) 452 1181",,"grocery_or_supermarket, food, store, health, establishment",,http://www.thehealthstore.ie/,53.286747,-6.37206,"Google Places",ChIJpcQqn7V0Z0gR3iYsvauPRxM,https://plus.google.com/110983467192469008719/about?hl=en
"The Health Store Swords","Unit G 36, Pavillions Shopping Centre, Swords, Co. Dublin, Ireland",Swords,Dublin,,IE,"(01) 840 4438",,"food, store, health, establishment",,http://www.thehealthstore.ie/,53.454154,-6.219506,"Google Places",ChIJ44WrTfAQZ0gRaNhu0X1LNXM,https://plus.google.com/118000193178457030331/about?hl=en
"The Health Store","The Boulevard Centre, Quinsborough Rd, Bray, Co. Wicklow, Ireland",Bray,Wicklow,,IE,"(01) 286 1793",,"grocery_or_supermarket, food, store, health, establishment",,http://www.thehealthstore.ie/,53.205057,-6.106119,"Google Places",ChIJEWc8tW-oZ0gRpHiEf4A_SUg,https://plus.google.com/116821961009774176634/about?hl=en
"Lily Hypnotherapist","Kilmainham, Dublin, Ireland",Dublin,Dublin,,IE,"086 124 5681",,"health, establishment",,http://www.lilyhypnotherapy.com/,53.349805,-6.26031,"Google Places",ChIJu_moskYMZ0gRf6N4xMiYMyw,https://plus.google.com/113711216955761446616/about?hl=en
"Greenlea Pharmacy","116 Greenlea Road, Terenure, Dublin 6W, Co. Dublin, Ireland","Dublin 6W",Dublin,,IE,"(01) 490 9273",,"pharmacy, store, health, establishment",,http://greenleapharmacy.goldenpages.ie/,53.307327,-6.300299,"Google Places",ChIJlbY1kogLZ0gRy1nmxvDz-zY,https://plus.google.com/114908348647965862876/about?hl=en
"Space.NK.apothecary / Harvey Nichols","Dundrum Town Centre, Sandyford Road, Dublin 16, Ireland","Dublin 16",,,IE,"(01) 291 0421",,establishment,"Monday: 10:00 am – 7:00 pm
Tuesday: 10:00 am – 7:00 pm
Wednesday: 10:00 am – 9:00 pm
Thursday: 10:00 am – 9:00 pm
Friday: 10:00 am – 9:00 pm
Saturday: 10:00 am – 7:00 pm
Sunday: 10:00 am – 7:00 pm",http://www.spacenk.com/,53.286024,-6.241672,"Google Places",ChIJ7cE37mUJZ0gRruMF7S-AWsY,https://plus.google.com/106879316048012831050/about?hl=en
"Essentials Holistic Centre","New Street Shopping Mall, New St, Malahide, Co. Dublin, Ireland",Malahide,Dublin,,IE,"085 730 6332",,"health, establishment","Monday: 10:00 am – 10:00 pm
Tuesday: 10:00 am – 10:00 pm
Wednesday: 10:00 am – 10:00 pm
Thursday: 10:00 am – 10:00 pm
Friday: 10:00 am – 10:00 pm
Saturday: 10:00 am – 10:00 pm
Sunday: 10:00 am – 10:00 pm",http://www.essentialsholistic.com/,53.451684,-6.154163,"Google Places",ChIJ-w0k8WAaZ0gRI1o1mURB99M,https://plus.google.com/110424830578741333654/about?hl=en
"Fitzpatrick Castle Hotel","Killiney Hill Road, Killiney, Co. Dublin, Ireland",Killiney,Dublin,,IE,"(01) 230 5400",4.2,"bar, restaurant, lodging, food, establishment",,http://www.fitzpatrickcastle.com/,53.269459,-6.113352,"Google Places",ChIJtZT6S-oHZ0gRVdkGwJwuYCE,https://plus.google.com/107858213522278288399/about?hl=en
"The Clarence Hotel","6-8 Wellington Quay, Dublin 2, Ireland","Dublin 2",,,IE,"(01) 407 0800",3.7,"lodging, establishment","Monday: Open 24 hours
Tuesday: Open 24 hours
Wednesday: Open 24 hours
Thursday: Open 24 hours
Friday: Open 24 hours
Saturday: Open 24 hours
Sunday: Open 24 hours",http://www.theclarence.ie/,53.345261,-6.266783,"Google Places",ChIJo8oetYIOZ0gRwYWzeaWxMxI,https://plus.google.com/100211171776281398601/about?hl=en
"Dublin Holistic Centre","28 South William St, Dublin 2, Ireland",,Dublin,,IE,"(01) 633 0063",,"health, establishment","Monday: 8:00 am – 10:00 pm
Tuesday: 8:00 am – 10:00 pm
Wednesday: 8:00 am – 10:00 pm
Thursday: 8:00 am – 10:00 pm
Friday: 8:00 am – 10:00 pm
Saturday: 8:00 am – 10:00 pm
Sunday: Closed",http://www.dublinholisticcentre.com/,53.341541,-6.263094,"Google Places",ChIJq5jig5wOZ0gRorA7PqnmV9c,https://plus.google.com/101394568762108166336/about?hl=en
"Rathdown Physiotherapy Ltd","26 Templeogue Road, Dublin, Ireland","Dublin City",Dublin,,IE,"(01) 492 4426",,"physiotherapist, health, establishment",,http://www.whatclinic.com/physiotherapy/ireland/county-dublin/dublin/terenure,53.308659,-6.286075,"Google Places",ChIJ9aH2KyM1RUgR8_wEz2YhF48,https://plus.google.com/115796901683106629585/about?hl=en
"The Morgan","10-12 Fleet Street, Dublin 2, Ireland","Dublin 2",Dublin,,IE,"(01) 643 7000",4,"bar, lodging, establishment","Monday: Open 24 hours
Tuesday: Open 24 hours
Wednesday: Open 24 hours
Thursday: Open 24 hours
Friday: Open 24 hours
Saturday: Open 24 hours
Sunday: Open 24 hours",http://www.themorgan.com/,53.345737,-6.261078,"Google Places",ChIJISjK0PEMZ0gRLn5bYGkhZdc,https://plus.google.com/114546929094070658949/about?hl=en
"Camden Court Hotel","Lower Camden Street, Dublin 2, Ireland","Dublin 2",,,IE,"(01) 475 9666",4,"gym, lodging, health, establishment","Monday: Open 24 hours
Tuesday: Open 24 hours
Wednesday: Open 24 hours
Thursday: Open 24 hours
Friday: Open 24 hours
Saturday: Open 24 hours
Sunday: Open 24 hours",http://www.camdencourthotel.com/,53.333557,-6.264674,"Google Places",ChIJkZPPDaAOZ0gRpnfbgd9-bws,https://plus.google.com/110561221282302281866/about?hl=en
"The Schoolhouse Hotel","2-8 Northumberland Road, Ballsbridge, Dublin 4, Ireland","Dublin 4","Co. Dublin",,IE,"(01) 667 5014",3.9,"lodging, establishment",,http://www.schoolhousehotel.com/,53.337415,-6.239491,"Google Places",ChIJh2PvPZUOZ0gRDvuWhYXEceU,https://plus.google.com/111343858057500792947/about?hl=en
"Wellbeing Ireland","First Floor,, 2C Main Street,, Blackrock, Dublin,, Co. Dublin, Ireland","Blackrock, Dublin,",Dublin,,IE,"(01) 288 5118",,"health, establishment","Monday: 9:00 am – 5:30 pm
Tuesday: 9:00 am – 5:30 pm
Wednesday: 9:00 am – 5:30 pm
Thursday: 9:00 am – 5:30 pm
Friday: 9:00 am – 5:30 pm
Saturday: Closed
Sunday: Closed",http://www.wellbeing.ie/,53.302434,-6.178017,"Google Places",ChIJAVR84MYIZ0gR-1NrtWgefmE,https://plus.google.com/115495403478559735711/about?hl=en
"Aspire Health Acupuncture & Massage","106 Roselawn Road, Dublin, Ireland",Dublin,Dublin,,IE,"(01) 823 5660",,"spa, health, establishment","Monday: 9:00 am – 6:00 pm
Tuesday: 9:00 am – 9:00 pm
Wednesday: 9:00 am – 6:00 pm
Thursday: 9:00 am – 9:00 pm
Friday: 9:00 am – 6:00 pm
Saturday: 11:00 am – 4:00 pm
Sunday: Closed",http://www.aspirehealth.ie/,53.383853,-6.381297,"Google Places",ChIJ6QgglVENZ0gRIO66v2AtoJc,https://plus.google.com/116251909709212212621/about?hl=en
"Saffron & Sapphire","158 Shelbourne Rd, Dublin 4, Ireland","Dublin 4",Dublin,,IE,"086 402 2597",,"store, establishment","Monday: Closed
Tuesday: Closed
Wednesday: Closed
Thursday: Closed
Friday: 10:00 am – 5:30 pm
Saturday: 10:00 am – 5:30 pm
Sunday: 10:00 am – 5:30 pm",http://www.saffronandsapphire.com/,53.331291,-6.231822,"Google Places",ChIJz8guz8YOZ0gR_CiHETNBqf8,https://plus.google.com/108217235293006517903/about?hl=en
"Saffron & Sapphire","8 Patrick Street, Dun Laoghaire, Co. Dublin, Ireland","Dun Laoghaire",Dublin,,IE,"086 402 2597",,"place_of_worship, store, restaurant, food, health, establishment","Monday: 10:00 am – 6:00 pm
Tuesday: 10:00 am – 6:00 pm
Wednesday: 10:00 am – 6:00 pm
Thursday: 10:00 am – 6:00 pm
Friday: 10:00 am – 6:00 pm
Saturday: 10:00 am – 6:00 pm
Sunday: 1:00 – 5:00 pm",http://www.saffronandsapphire.com/,53.292023,-6.136845,"Google Places",ChIJd_l-oyYGZ0gR6SZBrs7Nc84,https://plus.google.com/112847929393446448756/about?hl=en
"Willows Clinic","38 Oakwood Ave, Glasnevin, Dublin 11, Ireland","Dublin 11",Dublin,,IE,"(01) 485 1100",5,"beauty_salon, physiotherapist, hair_care, health, establishment","Monday: 9:00 am – 9:00 pm
Tuesday: 9:00 am – 9:00 pm
Wednesday: 9:00 am – 9:00 pm
Thursday: 9:00 am – 9:00 pm
Friday: 9:00 am – 9:00 pm
Saturday: 9:00 am – 6:00 pm
Sunday: Closed",http://www.willowsclinic.com/,53.39456,-6.287535,"Google Places",ChIJIUCIMPkNZ0gRrERBMwgYUVg,https://plus.google.com/111946732411002650213/about?hl=en
"Llorrac Marketing & Design Ltd","27 Forest Park Kingswood Dublin 24, Ireland",,,,IE,"(01) 403 1928",,establishment,,http://www.irishweddingsonline.com/,53.307209,-6.363022,"Google Places",ChIJr-GwIVYLZ0gRzlErotfpShQ,https://plus.google.com/100860280228815056681/about?hl=en
"Salon Savers","Unit 8 Canal Walk, Park West Industrial Estate, Dublin 12, Ireland","Dublin 12",,,IE,"(01) 620 5493",,establishment,"Monday: 9:00 am – 5:30 pm
Tuesday: 9:00 am – 5:30 pm
Wednesday: 9:00 am – 9:00 pm
Thursday: 9:00 am – 5:30 pm
Friday: 9:00 am – 5:30 pm
Saturday: Closed
Sunday: 12:00 – 4:00 pm",http://www.savers.ie/,53.33127,-6.36074,"Google Places",ChIJSVUSpccMZ0gRLqPTKxu9xDc,https://plus.google.com/102849151541268299557/about?hl=en
"Groomed by Olivier Dog Grooming","Pets Kingdom, Unit 4, Block A, Tyrrelstown Plaza, Tyrrelstown, Co. Dublin, Ireland",Tyrrelstown,Dublin,,IE,"087 671 7126",,"pet_store, store, establishment","Monday: 9:00 am – 6:30 pm
Tuesday: 9:00 am – 6:30 pm
Wednesday: 9:00 am – 6:30 pm
Thursday: 9:00 am – 9:00 pm
Friday: 9:00 am – 6:30 pm
Saturday: 9:00 am – 4:00 pm
Sunday: Closed",http://www.groomedbyolivier.ie/,53.419945,-6.38432,"Google Places",ChIJ_TdynJcSZ0gRN01Y2Sp8n7Y,https://plus.google.com/113850354774119169632/about?hl=en
"Embody College& Wellness Centre","Chamber Building North Street Swords Co Dublin, Swords, Co. Dublin, Ireland",Swords,Dublin,,IE,"086 806 7701",,establishment,"Monday: 9:00 am – 9:30 pm
Tuesday: 9:00 am – 9:30 pm
Wednesday: 9:00 am – 9:30 pm
Thursday: 9:00 am – 9:30 pm
Friday: 9:00 am – 9:30 pm
Saturday: 9:00 am – 9:30 pm
Sunday: 9:00 am – 9:30 pm",http://www.embody.ie/,53.460619,-6.218626,"Google Places",ChIJIfZyue4QZ0gR6_EELaTQKkA,https://plus.google.com/111734464392805310092/about?hl=en
"Down To Earth","73 South Great George's Street, Dublin 2, Ireland",,,,IE,"(01) 671 9702",,"store, establishment",,http://www.downtoearth.ie/,53.34297,-6.26451,"Google Places",ChIJN63rA50OZ0gR6fMvvemuw9w,https://plus.google.com/114736073982207563618/about?hl=en
"Merrion Hall Hotel Ballsbridge","54-56 Merrion Road, Ballsbridge, Dublin 4, Ireland","Ballsbridge, Dublin 4",,,IE,"(01) 668 1426",,"lodging, establishment",,http://www.aberdeen-lodge.com/merrion-main.html,53.327706,-6.22562,"Google Places",ChIJ9debhW7oWkgRXitREOhQCOg,https://plus.google.com/104402999611036276569/about?hl=en
"The Merrion Hotel Dublin","Merrion Street Upper, Dublin 2, Ireland","Dublin 2",Dublin,,IE,"(01) 603 0600",4.5,"lodging, establishment","Monday: Open 24 hours
Tuesday: Open 24 hours
Wednesday: Open 24 hours
Thursday: Open 24 hours
Friday: Open 24 hours
Saturday: 12:00 am – 11:59 pm
Sunday: Open 24 hours",http://www.merrionhotel.com/,53.338535,-6.252916,"Google Places",ChIJrzNr35kOZ0gRgHsZZCq1hQI,https://plus.google.com/114592529408007637339/about?hl=en
"Ariel House","/54, 50 Lansdowne Road, Dublin 4, Ireland","Dublin 4",Dublin,,IE,"(01) 668 5512",4.5,"lodging, establishment",,http://www.ariel-house.net/,53.334111,-6.230962,"Google Places",ChIJmcrqhMEOZ0gRrbHVxTCVppQ,https://plus.google.com/111928479757035245226/about?hl=en
"The Croke Park Hotel in Dublin","Jones's Rd, Dublin, Ireland",Dublin,Dublin,,IE,"(01) 871 4444",4.7,"lodging, establishment",,http://www.doylecollection.com/hotels/the-croke-park-hotel,53.360809,-6.253881,"Google Places",ChIJGSQYjmMOZ0gRslTDqVBuuCo,https://plus.google.com/113637017377245138908/about?hl=en
"The Buff Day Spa","52 King Street South, Dublin 2, Ireland",,,,IE,"(01) 677 4624",,"spa, beauty_salon, health, establishment","Monday: 10:00 am – 8:00 pm
Tuesday: 10:00 am – 8:00 pm
Wednesday: 10:00 am – 8:00 pm
Thursday: 10:00 am – 9:00 pm
Friday: 10:00 am – 8:00 pm
Saturday: 10:00 am – 6:00 pm
Sunday: 12:00 – 6:00 pm",http://www.thebuffdayspa.com/,53.340242,-6.261286,"Google Places",ChIJzc9-HpwOZ0gRXLbOuaeiYC4,https://plus.google.com/110944887666041008265/about?hl=en
"Royal Marine Hotel","Marine Road, Dublin, Ireland","Dun Laoghaire-Rathdown",Dublin,,IE,"(01) 230 0030",4.2,"gym, bar, restaurant, lodging, food, health, spa, establishment","Monday: Open 24 hours
Tuesday: Open 24 hours
Wednesday: Open 24 hours
Thursday: Open 24 hours
Friday: Open 24 hours
Saturday: Open 24 hours
Sunday: Open 24 hours",http://www.royalmarine.ie/,53.292286,-6.133668,"Google Places",ChIJs_drfiMGZ0gRr3-MjlnJNy4,https://plus.google.com/108858532997279159104/about?hl=en
"The Morrison, a DoubleTree by Hilton Hotel","Ormond Quay Lower, Dublin 1, Ireland","Dublin 1","Co. Dublin",,IE,"(01) 887 2400",4.5,"lodging, establishment","Monday: Open 24 hours
Tuesday: Open 24 hours
Wednesday: Open 24 hours
Thursday: Open 24 hours
Friday: Open 24 hours
Saturday: Open 24 hours
Sunday: Open 24 hours",http://www.placeshilton.com/morrison,53.346318,-6.265951,"Google Places",ChIJ1ZIUQIMOZ0gROwv_wx9rVdw,https://plus.google.com/100638324129142747939/about?hl=en
Nourish,"GPO Arcade, Henry Street, Dublin 1, Ireland","Dublin 1","Co. Dublin",,IE,"(01) 874 3290",,"food, store, health, establishment","Monday: 9:00 am – 6:00 pm
Tuesday: 9:00 am – 6:00 pm
Wednesday: 9:00 am – 6:00 pm
Thursday: 9:00 am – 8:00 pm
Friday: 9:00 am – 6:00 pm
Saturday: 9:00 am – 6:00 pm
Sunday: 1:00 – 6:00 pm",http://www.nourish.ie/,53.349321,-6.261507,"Google Places",ChIJNZFQi4MOZ0gRKMeXRzEhMUA,https://plus.google.com/104565492466690245713/about?hl=en
Nourish,"6 Liffey Street Lower, Dublin, Co. Dublin City, Ireland",Dublin,"Dublin City",,IE,"(01) 873 4098",,"food, store, health, establishment","Monday: 9:30 am – 6:30 pm
Tuesday: 9:30 am – 6:30 pm
Wednesday: 9:30 am – 6:30 pm
Thursday: 9:30 am – 6:30 pm
Friday: 9:30 am – 6:30 pm
Saturday: 9:00 am – 6:00 pm
Sunday: 1:00 – 6:00 pm",http://www.nourish.ie/,53.3471,-6.263257,"Google Places",ChIJYWeNbIMOZ0gRPJsKl38S4zo,https://plus.google.com/101941011626168557474/about?hl=en
Nourish,"16 Wicklow St, Dublin 2, Ireland","Dublin 2",,,IE,"(01) 670 3223",,"store, food, health, establishment","Monday: 9:00 am – 7:00 pm
Tuesday: 9:00 am – 7:00 pm
Wednesday: 9:00 am – 7:00 pm
Thursday: 9:00 am – 8:00 pm
Friday: 9:00 am – 7:00 pm
Saturday: 9:00 am – 7:00 pm
Sunday: 12:00 am – 6:30 pm",http://www.nourish.ie/,53.343075,-6.261133,"Google Places",ChIJq5jig5wOZ0gRX5IktDcVIyA,https://plus.google.com/111067191110969556312/about?hl=en
"Marine Hotel","Sutton Cross, Dublin 13, Ireland","Dublin 13",Dublin,,IE,"(01) 839 0000",4.1,"lodging, establishment",,http://www.marinehotel.ie/,53.388716,-6.110406,"Google Places",ChIJnaYiFuMOZ0gR2DKZdyTIMZo,https://plus.google.com/116789287737275892572/about?hl=en
"Castleknock Hotel & Country Club","Porterstown Rd, Castleknock, Dublin 15, Ireland","Dublin 15",Dublin,,IE,"(01) 640 6300",4.3,"bar, gym, restaurant, lodging, food, health, establishment","Monday: Open 24 hours
Tuesday: Open 24 hours
Wednesday: Open 24 hours
Thursday: Open 24 hours
Friday: Open 24 hours
Saturday: Open 24 hours
Sunday: Open 24 hours",http://www.castleknockhotel.com/,53.365968,-6.389344,"Google Places",ChIJ8cOAmwE_Z0gRK0M8bpYMzX8,https://plus.google.com/107812299576522639905/about?hl=en
Kameleon,"3 Gardiner Pl, Dublin 1, Ireland","Dublin 1",,,IE,"(01) 873 5804",,"beauty_salon, hair_care, health, establishment","Monday: 10:00 am – 7:00 pm
Tuesday: 10:00 am – 7:00 pm
Wednesday: 10:00 am – 7:00 pm
Thursday: 10:00 am – 8:00 pm
Friday: 10:00 am – 7:00 pm
Saturday: 10:00 am – 5:00 pm
Sunday: Closed",http://www.kameleon.ie/,53.356063,-6.260779,"Google Places",ChIJ776Ke4cOZ0gRmImP3Tl_-mA,https://plus.google.com/115195094048679713221/about?hl=en
"Crowne Plaza Dublin - Blanchardstown","The Blanchardstown Centre, Blanchardstown, Dublin 15, Ireland","Dublin 15",Dublin,,IE,"(01) 897 7777",4.6,"lodging, establishment",,http://www.cpireland.crowneplaza.com/crowne-plaza-dublin-blanchardstown/,53.395645,-6.389961,"Google Places",ChIJFflwHKsSZ0gR8vDB3QmcHSg,https://plus.google.com/106930821064579270070/about?hl=en
"The Body Shop Head Office","82 Grafton St, Dublin 2, Ireland","Dublin 2",Dublin,,IE,,,"store, establishment","Monday: 9:00 am – 5:00 pm
Tuesday: 9:00 am – 5:00 pm
Wednesday: 9:00 am – 5:00 pm
Thursday: 9:00 am – 5:00 pm
Friday: 9:00 am – 5:00 pm
Saturday: Closed
Sunday: Closed",http://www.thebodyshop.ie/,53.341884,-6.260117,"Google Places",ChIJf7LLjpsOZ0gRJkb2Yev89Lo,https://plus.google.com/114935596833649137821/about?hl=en
Nourish,"97 Morehampton Road, Dublin 4, Ireland","Dublin 4",Dublin,,IE,"(01) 634 9726",,"food, store, health, establishment","Monday: 10:00 am – 7:00 pm
Tuesday: 10:00 am – 7:00 pm
Wednesday: 10:00 am – 7:00 pm
Thursday: 10:00 am – 7:00 pm
Friday: 10:00 am – 7:00 pm
Saturday: 10:00 am – 7:00 pm
Sunday: 12:00 am – 6:00 pm",http://www.nourish.ie/,53.324082,-6.240098,"Google Places",ChIJV1FAYbcOZ0gRoVHQi5dlLQc,https://plus.google.com/109028005950331639464/about?hl=en
Nourish,"Omni Shopping Centre, Santry, Dublin 9, Ireland","Dublin 9",Dublin,,IE,"(01) 862 1392",,"food, store, health, establishment","Monday: 9:30 am – 6:00 pm
Tuesday: 9:30 am – 6:00 pm
Wednesday: 9:30 am – 6:00 pm
Thursday: 9:30 am – 8:00 pm
Friday: 9:30 am – 8:00 pm
Saturday: 9:30 am – 6:00 pm
Sunday: 1:00 – 6:00 pm",http://www.nourish.ie/,53.391991,-6.248267,"Google Places",ChIJMyV68TwOZ0gRJIvG0xsZHVY,https://plus.google.com/113901470824273571571/about?hl=en
Nourish,"Unit 28, Nutgrove Shopping Centre, Nutgrove Way, Rathfarnham, Co. Dublin, Ireland",Rathfarnham,Dublin,,IE,"(01) 493 5289",,"food, store, health, establishment","Monday: 9:30 am – 6:00 pm
Tuesday: 9:30 am – 6:00 pm
Wednesday: 9:30 am – 6:00 pm
Thursday: 9:30 am – 8:00 pm
Friday: 9:30 am – 7:00 pm
Saturday: 9:30 am – 6:00 pm
Sunday: 12:00 – 6:00 pm",http://www.nourish.ie/,53.289895,-6.26677,"Google Places",ChIJ404B5ucLZ0gRzSMGv6o3Iso,https://plus.google.com/115629425450674460023/about?hl=en
"Tree of Life, Malahide Holistic Centre","Kilronan House, Church Road, Malahide, Co. Dublin, Ireland",,Dublin,,IE,"(01) 828 3992",,"physiotherapist, health, establishment","Monday: 1:00 – 9:00 pm
Tuesday: 10:00 am – 9:00 pm
Wednesday: 10:00 am – 9:00 pm
Thursday: 10:00 am – 9:00 pm
Friday: 10:00 am – 7:00 pm
Saturday: 10:00 am – 6:00 pm
Sunday: Closed",http://www.treeoflife.ie/,53.450391,-6.153481,"Google Places",ChIJ_6g_PGAaZ0gR86th0Ci-XPQ,https://plus.google.com/112073704594335420055/about?hl=en
"21st Zentury Health","Aquarium Building, The Esplanade, Bray, Co. Wicklow, Ireland",Bray,Wicklow,,IE,"(01) 276 1840",,"health, establishment",,http://www.21zenturyhealth.com/,53.203256,-6.097894,"Google Places",ChIJC4jVbGioZ0gRx668WOFBfI0,https://plus.google.com/115576103957852910784/about?hl=en
"Complementary Therapists","5 Ardmore Drive, Dublin 5, Ireland","Dublin 5",Dublin,,IE,"086 668 2855",,"health, establishment",,http://www.complementary-therapists.com/,53.388366,-6.215449,"Google Places",ChIJVfGDK8wPZ0gROjMPMQhZeLc,https://plus.google.com/113651269337634309661/about?hl=en
"www.massage.ie, Camden Court Hotel Leisure Centre","Upper Camden Street, Dublin, Ireland",Dublin,Dublin,,IE,"087 238 0321",,"health, establishment",,http://www.massage.ie/,53.333502,-6.264958,"Google Places",ChIJb4fsDqAOZ0gRXUYp7uGQ9fI,https://plus.google.com/105217435863824645999/about?hl=en
Medpages.ie,"6 Suffolk St, Dublin, Ireland",Dublin,Dublin,,IE,"(01) 675 5137",,"doctor, dentist, health, establishment","Monday: 9:00 am – 5:00 pm
Tuesday: 9:00 am – 5:00 pm
Wednesday: 9:00 am – 5:00 pm
Thursday: 9:00 am – 5:00 pm
Friday: 9:00 am – 5:00 pm
Saturday: Closed
Sunday: Closed",http://www.medpages.ie/,53.343708,-6.260212,"Google Places",ChIJlT6MY5sOZ0gR6K_xcCJmhbo,https://plus.google.com/112590289778880271689/about?hl=en
"The Bali Touch Massage & Therapy at Dublin Holistic Center","28 William Street South, Dublin 2, Ireland","Dublin 2",Dublin,,IE,"087 296 2101",,"health, establishment","Monday: 9:00 am – 3:00 pm
Tuesday: 9:00 am – 3:00 pm
Wednesday: 9:00 am – 10:00 pm
Thursday: 9:00 am – 10:00 pm
Friday: 9:00 am – 3:00 pm
Saturday: 9:00 am – 10:00 pm
Sunday: 11:00 am – 5:00 pm",http://thebalitouch.com/,53.341553,-6.263128,"Google Places",ChIJy0-5SJwOZ0gR3KwUTa3MEpg,https://plus.google.com/116119692830493491456/about?hl=en
"St. Glady's Private Nursing Home","Mount Argus, Harolds Cross, Dublin 6, Ireland","Dublin 6",Dublin,,IE,"(01) 492 7624",,"health, establishment",,http://www.harveyhealthcare.ie/,53.320998,-6.288534,"Google Places",ChIJbUu0bA0MZ0gRn4EwLBuUtGw,https://plus.google.com/111999908833787510934/about?hl=en
"Harvey Private Nursing Home","122 Terenure Rd W, Terenure, Dublin 6, Ireland","Dublin 6",Dublin,,IE,"(01) 490 7764",,"health, establishment",,http://www.harveyhealthcare.ie/,53.31143,-6.297506,"Google Places",ChIJe0IWInYMZ0gRX6xE6TucbmY,https://plus.google.com/106276117620960581343/about?hl=en
"Holistic Cocoon","21 Wicklow St, Dublin, Ireland",Dublin,Dublin,,IE,"085 747 1508",,"health, establishment","Monday: 10:00 am – 8:30 pm
Tuesday: 10:00 am – 8:30 pm
Wednesday: 10:00 am – 8:30 pm
Thursday: 10:00 am – 8:30 pm
Friday: 10:00 am – 8:30 pm
Saturday: 10:00 am – 4:00 pm
Sunday: Closed",http://www.holisticcocoon.com/,53.343064,-6.261413,"Google Places",ChIJI0rVhZwOZ0gRogGKk3kfvro,https://plus.google.com/116726622308691324504/about?hl=en
"Ivon - Polska Kosmetyczka w Dublinie","107 Earl Street North, Dublin, Ireland",Dublin,Dublin,,IE,"087 787 6665",,"beauty_salon, establishment","Monday: 11:00 am – 8:30 pm
Tuesday: 11:00 am – 8:30 pm
Wednesday: 11:00 am – 8:30 pm
Thursday: 11:00 am – 8:30 pm
Friday: 11:00 am – 8:30 pm
Saturday: 11:00 am – 8:30 pm
Sunday: 12:00 – 5:30 pm",http://www.massageindublin.yolasite.com/ivon---beauty.php,53.350047,-6.258372,"Google Places",ChIJK5-uzoUOZ0gR8rD12v2lUDM,https://plus.google.com/118406555567534746905/about?hl=en
"Churchview Private Nursing Home","59-61 New Cabra Road, Dublin 7, Ireland","Dublin 7","Co. Dublin",,IE,"(01) 838 6987",,"health, establishment",,http://www.harveyhealthcare.ie/,53.361155,-6.281426,"Google Places",ChIJL-OlBNQNZ0gRs8-_lwduiUw,https://plus.google.com/108312342919510040902/about?hl=en
re:fresh,"West Wood Club, Leopardstown Race Course, Foxrock, Dublin 18, Ireland","Dublin 18",Dublin,,IE,"(01) 289 3208",,"spa, beauty_salon, establishment",,http://www.westwood.ie/refresh/refresh.php,53.266821,-6.194723,"Google Places",ChIJ-8MWn_8IZ0gRbrcij3Xkijg,https://plus.google.com/101069941972096155763/about?hl=en
"Kameleon | Kinesology Dublin","3 Gardiner Place, Dublin, Ireland",Dublin,Dublin,,IE,"086 351 4260",,"beauty_salon, health, establishment",,http://www.kameleon.ie/,53.356041,-6.260757,"Google Places",ChIJ7SpBfIcOZ0gRr4tPzg5T3Ow,https://plus.google.com/107715887597050303040/about?hl=en
"Capital (Hair & Beauty) Ltd Croke Park","Convent Avenue, Richmond Road, Fairview, Co. Dublin, Ireland",Fairview,Dublin,,IE,"(01) 836 9761",,"store, establishment","Monday: 9:00 am – 8:00 pm
Tuesday: 9:00 am – 5:00 pm
Wednesday: 9:00 am – 5:00 pm
Thursday: 9:00 am – 8:00 pm
Friday: 9:00 am – 5:00 pm
Saturday: Closed
Sunday: 1:00 – 5:00 pm",http://www.capitalhairandbeauty.ie/,53.364944,-6.243989,"Google Places",ChIJPzWBhF0OZ0gR1axSy2ZTE38,https://plus.google.com/108502221769443396828/about?hl=en
"Capital (Hair & Beauty) Ltd Dublin","26/27 Oak Road Business Park, Nangor Road, Dublin 12, Ireland","Dublin 12",Dublin,,IE,"(01) 408 9022",,"store, establishment","Monday: 9:00 am – 8:00 pm
Tuesday: 9:00 am – 5:00 pm
Wednesday: 9:00 am – 5:00 pm
Thursday: 9:00 am – 8:00 pm
Friday: 9:00 am – 5:00 pm
Saturday: Closed
Sunday: 1:00 – 5:00 pm",http://www.capitalhairandbeauty.ie/,53.327028,-6.370536,"Google Places",ChIJcxXHxLUMZ0gRhxIPWhw6Wyg,https://plus.google.com/104939503643801687957/about?hl=en
"Harvey Private Nursing Home","25 Glenageary Road Upper, Glenageary, Glenageary, Co. Dublin, Ireland",Glenageary,Dublin,,IE,"(01) 280 0508",,"health, establishment",,http://www.harveyhealthcare.ie/,53.283052,-6.144166,"Google Places",ChIJ06JMQ4IIZ0gRmF13y5E7PkM,https://plus.google.com/112310089356798335950/about?hl=en
"River Holistic Centre","Ashbrook House,10 Main Street, Raheny, Dublin 5, Ireland","Dublin 5",,,IE,"(01) 831 0888",,"health, establishment","Monday: 9:30 am – 10:00 pm
Tuesday: 9:30 am – 10:00 pm
Wednesday: 9:30 am – 10:00 pm
Thursday: 9:30 am – 10:00 pm
Friday: 9:30 am – 10:00 pm
Saturday: 10:00 am – 6:00 pm
Sunday: 12:00 – 4:00 pm",http://www.riverholistic.ie/,53.379484,-6.175293,"Google Places",ChIJAxDcpo0PZ0gRY9gp5KrK_bk,https://plus.google.com/105935125679827517444/about?hl=en
"DeafHear.ie (Dublin South)","Unit G/H, Exchange Hall, Belgard Square North, Dublin 24, Ireland",,,,IE,"(01) 462 0377",,establishment,"Monday: 9:00 am – 1:00 pm, 2:00 – 5:00 pm
Tuesday: 9:00 am – 1:00 pm, 2:00 – 5:00 pm
Wednesday: 9:00 am – 1:00 pm, 2:00 – 5:00 pm
Thursday: 9:00 am – 1:00 pm, 2:00 – 5:00 pm
Friday: 9:00 am – 1:00 pm, 2:00 – 5:00 pm
Saturday: Closed
Sunday: Closed",http://www.deafhear.ie/,53.290533,-6.374022,"Google Places",ChIJYVsBCbR0Z0gRM2fsSiWTMmw,https://plus.google.com/117682948193733278667/about?hl=en
"A Nu U","Main Street, Clonee, Co. Dublin, Ireland",Clonee,Dublin,,IE,"(01) 801 5400",,"beauty_salon, hair_care, health, establishment","Monday: 10:00 am – 6:00 pm
Tuesday: 10:00 am – 6:00 pm
Wednesday: 10:00 am – 9:00 pm
Thursday: 10:00 am – 9:00 pm
Friday: 10:00 am – 9:00 pm
Saturday: 9:30 am – 5:30 pm
Sunday: Closed",http://www.anuu.ie/,53.410395,-6.439265,"Google Places",ChIJuSQVmHJtZ0gRQi1x4WwU8RM,https://plus.google.com/102141248511260285201/about?hl=en
"pamper yourself at rosse court","1b rosse court, balgaddy, lucan, Co. Dublin, Ireland",lucan,Dublin,,IE,"(01) 457 3573",,"beauty_salon, spa, hair_care, establishment","Monday: 9:00 am – 5:30 pm
Tuesday: 9:00 am – 5:30 pm
Wednesday: 9:00 am – 5:30 pm
Thursday: 9:00 am – 8:00 pm
Friday: 9:00 am – 7:00 pm
Saturday: 9:00 am – 5:00 pm
Sunday: Closed",http://www.pamperyourselfsalons.com/,53.340489,-6.417496,"Google Places",ChIJFQt0sBtzZ0gRto-oOL3W-dU,https://plus.google.com/105202563510271654929/about?hl=en
"pamper yourself at adamstown","Unit 1 /2, The Sentinel Building, Station Road, Adamstown Castle, Lucan, Co. Dublin, Ireland",Lucan,Dublin,,IE,"(01) 621 1539",,"beauty_salon, spa, hair_care, establishment","Monday: 9:00 am – 5:30 pm
Tuesday: 9:00 am – 5:30 pm
Wednesday: 9:00 am – 5:30 pm
Thursday: 9:00 am – 8:00 pm
Friday: 9:00 am – 7:00 pm
Saturday: 9:00 am – 5:00 pm
Sunday: Closed",http://www.pamperyourselfsalons.com/,53.33619,-6.457192,"Google Places",ChIJSb3RR7dzZ0gRyuLTmcQej9s,https://plus.google.com/110571269108682269927/about?hl=en
"Riverside Private Nursing Home","Toberburr Road, St. Margarets, Co. Dublin, Ireland","St. Margarets",Dublin,,IE,"(01) 840 8329",,"health, establishment",,http://www.harveyhealthcare.ie/,53.448748,-6.295016,"Google Places",ChIJP1K0Tn0RZ0gRGDP4FYTaDGA,https://plus.google.com/115909089408193234141/about?hl=en
"21st Zentury Boot Camps","Bray-Greystones Cliff walk, Bray, Co. Wicklow, Ireland",Bray,Wicklow,,IE,"087 933 4782",,"health, establishment","Monday: 7:00 – 8:30 pm
Tuesday: Closed
Wednesday: Closed
Thursday: 7:00 – 8:30 pm
Friday: Closed
Saturday: 10:00 – 11:30 am
Sunday: Closed",http://www.21zenturyhealth.com/wordpress/,53.203282,-6.098002,"Google Places",ChIJCajnbGioZ0gRw-b_KP2Ya8c,https://plus.google.com/106414617892885421534/about?hl=en
"Skin Deep Beauty","Maynooth Rd, Celbridge, Co. Kildare, Ireland",Celbridge,Kildare,,IE,"(01) 627 0135",,"beauty_salon, establishment",,http://www.skindeepbeauty.ie/,53.344114,-6.542358,"Google Places",ChIJZeg2ealxZ0gREmGG6PSSzhY,https://plus.google.com/113185564766033246187/about?hl=en
"Optimal Health","120 Whitebarn Road, Dublin 14, Ireland","Dublin 14",Dublin,,IE,"087 929 3941",,establishment,,http://www.optimalhealth.ie/,53.292644,-6.263864,"Google Places",ChIJjQKINucLZ0gRpqYF7UPF9LU,https://plus.google.com/110526277400148267168/about?hl=en
