Name,"Full Address",City,County/State,Postcode,Country,"Telephone Number",Rating,Keywords,"Opening hours",URL,Latitude,Longitude,"Data Source","Data Source Identifer"
"Functional Training Ireland - Physiotherapy Dublin","29 Fitzwilliam Street Upper, Dublin 2, Ireland","Dublin 2",Dublin,,IE,"(01) 662 9231",,"physiotherapist, health, establishment","Monday: 7:00 am – 9:00 pm
Tuesday: 7:00 am – 9:00 pm
Wednesday: 7:00 am – 9:00 pm
Thursday: 7:00 am – 9:00 pm
Friday: 7:00 am – 9:00 pm
Saturday: 9:00 am – 4:00 pm
Sunday: 10:00 am – 4:00 pm",http://functionaltraining.ie/,53.33583,-6.249738,"Google Places",ChIJMXAzw5cOZ0gRehbYp7HHj4M,https://plus.google.com/110903783036129125680/about?hl=en
"West Wood Club","1 Saint John's Road, Dublin 4, Ireland","Dublin 4",Dublin,,IE,"(01) 269 5764",,"gym, health, establishment","Monday: 6:00 am – 11:00 pm
Tuesday: 6:00 am – 11:00 pm
Wednesday: 6:00 am – 11:00 pm
Thursday: 6:00 am – 11:00 pm
Friday: 6:00 am – 11:00 pm
Saturday: 8:00 am – 9:00 pm
Sunday: 8:00 am – 9:00 pm",http://www.westwood.ie/,53.325632,-6.209443,"Google Places",ChIJrY333dcOZ0gRcC2hNlCkktM,https://plus.google.com/107821042966443272338/about?hl=en
"Crossfit Perpetua","20 Sir John Rogerson's Quay, Dublin 2, Ireland","Dublin 2","Co. Dublin",,IE,"086 837 9903",,"gym, health, establishment",,http://www.crossfitdublin.ie/,53.346235,-6.243209,"Google Places",ChIJ2X17vMEIZ0gRZwS33DoBZgA,https://plus.google.com/113205751032477497982/about?hl=en
"West Wood Club","Leopardstown Race Course, Foxrock, Dublin, Ireland",Dublin,"Co. Dublin",,IE,"(01) 289 3208",4,"gym, health, establishment",,http://www.westwood.ie/,53.264205,-6.194224,"Google Places",ChIJ8VG8u6wJZ0gRK22mvtFMb6Q,https://plus.google.com/105739059600933030360/about?hl=en
"FLYEfit Gym Ranelagh","36 Ranelagh, Dublin 6, Ireland","Dublin 6",Dublin,,IE,,,"gym, health, establishment","Monday: Open 24 hours
Tuesday: Open 24 hours
Wednesday: Open 24 hours
Thursday: Open 24 hours
Friday: Open 24 hours
Saturday: Open 24 hours
Sunday: Open 24 hours",http://www.flyefit.ie/,53.32573,-6.255089,"Google Places",ChIJc8NLx6UOZ0gRGesKK_OsXbg,https://plus.google.com/109110323031541945680/about?hl=en
"Wild Geese Martial Arts","Magennis Place, Dublin 2, Ireland","Dublin 2",Dublin,,IE,"085 872 6840",,"school, establishment","Monday: 4:00 – 10:00 pm
Tuesday: 4:00 – 10:00 pm
Wednesday: 4:00 – 10:00 pm
Thursday: 4:00 – 10:00 pm
Friday: 4:00 – 10:00 pm
Saturday: Closed
Sunday: 6:30 – 8:00 pm",http://www.wildgeesema.com/,53.344451,-6.248554,"Google Places",ChIJY5X4lpEOZ0gRTwzjMaw5uOE,https://plus.google.com/105303163301040990145/about?hl=en
"SF Fitness Personal Fitness Centre","Unit B, Church Buildings, Church lane,, Rathfarnham, Co. Dublin, Ireland",Rathfarnham,Dublin,,IE,"(01) 490 0097",,"gym, health, establishment","Monday: 6:00 am – 9:00 pm
Tuesday: 9:00 am – 9:00 pm
Wednesday: 6:00 am – 9:00 pm
Thursday: 9:00 am – 9:00 pm
Friday: 6:00 am – 2:00 pm
Saturday: 9:00 am – 1:00 pm
Sunday: Closed",http://www.sffitness.ie/,53.299971,-6.285358,"Google Places",ChIJRZ1-UDoGZ0gRZ58pGc8m9P8,https://plus.google.com/117932968666086489352/about?hl=en
Be-fit,"Unit 2 Brookfield Terrace, Blackrock, Dublin, Ireland",Dublin,Dublin,,IE,"(01) 283 6367",,"gym, health, establishment",,http://www.be-fit.ie/,53.297541,-6.179796,"Google Places",ChIJL8atiMEIZ0gRMBh3XavIRTo,https://plus.google.com/110532802617488932435/about?hl=en
"Gaya Tree","29 Carysfort Avenue, Blackrock, Co. Dublin, Ireland",,Dublin,,IE,"085 158 8756",,"health, establishment",,http://www.gaya-tree.com/,53.299923,-6.179446,"Google Places",ChIJyULW1sYIZ0gRFe1LXDI_d-o,https://plus.google.com/110754052539401585039/about?hl=en
"énergie fitness Ballsbridge","The Oval, Shelbourne Road, Dublin 4, Ireland","Dublin 4",Dublin,,IE,"(01) 678 1490",,"gym, health, establishment","Monday: 6:00 – 10:00 pm
Tuesday: 6:00 – 10:00 pm
Wednesday: 6:00 – 10:00 pm
Thursday: 6:00 – 10:00 pm
Friday: 6:00 am – 9:00 pm
Saturday: 9:00 am – 5:00 pm
Sunday: 9:00 am – 5:00 pm",http://www.energieforeverybody.ie/,53.331615,-6.231114,"Google Places",ChIJm_0jy8YOZ0gRdp_uXRYEWVw,https://plus.google.com/111625933166220550755/about?hl=en
"Dynamic Fitness","Loreto Park, Nutgrove, Nutgrove, Dublin 14, Ireland","Dublin 14",Dublin,,IE,"086 359 6804",,"health, establishment","Monday: 9:00 am – 9:00 pm
Tuesday: 9:00 am – 9:00 pm
Wednesday: 9:00 am – 9:00 pm
Thursday: 9:00 am – 9:00 pm
Friday: 9:00 am – 9:00 pm
Saturday: 9:00 am – 6:00 pm
Sunday: Closed",http://www.dynamicfitness.eu/,53.290309,-6.271905,"Google Places",ChIJLyJemcILZ0gRJWigqzd9IS0,https://plus.google.com/117269422785889120757/about?hl=en
"Fitness Together Personal Training","8 The Appian Way, Ranelagh, Dublin 6, Co. Dublin, Ireland","Ranelagh, Dublin 6",Dublin,,IE,"(01) 496 5829",,"gym, health, establishment","Monday: 6:00 am – 9:30 pm
Tuesday: 6:00 am – 9:30 pm
Wednesday: 6:00 am – 9:30 pm
Thursday: 6:00 am – 9:30 pm
Friday: 6:00 am – 9:30 pm
Saturday: 9:00 am – 2:00 pm
Sunday: Closed",http://www.fitnesstogether.ie/,53.326459,-6.249801,"Google Places",ChIJCwirKR0MZ0gRLiGWc9IxRAU,https://plus.google.com/108736513702099204738/about?hl=en
"Educogym Parnell St.","214, Ivy Exchange, Granby Place, Dublin 1, Ireland","Dublin 1",Dublin,,IE,"(01) 878 3397",,"gym, health, establishment",,https://plus.google.com/112988629578992599662/about?hl=en,53.351947,-6.265168,"Google Places",ChIJn7DbbIEOZ0gRYR2821kloUw,https://plus.google.com/112988629578992599662/about?hl=en
"Andy Kenny Fitness LTD","Unit 31, Trinity Enterprise Centre, Pearse Street, Dublin 2, Ireland","Dublin 2",,,IE,"085 728 2551",4.8,"health, establishment","Monday: 4:00 – 9:00 pm
Tuesday: 4:00 – 9:00 pm
Wednesday: 4:00 – 9:00 pm
Thursday: 4:00 – 9:00 pm
Friday: 4:00 – 9:00 pm
Saturday: 9:00 am – 3:00 pm
Sunday: Closed",http://www.andykennyfitness.ie/,53.342434,-6.239832,"Google Places",ChIJoeotaewOZ0gRKNoILKi1UWE,https://plus.google.com/109054538558906549360/about?hl=en
"Tristan Hand Training","6-8 Pembroke Ln, Ballsbridge, Dublin 4, Co. Dublin, Ireland","Ballsbridge, Dublin 4",Dublin,,IE,"(01) 441 3933",,"health, gym, establishment","Monday: 3:00 – 10:00 pm
Tuesday: 3:00 – 10:00 pm
Wednesday: 3:00 – 10:00 pm
Thursday: 9:00 am – 8:00 pm
Friday: 8:00 am – 12:00 pm
Saturday: 3:00 – 10:00 pm
Sunday: 9:00 am – 8:00 pm",http://www.tristanhand.ie/,53.331103,-6.237069,"Google Places",ChIJeU1OqMAOZ0gRwMcZPsT02UY,https://plus.google.com/118093822360906391858/about?hl=en
"Pilates Dublin . ie","Unit F1, Nutgrove Office Park, Rathfarnham - Dublin 14, Co. Dublin, Ireland","Rathfarnham - Dublin 14",Dublin,,IE,"086 173 6720",,"health, establishment","Monday: 7:00 am – 10:00 pm
Tuesday: 7:00 am – 10:00 pm
Wednesday: 7:00 am – 10:00 pm
Thursday: 7:00 am – 10:00 pm
Friday: 7:00 am – 6:00 pm
Saturday: 8:00 pm – 12:00 am
Sunday: 12:00 am – 4:00 pm",http://www.pilatesdublin.ie/,53.294274,-6.279387,"Google Places",ChIJwcpwwOsLZ0gRMy7AXGV20Bw,https://plus.google.com/104723778971095258096/about?hl=en
"Forget The Gym","Sandymount, Dublin, Co. Dublin, Ireland","Sandymount, Dublin",Dublin,,IE,"086 239 1987",,"health, establishment",,http://www.forgetthegym.ie/,53.334768,-6.212768,"Google Places",ChIJwb__q98OZ0gRuNwMmm2lZ_o,https://plus.google.com/113113935089707136115/about?hl=en
"Mint Fitness","Pembroke Cricket Club, Park Avenue, Sandymount, Dublin 4, Ireland","Dublin 4",Dublin,,IE,,,"health, establishment",,http://www.mintfitness.ie/,53.324625,-6.212735,"Google Places",ChIJcRAKPtcOZ0gRmfny8orqr5k,https://plus.google.com/114742146651239481886/about?hl=en
"Excellence in Training","59 Rathgar Avenue, Dublin 6, Ireland","Dublin 6",Dublin,,IE,"087 743 4599",,"health, establishment","Monday: 9:00 am – 9:00 pm
Tuesday: 9:00 am – 9:00 pm
Wednesday: 9:00 am – 9:00 pm
Thursday: 9:00 am – 9:00 pm
Friday: 9:00 am – 9:00 pm
Saturday: 9:00 am – 9:00 pm
Sunday: 9:00 am – 9:00 pm",http://www.eitraining.ie/,53.313597,-6.275234,"Google Places",ChIJsSIpdQgMZ0gR-MndAWGnACI,https://plus.google.com/102486591009538974675/about?hl=en
"Jay Farrant Strength & Conditioning","Essex Street East, Dublin, Ireland","Dublin City",Dublin,,IE,"085 196 9461",,"health, establishment","Monday: 7:00 am – 9:00 pm
Tuesday: 7:00 am – 9:00 pm
Wednesday: 7:00 am – 9:00 pm
Thursday: 7:00 am – 9:00 pm
Friday: 7:00 am – 9:00 pm
Saturday: Closed
Sunday: 9:00 am – 1:00 pm",http://jayfarrant.com/,53.344502,-6.266693,"Google Places",ChIJbbkq04IOZ0gRRe0ATg0n2SA,https://plus.google.com/116559346071381015100/about?hl=en
FFS,"47 Leeson Street Lower, Dublin 2, Ireland","Dublin 2",Dublin,,IE,"(01) 661 1008",,"gym, health, establishment","Monday: 6:30 am – 9:30 pm
Tuesday: 6:30 am – 9:30 pm
Wednesday: 6:30 am – 9:30 pm
Thursday: 6:30 am – 9:30 pm
Friday: 6:30 am – 9:30 pm
Saturday: 9:00 am – 3:00 pm
Sunday: 12:00 am – 2:00 pm",http://www.ffs.ie/,53.3329,-6.253812,"Google Places",ChIJEQrz5aIOZ0gRQrcJ_xj8yJE,https://plus.google.com/116267637237910492826/about?hl=en
"Cover Model Body Personal Training","7 Fitzwilliam Street Upper, Dublin 2, Ireland","Dublin 2",Dublin,,IE,"(01) 662 9723",4.9,"gym, health, establishment","Monday: 7:00 am – 10:00 pm
Tuesday: 7:00 am – 10:00 pm
Wednesday: 7:00 am – 10:00 pm
Thursday: 7:00 am – 10:00 pm
Friday: 7:00 am – 10:00 pm
Saturday: 9:00 am – 2:00 pm
Sunday: Closed",http://www.darraghhayes.com/,53.336352,-6.249834,"Google Places",ChIJU0flxpcOZ0gR6vU_UHqH3ZA,https://plus.google.com/109666139744701484154/about?hl=en
"Rob Smyth Personal Trainer Sandyford","Sandyford Road, Dublin, Ireland","Dun Laoghaire-Rathdown",Dublin,,IE,"087 411 9004",4.6,"health, gym, establishment","Monday: 6:00 am – 9:00 pm
Tuesday: 6:00 am – 9:00 pm
Wednesday: 6:00 am – 9:00 pm
Thursday: 6:00 am – 9:00 pm
Friday: 6:00 am – 9:00 pm
Saturday: Closed
Sunday: Closed",http://www.letstrain.ie/,53.275183,-6.231179,"Google Places",ChIJh3NqtA4JZ0gReEQqN3HoDsc,https://plus.google.com/114067916952376988804/about?hl=en
"South Dublin Strength & Conditioning","10-11 Greenmount Avenue, Harolds Cross, Dublin 6, Ireland","Dublin 6",Dublin,,IE,"086 864 9732",,"gym, health, establishment",,http://www.southdublinsc.ie/,53.328002,-6.278868,"Google Places",ChIJ7RQNrBAMZ0gRihghBlkOBXg,https://plus.google.com/115947432968930436088/about?hl=en
"Mint Fitness","Terenure Sports Club, 54 Terenure Rd N, Dublin 6W, Co. Dublin, Ireland","Dublin 6W",Dublin,,IE,,,"health, establishment","Monday: Closed
Tuesday: 7:00 – 8:00 pm
Wednesday: Closed
Thursday: 7:00 – 8:00 pm
Friday: Closed
Saturday: Closed
Sunday: Closed",http://www.mintfitness.ie/,53.313198,-6.282452,"Google Places",ChIJq-oBIgoMZ0gRZj_AhTJUcqQ,https://plus.google.com/117059875815434403861/about?hl=en
"Better Body Gym & Fitness Studio","26, Phibsborough Place, Phibsborough Road, Dublin 7, Ireland","Dublin 7",Dublin,,IE,"(01) 811 7499",,"gym, health, establishment","Monday: 6:30 am – 9:30 pm
Tuesday: 6:30 am – 9:30 pm
Wednesday: 6:30 am – 9:30 pm
Thursday: 6:30 am – 9:30 pm
Friday: 6:30 am – 9:30 pm
Saturday: 8:30 am – 6:30 pm
Sunday: 8:30 am – 6:30 pm",http://www.betterbody.ie/,53.361305,-6.272463,"Google Places",ChIJ03lWjXwOZ0gRIsBaWOQVOXk,https://plus.google.com/105390911709764819103/about?hl=en
"Ultimate Fit Crew - Group and Personal Training","Cardiff Lane, Sir John Rogersons Quay, Dublin, Ireland",Dublin,Dublin,,IE,"085 136 7904",,establishment,,http://www.ultimatefitcrew.com/,53.345336,-6.240743,"Google Places",ChIJOTesrZIOZ0gR1NEeJ499RE8,https://plus.google.com/114080221084915659068/about?hl=en
"Transform You","Apt 30 dunlin house, redcourt oaks, seafield rd east, Clontarf, Dublin 3, Ireland","Dublin 3",Dublin,,IE,"086 311 6008",,"gym, health, establishment","Monday: 7:00 am – 10:00 pm
Tuesday: 7:00 am – 3:00 pm
Wednesday: 6:00 – 9:00 am, 2:00 – 10:00 pm
Thursday: 2:00 – 5:00 pm
Friday: 6:00 am – 2:30 pm
Saturday: 4:30 – 9:30 pm
Sunday: 9:00 am – 9:00 pm",http://www.transformyou.ie/,53.363041,-6.181483,"Google Places",ChIJ84j216EPZ0gRNKPXldo0bnY,https://plus.google.com/107140201013816396703/about?hl=en
"Fitnecise Studio","11 Braemor Rd, Dublin 14, Ireland","Dublin 14",Dublin,,IE,"(01) 298 9713",,"health, establishment",,http://www.fitnecise.ie/,53.295913,-6.26005,"Google Places",ChIJy3mAm-ELZ0gRYQ9f_qB8Uug,https://plus.google.com/104447882767822802011/about?hl=en
"Personal Fitness Trainer - Fitnecise","Unit F1, Nutgrove Office Park, Rafthfarnham - Dublin 14, Co. Dublin, Ireland","Rafthfarnham - Dublin 14",Dublin,,IE,"(01) 298 9713",,"health, establishment",,http://www.personaltrainerdublin.ie/,53.292053,-6.260747,"Google Places",ChIJhWiOkOALZ0gRXAmo0aDH_t4,https://plus.google.com/100551803155002774482/about?hl=en
"Personal Trainer in South Dublin - Martin Luschin","Unit F1, Nutgrove Office Park, Dublin 14 Rathfarnham, Co. Dublin, Ireland","Dublin 14 Rathfarnham",Dublin,,IE,"086 173 6720",,establishment,,http://www.martinluschin.com/,53.292167,-6.260769,"Google Places",ChIJQWACkeALZ0gRbyBr7DiwUnA,https://plus.google.com/114700200106714844964/about?hl=en
"Mint Fitness","Blackrock, Co. Dublin, Ireland",,Dublin,,IE,,,"health, establishment",,http://www.mintfitness.ie/,53.24527,-6.257238,"Google Places",ChIJbyKxYj0JZ0gRGVFCQOBot9A,https://plus.google.com/110127818877673725865/about?hl=en
"The Secret - Pilates and Personal Training","3Qubed, Quarry Road, Rathmichael, Co. Dublin, Ireland",Rathmichael,Dublin,,IE,"087 791 7627",,establishment,,http://www.thesecretpilates.com/,53.223815,-6.141915,"Google Places",ChIJ88AthfqnZ0gRZckaD9XdzyY,https://plus.google.com/117909214050911848804/about?hl=en
"Fitness Classes Dublin .ie","18 Mount Eagle Grove, Leopardstown Heights, Dublin 18, Ireland","Dublin 18",Dublin,,IE,"086 173 6720",,"gym, health, establishment","Monday: 7:00 am – 9:30 pm
Tuesday: 7:00 am – 9:30 pm
Wednesday: 7:00 am – 9:30 pm
Thursday: 7:00 am – 9:30 pm
Friday: 7:00 am – 7:00 pm
Saturday: 8:00 am – 5:00 pm
Sunday: Closed",http://www.fitnessclassesdublin.ie/,53.267328,-6.213664,"Google Places",ChIJDXthmaYJZ0gRxUgco8UnZZ4,https://plus.google.com/106965339035897796640/about?hl=en
"énergie fitness Rathfarnham","Nutgrove Retail Park, Nutgrove Avenue, Rathfarnham, Dublin 14, Ireland","Rathfarnham, Dublin 14",,,IE,"(01) 499 4244",,"gym, health, establishment","Monday: 6:00 am – 10:00 pm
Tuesday: 6:00 am – 10:00 pm
Wednesday: 6:00 am – 10:00 pm
Thursday: 6:00 am – 10:00 pm
Friday: 6:00 am – 9:00 pm
Saturday: 9:00 am – 5:00 pm
Sunday: 9:00 am – 5:00 pm",http://www.energieforeverybody.ie/,53.292199,-6.267439,"Google Places",ChIJuVQ5mOcLZ0gRilC25luSdC4,https://plus.google.com/114631650492991848437/about?hl=en
"South Dublin Bootcamp","Newtownpark Avenue, Dublin, Ireland",Dublin,Dublin,,IE,"(01) 442 9388",,"health, establishment",,http://www.southdublinbootcamp.com/,53.286156,-6.176679,"Google Places",ChIJv8jAwu0IZ0gRNrXvn4Op7n0,https://plus.google.com/101191699247769838710/about?hl=en
"Underground Fitness Dublin","G1, Pottery Business Centre, Pottery Road, Co. Dublin, Ireland",,Dublin,,IE,"(01) 235 1525",4.8,"gym, health, establishment","Monday: 7:00 am – 8:30 pm
Tuesday: 9:00 am – 7:30 pm
Wednesday: 7:00 am – 8:30 pm
Thursday: 9:00 am – 7:30 pm
Friday: 7:00 am – 8:30 pm
Saturday: 10:00 am – 2:30 pm
Sunday: Closed",http://www.underground.ie/,53.275471,-6.15783,"Google Places",ChIJzQcfWogIZ0gRK2mmXH5h2uk,https://plus.google.com/114669615140647281579/about?hl=en
"The Sun Hut","205 Le Fanu Road, Dublin 10, Ireland","Dublin 10",Dublin,,IE,"(01) 623 9283",,establishment,"Monday: 10:00 am – 9:00 pm
Tuesday: 10:00 am – 9:00 pm
Wednesday: 10:00 am – 9:00 pm
Thursday: 10:00 am – 9:00 pm
Friday: 10:00 am – 9:00 pm
Saturday: 10:00 am – 9:00 pm
Sunday: Closed",https://plus.google.com/112399445947884568358/about?hl=en,53.341822,-6.356469,"Google Places",ChIJP2aM6dwMZ0gR7FJFrod9hgs,https://plus.google.com/112399445947884568358/about?hl=en
"Complete Personal Training","Glenhook,, Ullardmore, Ardeevin Rd,, Dalkey, Co. Dublin, Ireland",Dalkey,Dublin,,IE,"086 408 0951",,"health, establishment",,http://www.completepersonaltraining.ie/,53.274702,-6.102014,"Google Places",ChIJ_6AqrLMHZ0gRb0W4PyHTaWM,https://plus.google.com/116081675671924891922/about?hl=en
"Performance Martial Arts (Finglas)","Unit 5, Finglas Business Centre, Finglas, Dublin 11, Ireland","Dublin 11",Dublin,,IE,"085 724 9933",,"health, school, establishment",,http://www.performancemartialarts.ie/,53.398091,-6.29567,"Google Places",ChIJ6djg3dYUZ0gRQ4B6liF0PIE,https://plus.google.com/114149414511337387551/about?hl=en
"Mint Fitness","St. Sylvesters GAA Club, 2, Church Road, Malahide, Dublin, Ireland",Dublin,Dublin,,IE,,,"health, establishment",,http://www.mintfitness.ie/,53.450038,-6.153695,"Google Places",ChIJ-WA_R2AaZ0gRnW3q7bo8Mpw,https://plus.google.com/117614025796990464718/about?hl=en
Kiwifit,"Unit 11, Seagrove House, Sutton Cross, Dublin 13, Ireland","Dublin 13",Dublin,,IE,"(01) 832 5756",,"gym, health, establishment","Monday: 6:30 am – 9:00 pm
Tuesday: 6:30 am – 9:00 pm
Wednesday: 6:30 am – 9:00 pm
Thursday: 6:30 am – 9:00 pm
Friday: 6:30 am – 8:00 pm
Saturday: 10:00 am – 3:00 pm
Sunday: Closed",http://www.kiwifit.ie/,53.389247,-6.109242,"Google Places",ChIJD4fRYt8EZ0gRPZ0S-6jzcZ0,https://plus.google.com/118337813803849012059/about?hl=en
"Functional Strength Solutions","Clontarf Rugby Football Club, Clontarf, Dublin, Ireland",Dublin,,,IE,"086 302 0844",,"health, establishment","Monday: 7:00 am – 8:00 pm
Tuesday: 7:00 am – 8:00 pm
Wednesday: 7:00 am – 8:00 pm
Thursday: 7:00 am – 8:00 pm
Friday: 7:00 am – 8:00 pm
Saturday: 8:00 am – 12:00 pm
Sunday: Closed",http://www.fss.ie/,53.368248,-6.205751,"Google Places",ChIJZ5M-uq8PZ0gRJ0WL0jvOOCs,https://plus.google.com/110963516001803243578/about?hl=en
"Jon Ledden Fitness","52 Clanmahon Road, Dublin 5, Ireland","Dublin 5",Dublin,,IE,"087 935 4170",,"health, establishment",,http://www.jonleddenfitness.com/,53.37511,-6.210858,"Google Places",ChIJS41GTbEPZ0gRm_zWiEbUGwg,https://plus.google.com/100640676602661668657/about?hl=en
"The Extra Mile","Dublin 15, Ireland","Dublin 15",Dublin,,IE,"086 379 8310",,establishment,,http://www.theextramile.ie/,53.3784,-6.325174,"Google Places",ChIJiWHLNJkNZ0gRZZ53tmg5PZ4,https://plus.google.com/114072087996559461123/about?hl=en
"David Scott Fitness","4 Harbour Rd, Dub Laoghaire, Co. Dublin, Ireland","Dub Laoghaire",Dublin,,IE,"087 738 5538",,establishment,,http://www.davidscottfitness.com/,53.295157,-6.1361,"Google Places",ChIJjyEnNSIGZ0gRasLeoe7Nsg4,https://plus.google.com/110361967033638893836/about?hl=en
"Personal Training Studio ""Educogym Castleknock""","1 A Ashleigh Retail Centre, Castleknock, Dublin 15, Ireland","Dublin 15",Dublin,,IE,"(01) 821 4460",,establishment,"Monday: 6:30 am – 8:00 pm
Tuesday: 6:30 am – 8:00 pm
Wednesday: 6:30 am – 8:00 pm
Thursday: 6:30 am – 8:00 pm
Friday: 6:30 am – 8:00 pm
Saturday: 8:30 am – 1:00 pm
Sunday: 9:00 am – 12:30 pm",https://plus.google.com/100581862491101519048/about?hl=en,53.3731,-6.36189,"Google Places",ChIJeZtkekANZ0gRdvdK74FMxt4,https://plus.google.com/100581862491101519048/about?hl=en
Bodycoach,"Ballymount Road, Co. Dublin, Ireland","South Dublin",Dublin,,IE,"085 731 0384",,"gym, health, school, establishment","Monday: 7:00 am – 10:00 pm
Tuesday: 7:00 am – 10:00 pm
Wednesday: 7:00 am – 10:00 pm
Thursday: 7:00 am – 10:00 pm
Friday: 7:00 am – 10:00 pm
Saturday: 7:00 am – 10:00 pm
Sunday: 7:00 am – 10:00 pm",http://www.bodycoach.ie/,53.317448,-6.363695,"Google Places",ChIJZeMs2rIMZ0gREfcCYXDCcD0,https://plus.google.com/115516980005172927375/about?hl=en
"Elite Training & Nutrition Ltd","Unit 6B, Unit 6d, Albert Road Lower, Glenageary, Dublin, Ireland",Dublin,Dublin,,IE,"087 629 3973",,establishment,,http://www.elitetraining.ie/,53.28186,-6.120238,"Google Places",ChIJiRz5BjQGZ0gRw0KooySX1uk,https://plus.google.com/103893099777141717879/about?hl=en
"BodyScene Personal Training & Neuromuscular Therapy","Stillorgan, Co. Dublin, Ireland",,Dublin,,IE,"(01) 254 2359",4.9,"health, establishment","Monday: 6:30 am – 8:30 pm
Tuesday: 6:30 am – 8:30 pm
Wednesday: 6:30 am – 8:30 pm
Thursday: 6:30 am – 8:30 pm
Friday: 6:30 am – 8:30 pm
Saturday: 6:30 am – 8:30 pm
Sunday: 6:30 am – 8:30 pm",http://www.bodyscene.ie/,53.278971,-6.195357,"Google Places",ChIJg9gqSUsGZ0gRLAGVxwzeifI,https://plus.google.com/101176185238667728311/about?hl=en
"The Fitness Academy","Citywest Health & leisure Club, Saggart, Co. Dublin, Ireland",Saggart,Dublin,,IE,"087 649 8288",,"health, establishment","Monday: 9:00 am – 10:00 pm
Tuesday: 9:00 am – 10:00 pm
Wednesday: 9:00 am – 10:00 pm
Thursday: 9:00 am – 10:00 pm
Friday: 9:00 am – 10:00 pm
Saturday: 9:00 am – 10:00 pm
Sunday: Closed",http://www.thefitnessacademy.ie/,53.286088,-6.447612,"Google Places",ChIJ-xRLg2t0Z0gRMiJPSvISg8w,https://plus.google.com/103245788505781717323/about?hl=en
"D4 Pilates","Exhale Studio, Sandymount Road, Sandymount, Dublin 4, Ireland","Dublin 4",,,IE,"086 406 5866",,establishment,"Monday: 8:00 am – 10:00 pm
Tuesday: 8:00 am – 10:00 pm
Wednesday: 8:00 am – 10:00 pm
Thursday: 8:00 am – 10:00 pm
Friday: 8:00 am – 10:00 pm
Saturday: 8:00 am – 10:00 pm
Sunday: Closed",http://www.d4pilates.com/,53.332622,-6.21589,"Google Places",ChIJf4K6od4OZ0gRZvxKtv7t_vg,https://plus.google.com/110538920640056035283/about?hl=en
"Body Rock Performance","Merrion Hall, Strand Rd, Dublin 4, Ireland","Dublin 4",Dublin,,IE,"(01) 261 2076",,establishment,"Monday: 6:00 am – 9:00 pm
Tuesday: 6:00 am – 9:00 pm
Wednesday: 6:00 am – 9:00 pm
Thursday: 6:00 am – 9:00 pm
Friday: 6:00 am – 9:00 pm
Saturday: 10:00 am – 3:00 pm
Sunday: 10:00 am – 1:00 pm",http://www.brp.ie/,53.318316,-6.20695,"Google Places",ChIJDTruhCoPZ0gR-HW8tcjOwCc,https://plus.google.com/116905979441457610033/about?hl=en
"Cover Model Body Personal Training","7 Fitzwilliam Street Upper, Dublin, Ireland",Dublin,Dublin,,IE,"(01) 662 9723",,"gym, health, establishment","Monday: 7:00 am – 10:00 pm
Tuesday: 7:00 am – 10:00 pm
Wednesday: 7:00 am – 10:00 pm
Thursday: 7:00 am – 10:00 pm
Friday: 7:00 am – 10:00 pm
Saturday: 9:00 am – 2:00 pm
Sunday: Closed",https://plus.google.com/102092924467224889026/about?hl=en,53.33636,-6.249861,"Google Places",ChIJjSE8xpcOZ0gR0mN_sIst94E,https://plus.google.com/102092924467224889026/about?hl=en
"The Herbalife Shop","20 Old County Glen, Crumlin, Dublin, Ireland",Dublin,Dublin,,IE,"085 225 4742",,"food, store, health, establishment","Monday: 8:00 am – 10:00 pm
Tuesday: 8:00 am – 10:00 pm
Wednesday: 8:00 am – 10:00 pm
Thursday: 8:00 am – 10:00 pm
Friday: 8:00 am – 10:00 pm
Saturday: 8:00 am – 6:00 pm
Sunday: 8:00 am – 6:00 pm",http://www.theherbalifeshop.com/,53.328166,-6.299226,"Google Places",ChIJpZfa42sMZ0gR5zo5DXQ8xbU,https://plus.google.com/112226242173657912341/about?hl=en
"Function & Fitness Ireland","53 Parnell Rd, Dublin 12, Ireland","Dublin 12",Dublin,,IE,"086 833 8845",,establishment,,http://www.ffireland.com/,53.330536,-6.284369,"Google Places",ChIJf5JM9xYMZ0gR6DaCu1RXioI,https://plus.google.com/116035045809673028769/about?hl=en
"Beneath the Surface, health & fitness club","8 Leeson Close, Dublin 2, Ireland","Dublin 2",Dublin,,IE,"(01) 662 4417",,"gym, health, establishment","Monday: 6:30 am – 9:00 pm
Tuesday: 6:30 am – 9:00 pm
Wednesday: 6:30 am – 9:00 pm
Thursday: 6:30 am – 9:30 pm
Friday: 6:00 am – 9:00 pm
Saturday: 8:00 am – 6:00 pm
Sunday: Closed",https://plus.google.com/111816188071801201005/about?hl=en,53.333344,-6.253748,"Google Places",ChIJ-0Ry7qIOZ0gRtitOmLa7dPY,https://plus.google.com/111816188071801201005/about?hl=en
"Blackpool Training","31 Palmerston Gardens, Dartry, Dublin, Ireland",Dublin,Dublin,,IE,"087 353 5482",,"gym, health, establishment",,https://plus.google.com/114312849436051802458/about?hl=en,53.314023,-6.260536,"Google Places",ChIJD7n8p6oOZ0gRhzc9YW3OVxA,https://plus.google.com/114312849436051802458/about?hl=en
"Bootcamp For Mums","Dublin, Dublin, Ireland",Dublin,Dublin,,IE,"087 239 1460",,"gym, health, establishment",,https://plus.google.com/115562854995541413215/about?hl=en,53.327099,-6.235997,"Google Places",ChIJTXs4d7gOZ0gR3Pg181SX40o,https://plus.google.com/115562854995541413215/about?hl=en
"Fitness Forte Personal Training","Unit, Lár Sord, Lynwood, Sord, Co. Baile Átha Cliath, Ireland",Sord,"Baile Átha Cliath",,IE,"086 349 0668",,establishment,"Monday: 6:00 am – 10:00 pm
Tuesday: 6:00 am – 10:00 pm
Wednesday: 6:00 am – 10:00 pm
Thursday: 6:00 am – 10:00 pm
Friday: 6:00 am – 10:00 pm
Saturday: 6:00 am – 6:00 pm
Sunday: Closed",http://www.fitnessfortept.com/personal-training,53.443962,-6.217982,"Google Places",ChIJE3s6aFgQZ0gRXJv2gsgHaek,https://plus.google.com/109337007111127843865/about?hl=en
"New U Clinic","Energie fitness The Oval Building, Shelbourne Road, Ballsbridge, Co. Dublin, Ireland",Ballsbridge,Dublin,,IE,"(01) 630 6336",,"health, establishment",,http://www.newuclinic.ie/,53.331168,-6.230803,"Google Places",ChIJR8niUcEOZ0gR8yxOsWhElqs,https://plus.google.com/115173547077352045537/about?hl=en
"The Golf Conditioning Clinic","Unit C1, Airside Enterprise Centre, Airside Business Park, Swords, Co. Dublin, Ireland",Swords,Dublin,,IE,"086 884 7843",,establishment,,http://www.thegolfconditioningclinic.com/,53.447094,-6.218776,"Google Places",ChIJycQAu_cQZ0gRplf0p0ND81U,https://plus.google.com/118137613506739492664/about?hl=en
BodyMasters,"28 Orwell Park, Dartry, Dublin 6, Ireland","Dublin 6",Dublin,,IE,"083 310 2017",,"health, establishment",,https://plus.google.com/100660277025815948390/about?hl=en,53.308411,-6.263678,"Google Places",ChIJm4Ccif4LZ0gRVcfYqCPp_Nw,https://plus.google.com/100660277025815948390/about?hl=en
"Fit For It Training","102 Saint Aidan's Drive, Dublin 14, Ireland","Dublin 14",Dublin,,IE,"085 185 0855",,establishment,,http://www.fitforittraining.com/,53.295387,-6.230107,"Google Places",ChIJA0PiiEAJZ0gRegSqp1tggeU,https://plus.google.com/110660475150999280841/about?hl=en
Kinemove,"Olaf GAA - Holly Avenue, Stillorgan Industrial Park, Sandyford, D18, Dublin, Ireland",Dublin,Dublin,,IE,"(01) 442 9322",,establishment,,https://plus.google.com/109894674492719331500/about?hl=en,53.280841,-6.220922,"Google Places",ChIJ7epwuw0JZ0gRppVS_HTYtIY,https://plus.google.com/109894674492719331500/about?hl=en
"Shane O'Grady Dublin Grinds","12 Priory Avenue, Dublin, Ireland","Dun Laoghaire-Rathdown",Dublin,,IE,"086 191 6441",,establishment,,http://www.dublingrinds.com/,53.296103,-6.197813,"Google Places",ChIJ-zXMtd8IZ0gRkbWU6HHsHpg,https://plus.google.com/117299414384211718568/about?hl=en
"Food and Healing","16 - 18 Upper Dominick Street, Dublin 7, Ireland","Dublin 7",Dublin,,IE,"083 365 0783",,"health, establishment","Monday: Closed
Tuesday: 9:00 am – 5:00 pm
Wednesday: 9:00 am – 5:00 pm
Thursday: 9:00 am – 5:00 pm
Friday: 9:00 am – 5:00 pm
Saturday: 9:00 am – 5:00 pm
Sunday: Closed",https://plus.google.com/115539311013648110396/about?hl=en,53.353779,-6.270374,"Google Places",ChIJf05JPiIMZ0gRVx3Ac62EcmQ,https://plus.google.com/115539311013648110396/about?hl=en
"Primal MMA","Unit 3B, Century Business Park, St Margaret's Rd, Charlestown, Co. Dublin, Ireland",Charlestown,Dublin,,IE,"085 714 5233",,"school, establishment",,http://www.dublinmma.com/,53.401779,-6.301847,"Google Places",ChIJBcdbXAkSZ0gRXkn-z2d6NOY,https://plus.google.com/112988236051096581065/about?hl=en
"Everything Fit","60 Clontarf Rd, Dublin 3, Ireland","Dublin 3",Dublin,,IE,"087 287 7097",,establishment,,https://plus.google.com/111101437571934442417/about?hl=en,53.360916,-6.213462,"Google Places",ChIJBZ-F6lQOZ0gRO-7xgMhD1S8,https://plus.google.com/111101437571934442417/about?hl=en
"Bootcamp For Mums","Saint Anne's Park, Dublin, Ireland",Dublin,Dublin,,IE,"087 239 1460",,"gym, health, establishment",,https://plus.google.com/109144830249468166078/about?hl=en,53.286133,-6.283003,"Google Places",ChIJ0WDy4JoPZ0gRREzCVYVsLXo,https://plus.google.com/109144830249468166078/about?hl=en
"IMPACT Self Defence","70 Heather Road, Sandyford Industrial Estate, Dublin 18, Ireland","Dublin 18",Dublin,,IE,"087 271 1767",,"school, establishment",,https://plus.google.com/103227547670271290941/about?hl=en,53.272031,-6.21462,"Google Places",ChIJIS2hYqcJZ0gRxcsvBHo5hro,https://plus.google.com/103227547670271290941/about?hl=en
"énergie fitness Swords","Applewood, Swords, Co. Dublin, Ireland",,Dublin,,IE,"(01) 807 5620",4.4,"gym, health, establishment","Monday: 6:00 am – 10:00 pm
Tuesday: 6:00 am – 10:00 pm
Wednesday: 6:00 am – 10:00 pm
Thursday: 6:00 am – 10:00 pm
Friday: 6:00 am – 9:00 pm
Saturday: 9:00 am – 6:00 pm
Sunday: 9:00 am – 5:00 pm",http://www.energieforeverybody.ie/,53.470448,-6.22928,"Google Places",ChIJy5o0jdwQZ0gRTI8OYFCuQNE,https://plus.google.com/108619722447869650167/about?hl=en
"Miriam O'Rourke Personal Trainer","15, Martin Grove, Blackhorse Ave, Dublin 15, Ireland","Dublin 15",Dublin,,IE,"086 861 0775",,"health, establishment",,https://plus.google.com/113089084520728159893/about?hl=en,53.364585,-6.317472,"Google Places",ChIJ8RskFnMNZ0gReniz8F7Is30,https://plus.google.com/113089084520728159893/about?hl=en
"Skulpt Fitness","DCU Sports Complex,, Glasnevin,, Dublin 9, Ireland",,,,IE,"085 241 2816",,establishment,"Monday: 7:00 am – 10:00 pm
Tuesday: 7:00 am – 10:00 pm
Wednesday: 7:00 am – 10:00 pm
Thursday: 7:00 am – 10:00 pm
Friday: 7:00 am – 10:00 pm
Saturday: 10:00 am – 6:00 pm
Sunday: 10:00 am – 6:00 pm",https://plus.google.com/111370551127412994609/about?hl=en,53.384749,-6.258495,"Google Places",ChIJ-fVBExEOZ0gRALBP5qowsGE,https://plus.google.com/111370551127412994609/about?hl=en
"iSweat - Bootcamp and Personal Training","E Pier, Dun Laoghaire, Co. Dublin, Ireland","Dun Laoghaire",Dublin,,IE,"086 127 2305",,"gym, health, establishment",,https://plus.google.com/102096245666259657368/about?hl=en,53.293233,-6.129425,"Google Places",ChIJM7V1rzwGZ0gR_h9qTL8rSwA,https://plus.google.com/102096245666259657368/about?hl=en
"Bootcamp Dublin","Dublin, Ireland",,Dublin,,IE,"087 757 5999",,"health, establishment",,http://bootcamp-dublin.com/,53.349805,-6.26031,"Google Places",ChIJse4hQJYNZ0gRLv8ODHygVTI,https://plus.google.com/102996572733606265613/about?hl=en
"Mind Body Spirit Coaching - ""Bring Your Life to New Heights""","14 Daletree View, Dublin, Ireland",Dublin,Dublin,,IE,"085 818 8482",,establishment,"Monday: 8:00 am – 10:00 pm
Tuesday: 8:00 am – 10:00 pm
Wednesday: 8:00 am – 10:00 pm
Thursday: 8:00 am – 10:00 pm
Friday: 8:00 am – 10:00 pm
Saturday: 8:00 am – 10:00 pm
Sunday: 8:00 am – 10:00 pm",https://plus.google.com/101065985926228295036/about?hl=en,53.27259,-6.337031,"Google Places",ChIJy9qpbSILZ0gRQZsvS8NAFGA,https://plus.google.com/101065985926228295036/about?hl=en
"Percy Fitness Personal Trainer","Castleknock, All Dublin Locations, Co. Dublin, Ireland","All Dublin Locations",Dublin,,IE,"087 266 8197",,establishment,"Monday: 6:00 am – 9:00 pm
Tuesday: 6:00 am – 9:00 pm
Wednesday: 6:00 am – 9:00 pm
Thursday: 6:00 am – 9:00 pm
Friday: 6:00 am – 9:00 pm
Saturday: Closed
Sunday: Closed",https://plus.google.com/110552622974588387147/about?hl=en,53.349805,-6.26031,"Google Places",ChIJNe4PSQ4NZ0gRPnsIt0NGMqU,https://plus.google.com/110552622974588387147/about?hl=en
"Active Mum: Baby Massage and Sling & Dance Classes","Castleknock Community Centre, Laurel Lodge Road, Dublin 15, Dublin, Ireland",Dublin,Dublin,,IE,"087 917 2939",,"health, establishment",,http://www.activemum.ie/,53.377543,-6.378979,"Google Places",ChIJjcuMzk4NZ0gR_cHkjw5iMm0,https://plus.google.com/109102452151182185170/about?hl=en
"BodyShapeFitness Bootcamp","Malahide Rugby Club, Estuary Road, Malahide, Co. Dublin, Ireland",Malahide,Dublin,,IE,"086 884 7843",,"health, establishment","Monday: 9:00 – 10:00 am
Tuesday: 7:00 – 8:00 pm
Wednesday: 9:30 – 10:30 am
Thursday: 7:00 – 8:00 pm
Friday: 9:30 – 10:30 am
Saturday: 9:30 am – 10:30 pm
Sunday: Closed",http://www.bodyshapefitnessbootcamp.com/,53.458274,-6.187609,"Google Places",ChIJRaHfr5wQZ0gRHMx6sJTkff0,https://plus.google.com/100440775650440245921/about?hl=en
"Figure Fitness","Celbridge, Celbridge, Co. Kildare, Ireland",Celbridge,Kildare,,IE,"087 699 6013",,"health, establishment",,http://www.figurefitness.ie/,53.339897,-6.538459,"Google Places",ChIJLUJC3gZxZ0gR9sKm4EBbe-I,https://plus.google.com/103199713297371043985/about?hl=en
"Zumba Fitness","Moeran Hall, Somerville Drive, Walkinstown, Dublin 12, Ireland","Dublin 12",,,IE,"083 309 8160",,"school, establishment","Monday: Closed
Tuesday: 7:00 – 8:00 pm
Wednesday: Closed
Thursday: Closed
Friday: Closed
Saturday: Closed
Sunday: Closed",http://www.zumbathomas.com/,53.32016,-6.319406,"Google Places",ChIJ9QftD2AMZ0gRn6dsOxDggcc,https://plus.google.com/108800107902541756930/about?hl=en
"Revolution Fitness Dublin","Unit 2, Charthouse Business Park, Richmond Road, Dublin 3, Ireland","Dublin 3",Dublin,,IE,"087 984 0080",,"gym, health, establishment","Monday: 9:00 am – 5:00 pm
Tuesday: 9:00 am – 5:00 pm
Wednesday: 9:00 am – 5:00 pm
Thursday: 9:00 am – 5:00 pm
Friday: 9:00 am – 5:00 pm
Saturday: Closed
Sunday: Closed",http://www.revolutionfitness.ie/,53.366047,-6.24709,"Google Places",ChIJa5yys2cOZ0gRF3-VJjqa7xs,https://plus.google.com/107056275990763481255/about?hl=en
"Fingal Personal Training","Corballis, Donabate, Fingal, Co. Dublin, Ireland",Fingal,Dublin,,IE,"087 905 2155",,establishment,,http://fingalkettlebells.ie/personal-training,53.486641,-6.148545,"Google Places",ChIJMY6M1iUaZ0gRTfEsCj2pV-4,https://plus.google.com/110431538215279220104/about?hl=en
"Pump Fitness","Castaheany Community Centre, Pace Road, Dublin 15, Ireland","Dublin 15",Dublin,,IE,"087 947 3438",,establishment,,https://plus.google.com/111026308921244296301/about?hl=en,53.404219,-6.424499,"Google Places",ChIJFbnINWhtZ0gRb6g0o3HLLiE,https://plus.google.com/111026308921244296301/about?hl=en
"Personal Trainer Ireland","7A Castle Crescent, Dublin 22, Ireland","Dublin 22",Dublin,,IE,"086 898 1808",,"health, establishment","Monday: 6:00 am – 10:00 pm
Tuesday: 6:00 am – 10:00 pm
Wednesday: 6:00 am – 10:00 pm
Thursday: 6:00 am – 10:00 pm
Friday: 6:00 am – 10:00 pm
Saturday: 6:00 am – 10:00 pm
Sunday: Closed",https://plus.google.com/104454476613411739822/about?hl=en,53.321117,-6.389799,"Google Places",ChIJJfp880VzZ0gRr_tA4jSkfdM,https://plus.google.com/104454476613411739822/about?hl=en
"Paul Conlon Personal Training","Newcastle, Newcastle, Co. Dublin, Ireland",Newcastle,Dublin,,IE,"086 107 8125",,establishment,"Monday: Closed
Tuesday: 3:00 – 10:00 pm
Wednesday: 6:00 – 11:00 am
Thursday: 6:00 am – 12:00 pm
Friday: 6:00 am – 7:00 pm
Saturday: 6:00 am – 7:00 pm
Sunday: 6:00 am – 7:00 pm",https://plus.google.com/114404319099607054613/about?hl=en,53.336122,-6.253273,"Google Places",ChIJ01Lbz6p2Z0gRDhztIW24Lls,https://plus.google.com/114404319099607054613/about?hl=en
"Ger Conroy Personal Trainer","First Floor, Parkside Mulhuddart Village, Dublin 15, Ireland","Dublin 15",Dublin,,IE,"087 613 8797",,"gym, health, establishment","Monday: 6:00 am – 9:00 pm
Tuesday: 6:00 am – 9:00 pm
Wednesday: 6:00 am – 9:00 pm
Thursday: 6:00 am – 9:00 pm
Friday: 6:00 am – 9:00 pm
Saturday: 6:00 am – 9:00 pm
Sunday: Closed",http://www.gerconroy.ie/,53.402658,-6.398819,"Google Places",ChIJy_o_8sgSZ0gR9TuYbc5UIV8,https://plus.google.com/112480398210561288133/about?hl=en
"Be Fit For Life Transformation Centre","Unit 3, 70 Heather Road, Dublin 18, Ireland","Dublin 18",Dublin,,IE,"(01) 217 6518",5,"gym, health, establishment","Monday: 6:00 am – 8:30 pm
Tuesday: 6:00 am – 8:30 pm
Wednesday: 6:00 am – 8:30 pm
Thursday: 6:00 am – 8:30 pm
Friday: 6:00 am – 7:30 pm
Saturday: 8:00 am – 2:00 pm
Sunday: 9:00 am – 12:00 pm",http://www.befitforlife.ie/,53.271584,-6.21398,"Google Places",ChIJ8wipZacJZ0gR-JOEB04trZ8,https://plus.google.com/104662777962082043175/about?hl=en
"Dynamic Fitness - Personal Trainers","60 Beaumont Avenue, Dublin, Ireland",Dublin,Dublin,,IE,"086 359 6804",,"gym, health, establishment",,http://www.dynamicfitness.eu/,53.292757,-6.257753,"Google Places",ChIJj4ikFeALZ0gR92CSk4PumLw,https://plus.google.com/109710931547498251469/about?hl=en
"Curves Terenure","Apartment 2, Terenure Court, Terenure Road West, Terenure, Dublin/Terenure, Co. Dublin, Ireland",Dublin/Terenure,Dublin,,IE,"(01) 499 0300",,"gym, health, establishment",,http://www.curves.com/,53.310506,-6.286891,"Google Places",ChIJPXc_pfULZ0gRooRAxn1aPws,https://plus.google.com/106773892368607644427/about?hl=en
"New You Personal Training and Weight Loss Dublin","63 Baggot Street Lower, Dublin 2, Ireland","Dublin 2",Dublin,,IE,"(01) 644 9470",,"health, establishment",,http://www.newyou.ie/,53.335578,-6.246781,"Google Places",ChIJfX0Y9b0OZ0gRXNsSj6zjuZs,https://plus.google.com/109588192507932318065/about?hl=en
"Personal Trainer Dublin","44 Essex Street East, Dublin 2, Ireland","Dublin 2",Dublin,,IE,"(01) 707 1904",4.7,"gym, health, establishment",,https://plus.google.com/114199127523082729639/about?hl=en,53.344381,-6.266262,"Google Places",ChIJ8UxuOJ0OZ0gRLDD7QaHZlV4,https://plus.google.com/114199127523082729639/about?hl=en
"BodyShape Fitness Bootcamp","St Colmcilles GAA Club, Balheary, Swords, Co. Dublin, Ireland",Swords,Dublin,,IE,"086 884 7843",,"gym, health, school, establishment","Monday: 7:00 – 8:00 pm
Tuesday: Closed
Wednesday: 9:30 – 10:30 am, 7:00 – 8:00 pm
Thursday: Closed
Friday: 9:30 – 10:30 am
Saturday: 12:30 – 1:30 pm
Sunday: Closed",http://www.bodyshapefitnessbootcamp.com/,53.468028,-6.220439,"Google Places",ChIJG3kAFcIQZ0gR-TltrNxyqr8,https://plus.google.com/107639104650737479613/about?hl=en
"Do-Fit Health and Fitness","17 Smithfield, Dublin, Ireland",Dublin,Dublin,,IE,"087 255 5131",,"health, establishment",,https://plus.google.com/104385036802619312379/about?hl=en,53.349129,-6.277711,"Google Places",ChIJPzYroy4MZ0gRyDJPMFX_Qqk,https://plus.google.com/104385036802619312379/about?hl=en
"Bootcamp For Mums","Wellington Monument, Phoenix Park, Dublin, Ireland",Dublin,Dublin,,IE,"087 239 1460",,establishment,,https://plus.google.com/101372086941353215747/about?hl=en,53.349766,-6.303352,"Google Places",ChIJ-4pO7EsMZ0gRnJd3XzDU4V0,https://plus.google.com/101372086941353215747/about?hl=en
"Eoin Walsh personal training at Ben Dunne Gyms Sandyford","Ben Dunne Gyms, Beacon shopping centre, Sandyford, Co. Dublin, Ireland",Sandyford,Dublin,,IE,"086 078 4691",,establishment,,https://plus.google.com/105164963236659664835/about?hl=en,53.277493,-6.215,"Google Places",ChIJfWq00g4JZ0gRyAu9xYKVZz4,https://plus.google.com/105164963236659664835/about?hl=en
"National Training Centre","15-16 St Joseph's Parade, Dublin 7, Ireland","Dublin 7",Dublin,,IE,"(01) 882 7777",,establishment,"Monday: 9:30 am – 5:30 pm
Tuesday: 9:30 am – 5:30 pm
Wednesday: 9:30 am – 5:30 pm
Thursday: 9:30 am – 5:30 pm
Friday: 9:30 am – 5:00 pm
Saturday: Closed
Sunday: Closed",http://www.ntc.ie/,53.357316,-6.265947,"Google Places",ChIJPdNxR34OZ0gRejGk5eHtu8s,https://plus.google.com/101230040579243536015/about?hl=en
"Image Fitness Training Ltd. Head Office","Clonmel House Business Centre, Clonmel House, Forster Way, Swords, Co. Dublin, Ireland",Swords,Dublin,,IE,"(01) 897 0277",,"health, establishment","Monday: 9:00 am – 6:00 pm
Tuesday: 9:00 am – 6:00 pm
Wednesday: 9:00 am – 6:00 pm
Thursday: 9:00 am – 6:00 pm
Friday: 9:00 am – 6:00 pm
Saturday: Closed
Sunday: Closed",http://www.imageft.ie/,53.457866,-6.219788,"Google Places",ChIJv0pKTO4QZ0gRUAUOiOY1alU,https://plus.google.com/106805075295288360479/about?hl=en
"The ABS Gym","East Essex Steet, Dublin, Ireland",Dublin,Dublin,,IE,"(01) 707 1904",,"gym, health, establishment",,http://www.theabsgym.com/,53.344721,-6.266446,"Google Places",ChIJWcjOR50OZ0gRQby3kurghB0,https://plus.google.com/105956029934664659380/about?hl=en
"CrossFit Sandyford","Unit 3D, Three Rock Road, Sandyford Industrial Estate, Dublin 18, Ireland","Dublin 18","Co. Dublin",,IE,"(01) 206 3669",5,"gym, health, establishment","Monday: 6:30 am – 8:30 pm
Tuesday: 6:30 am – 8:30 pm
Wednesday: 6:30 am – 8:30 pm
Thursday: 6:30 am – 8:30 pm
Friday: 6:30 am – 7:30 pm
Saturday: 9:00 am – 2:00 pm
Sunday: 10:00 am – 12:00 pm",http://www.crossfitsandyford.ie/,53.274692,-6.211116,"Google Places",ChIJ9yuPhwgJZ0gR1u3ceW4slqM,https://plus.google.com/115605334190460804485/about?hl=en
"ABS Gym Conditioning Centre","Unit 5, Tolka Valley Industrial Estate, Dublin 1, Ireland","Dublin 1",Dublin,,IE,"086 123 8633",,"gym, health, establishment",,https://plus.google.com/109284621528446051518/about?hl=en,53.374643,-6.302837,"Google Places",ChIJdcU2dcANZ0gRVXdjmfkhv5s,https://plus.google.com/109284621528446051518/about?hl=en
"Irish Strength Institute","25g Mornington Park, Dublin 5, Co. Dublin City, Ireland, Ireland",,,,IE,"(01) 444 3535",,establishment,,http://www.isipersonaltraining.com,53.381101,-6.208284,"Google Places",ChIJ6z_vI8gPZ0gRJ6qVQ0trVJ8,https://plus.google.com/111392228551891507784/about?hl=en
"D2 Fitness Ltd","19 Fitzwilliam Square South, Dublin 2, Ireland","Dublin 2",Dublin,,IE,"(01) 505 2131",,"health, gym, establishment","Monday: 6:00 am – 9:00 pm
Tuesday: 6:00 am – 9:00 pm
Wednesday: 6:00 am – 9:00 pm
Thursday: 6:00 am – 9:00 pm
Friday: 6:00 am – 9:00 pm
Saturday: 7:00 am – 12:00 pm
Sunday: Closed",http://personaltrainerfitzwilliam.com/,53.33557,-6.250584,"Google Places",ChIJncmX5pcOZ0gRU92yT-NLsHg,https://plus.google.com/112855751250421339423/about?hl=en
"21st Zentury Boot Camps","Bray-Greystones Cliff walk, Bray, Co. Wicklow, Ireland",Bray,Wicklow,,IE,"087 933 4782",,"health, establishment","Monday: 7:00 – 8:30 pm
Tuesday: Closed
Wednesday: Closed
Thursday: 7:00 – 8:30 pm
Friday: Closed
Saturday: 10:00 – 11:30 am
Sunday: Closed",http://www.21zenturyhealth.com/wordpress/,53.203282,-6.098002,"Google Places",ChIJCajnbGioZ0gRw-b_KP2Ya8c,https://plus.google.com/106414617892885421534/about?hl=en
"The henry fitness centre","14 Pembroke Street Lower, Dublin, Ireland",Dublin,Dublin,,IE,"(01) 661 6195",,"gym, health, establishment","Monday: 6:00 am – 9:00 pm
Tuesday: 6:00 am – 9:00 pm
Wednesday: 6:00 am – 9:00 pm
Thursday: 6:00 am – 9:00 pm
Friday: 6:00 am – 9:00 pm
Saturday: 9:00 am – 4:00 pm
Sunday: Closed",http://www.henryfitnesscentre.com/,53.337306,-6.251618,"Google Places",ChIJZVgzIJgOZ0gR6zjUQlnRZoI,https://plus.google.com/107579209761451048007/about?hl=en
"Body Health & Fitness","Holly Ave, Stillorgan, Co. Dublin, Ireland",Stillorgan,Dublin,,IE,"(01) 445 1285",,"gym, health, establishment","Monday: 1:00 – 10:00 pm
Tuesday: 6:30 – 9:00 am, 1:00 – 10:00 pm
Wednesday: 6:30 – 9:00 am, 1:00 – 10:00 pm
Thursday: 6:30 – 9:00 am, 1:00 pm – 10:00 am
Friday: 1:00 – 8:00 pm
Saturday: 10:00 am – 4:00 pm
Sunday: 10:00 am – 1:00 pm",http://www.bhaf.ie/,53.280741,-6.221063,"Google Places",ChIJIxyZwA0JZ0gRSAHMNlAShTc,https://plus.google.com/105437025023327927211/about?hl=en
"Positive Fitness","31 Palmerston Road, Dublin 6, Ireland","Dublin 6",Dublin,,IE,"087 352 6292",,"gym, health, establishment","Monday: 6:30 am – 9:00 pm
Tuesday: 6:30 am – 9:00 pm
Wednesday: 6:30 am – 9:00 pm
Thursday: 6:30 am – 9:00 pm
Friday: 6:30 am – 9:00 pm
Saturday: 9:00 am – 1:00 pm
Sunday: Closed",http://www.positivefitness.ie/,53.31343,-6.261093,"Google Places",ChIJTWFcAgAMZ0gRCio1BmZ9dps,https://plus.google.com/102432609733357334184/about?hl=en
IACT,"32 Fitzwilliam Street Upper, Dublin 2, Ireland","Dublin 2",Dublin,,IE,"(01) 434 7600",,establishment,,http://www.iact.ie/,53.336095,-6.24972,"Google Places",ChIJgYJdxJcOZ0gR5BfBFNx25lE,https://plus.google.com/109358406977851007206/about?hl=en
"Zenith Training and Development","Harcourt Centre/Regus Centre, Harcourt Street, Dublin 2, Ireland","Dublin 2","Co. Dublin",,IE,"(01) 443 4610",,establishment,"Monday: 9:00 am – 5:00 pm
Tuesday: 9:00 am – 5:00 pm
Wednesday: 9:00 am – 5:00 pm
Thursday: 9:00 am – 5:00 pm
Friday: 9:00 am – 5:00 pm
Saturday: Closed
Sunday: Closed",http://www.zenithtraining.ie/,53.332877,-6.263966,"Google Places",ChIJj6V58ZkOZ0gRF6ivU0wb288,https://plus.google.com/117189712790395440410/about?hl=en
Bodytec.ie,"64 Camden Street Lower, Dublin 2, Ireland","Dublin 2",Dublin,,IE,"(01) 551 0500",,"gym, health, establishment","Monday: 7:30 am – 9:30 pm
Tuesday: 7:30 am – 9:30 pm
Wednesday: 7:30 am – 9:30 pm
Thursday: 7:30 am – 9:30 pm
Friday: 7:30 am – 8:30 pm
Saturday: 10:00 am – 6:00 pm
Sunday: 12:00 – 5:00 pm",http://bodytec.ie/,53.334633,-6.265494,"Google Places",ChIJzTeV_p8OZ0gRT_FAHiqePmw,https://plus.google.com/112450150616173746327/about?hl=en
"Careers Coach HQ","Anglesea Mills, Anglesea Row, Dublin 7, Ireland","Dublin 7",Dublin,,IE,"087 203 9855",,establishment,,http://www.careerscoach.ie/,53.348933,-6.269625,"Google Places",ChIJgWDP3SkMZ0gRVJQDwjU8tUo,https://plus.google.com/106049039977054114302/about?hl=en
"Positive Success Group","Marino Institute of Education, Griffith Avenue, Drumcondra. Dublin 9, Co. Dublin, Ireland","Drumcondra. Dublin 9",Dublin,,IE,"(01) 805 7745",,establishment,"Monday: 9:00 am – 5:00 pm
Tuesday: 9:00 am – 5:00 pm
Wednesday: 9:00 am – 5:00 pm
Thursday: 9:00 am – 5:00 pm
Friday: 9:00 am – 5:00 pm
Saturday: Closed
Sunday: Closed",http://www.positivesuccessgroup.com/,53.373503,-6.234719,"Google Places",ChIJ39P1rWkOZ0gRMmk67umbIMo,https://plus.google.com/104887688318720366039/about?hl=en
"AMWAY Certified ABO No. 8026563 (use to register www.amway.ie / www.amway.co.uk)","73 Slievenamon Road, 500m to South from SUIR Rd LUAS stop, Dublin, Ireland",Dublin,,,IE,"087 779 3311",,establishment,,http://globalhealthconsciousteam.blogspot.com/,53.332852,-6.305864,"Google Places",ChIJj2igokIMZ0gRTGtbOY3h6wM,https://plus.google.com/115740072864496114896/about?hl=en
"Professional Training Solutions Ltd","Unit 22, Westland Square, Pearse Street, Dublin 2, Ireland","Dublin 2",Dublin,,IE,"(01) 662 7700",,establishment,,http://www.professional.ie/,53.344507,-6.247862,"Google Places",ChIJn1WkjpEOZ0gR4P9_m9Ar1Q0,https://plus.google.com/103598721470594143672/about?hl=en
"Your Fitness Gym","220 Harold's Cross Road, Harold's Cross, Dublin, Ireland",Dublin,Dublin,,IE,"(01) 551 3708",,"gym, health, establishment","Monday: 7:00 am – 10:00 pm
Tuesday: 7:00 am – 10:00 pm
Wednesday: 7:00 am – 10:00 pm
Thursday: 7:00 am – 10:00 pm
Friday: 7:00 am – 10:00 pm
Saturday: 10:00 am – 6:00 pm
Sunday: 10:00 am – 6:00 pm",http://www.yourfitnessgym.ie/,53.322391,-6.279674,"Google Places",ChIJhX4N2g8MZ0gRZc-KEbuKNv4,https://plus.google.com/104971812697645032251/about?hl=en
"The Fitzwilliam Hotel Dublin","St Stephen's Green, Dublin 2, Ireland","Dublin 2",Dublin,,IE,"(01) 478 7000",4.3,"bar, lodging, establishment",,http://www.fitzwilliamhoteldublin.com/,53.339461,-6.261734,"Google Places",ChIJ4cbHq54OZ0gRwKZrkY4y1TA,https://plus.google.com/106042511801500874051/about?hl=en
"Business Brains","1 Ardagh Park Road, Blackrock, Co. Dublin, Ireland",Blackrock,Dublin,,IE,"086 819 7027",,establishment,"Monday: 8:30 am – 6:30 pm
Tuesday: 8:30 am – 6:30 pm
Wednesday: 8:30 am – 6:30 pm
Thursday: 8:30 am – 6:30 pm
Friday: 8:30 am – 6:30 pm
Saturday: 8:30 am – 1:30 pm
Sunday: Closed",http://www.businessbrains.ie/,53.283824,-6.182452,"Google Places",ChIJw_CwJPAIZ0gRDGcRpPamDzQ,https://plus.google.com/115068606123715435002/about?hl=en
"The Open College","9, The Learning Centre, Leopardstown Business Centre, Ballyogan Rd, Dublin 18, Ireland","Dublin 18","Co. Dublin",,IE,"(01) 206 1828",,establishment,"Monday: 8:30 am – 5:30 pm
Tuesday: 8:30 am – 5:30 pm
Wednesday: 8:30 am – 5:30 pm
Thursday: 8:30 am – 5:30 pm
Friday: 8:30 am – 5:30 pm
Saturday: Closed
Sunday: Closed",http://www.theopencollege.com/,53.260432,-6.196664,"Google Places",ChIJu_0jWLIJZ0gRh4KnPsJFEUI,https://plus.google.com/116134088029481397898/about?hl=en
"Airside Boot Camp","Lakeshore Drive, Swords, Co. Dublin, Ireland",Swords,Dublin,,IE,"086 123 8633",,"gym, health, establishment","Monday: 7:00 – 8:00 pm
Tuesday: 7:00 – 8:00 am, 10:00 – 11:00 am
Wednesday: 7:00 – 8:00 pm
Thursday: Closed
Friday: 7:00 – 8:00 am, 10:00 – 11:00 am
Saturday: Closed
Sunday: Closed",http://airsidebootcamp.com/,53.444084,-6.219356,"Google Places",ChIJD5WUFlgQZ0gR2VTBMJ4BF8c,https://plus.google.com/112584477825636024724/about?hl=en
"Seasons Restaurant","4 Simmonscourt Rd, Dublin 4, Ireland","Dublin 4",Dublin,,IE,"(01) 665 4000",,"restaurant, food, establishment","Monday: 7:00 – 11:00 am
Tuesday: 7:00 – 11:00 am
Wednesday: 7:00 – 11:00 am
Thursday: 7:00 – 11:00 am
Friday: 7:00 – 11:00 am
Saturday: 7:00 – 11:00 am
Sunday: 7:00 am – 3:00 pm",http://www.fourseasons.com/dublin/dining/restaurants/seasons/,53.326854,-6.225928,"Google Places",ChIJ71UYOc8OZ0gRMhBnIeopZfY,https://plus.google.com/116823201158715121244/about?hl=en
"West Wood Gym","Clontarf Rd, Clontarf, Dublin 3, Co. Dublin, Ireland","Clontarf, Dublin 3",Dublin,,IE,"(01) 853 0353",4.3,"gym, health, establishment","Monday: 6:00 am – 11:00 pm
Tuesday: 6:00 am – 11:00 pm
Wednesday: 6:00 am – 11:00 pm
Thursday: 6:00 am – 11:00 pm
Friday: 6:00 am – 11:00 pm
Saturday: 8:00 am – 9:00 pm
Sunday: 8:00 am – 9:00 pm",http://www.westwood.ie/,53.363442,-6.227952,"Google Places",ChIJTywo8AkPZ0gRnKMW3BXgvLM,https://plus.google.com/102859562599141777416/about?hl=en
"Hollybarn Dog and Puppy Training Dublin","Ranelagh, Co. Dublin, Ireland","Dublin City",Dublin,,IE,"087 782 3957",,establishment,"Monday: 9:00 am – 9:00 pm
Tuesday: 9:00 am – 9:00 pm
Wednesday: 9:00 am – 9:00 pm
Thursday: 9:00 am – 9:00 pm
Friday: 9:00 am – 9:00 pm
Saturday: 9:00 am – 9:00 pm
Sunday: Closed",http://www.hollybarndogtraining.com/,53.327074,-6.254124,"Google Places",ChIJa5MN_Q8MZ0gRE1AZ2hOmxgw,https://plus.google.com/117127657419912314789/about?hl=en
"Hollybarn Dog & Puppy Training In Ireland","Dublin, Ireland",Dublin,Dublin,,IE,"087 782 3957",,establishment,,http://www.hollybarndogtraining.com/,53.344069,-6.270875,"Google Places",ChIJoWr-zicMZ0gR3BFrC7QU5_k,https://plus.google.com/106371758274375343810/about?hl=en
"Baptec Training & Education","Unit C2, BASE Enterprise Centre, Ladyswell Road, Mulhuddart, Dublin 15, Ireland","Dublin 15",Dublin,,IE,"(01) 829 3551",,establishment,"Monday: 9:00 am – 5:00 pm
Tuesday: 9:00 am – 5:00 pm
Wednesday: 9:00 am – 5:00 pm
Thursday: 9:00 am – 5:00 pm
Friday: 9:00 am – 5:00 pm
Saturday: Closed
Sunday: Closed",http://www.baptec.ie/,53.408051,-6.400668,"Google Places",ChIJMcWjbUxtZ0gRj5M7NxZMDYk,https://plus.google.com/109085882553987117455/about?hl=en
PilatesDublin.ie,"10 Braemor Rd, Churchtonw - Dublin 14, Co. Dublin, Ireland","Churchtonw - Dublin 14",Dublin,,IE,"(01) 298 9713",,establishment,,http://www.pilatesdublin.ie/,53.296414,-6.259975,"Google Places",ChIJZ1cphOELZ0gRg6-fEUBCGbY,https://plus.google.com/114238473596821921830/about?hl=en
"SureSkills Dublin HQ","14 Fitzwilliam Place, Dublin, Ireland",Dublin,Dublin,,IE,"(01) 240 2222",4.8,establishment,"Monday: 8:30 am – 5:30 pm
Tuesday: 8:30 am – 5:30 pm
Wednesday: 8:30 am – 5:30 pm
Thursday: 8:30 am – 5:30 pm
Friday: 8:30 am – 5:30 pm
Saturday: Closed
Sunday: Closed",http://www.sureskills.com/,53.333474,-6.252191,"Google Places",ChIJV0xgyKIOZ0gRW-11Tu6Q90c,https://plus.google.com/107041350007144363213/about?hl=en
"Access Fitness Dublin","1st Floor River House, Raheny Shopping Centre, Howth Road, Co. Dublin 5, Ireland","Howth Road","Dublin 5",,IE,"(01) 443 9923",,"gym, health, establishment","Monday: 6:00 am – 10:00 pm
Tuesday: 6:00 am – 10:00 pm
Wednesday: 6:00 am – 10:00 pm
Thursday: 6:00 am – 10:00 pm
Friday: 6:00 am – 10:00 pm
Saturday: 6:00 am – 2:00 pm
Sunday: Closed",http://www.accessfitness.ie/,53.38038,-6.178111,"Google Places",ChIJM-b9nJIPZ0gRi0950iEsdIM,https://plus.google.com/106756884851116901137/about?hl=en
"Kingstown College","7-9 Clarence Street, Dun Laoghaire, Co. Dublin, Ireland","Dun Laoghaire",Dublin,,IE,"1890 788 788",,establishment,,http://www.kingstowncollege.ie/,53.295508,-6.142255,"Google Places",ChIJOUXW8SQGZ0gRRvkJKei_U90,https://plus.google.com/113042344870098910518/about?hl=en
"Belfield Bike Shop","University College Dublin, Dublin 4, Ireland","Dublin 4",Dublin,,IE,,4.2,"bicycle_store, store, establishment","Monday: 9:00 am – 6:00 pm
Tuesday: 9:00 am – 6:00 pm
Wednesday: 9:00 am – 6:00 pm
Thursday: 9:00 am – 6:00 pm
Friday: 9:00 am – 6:00 pm
Saturday: 10:00 am – 2:00 pm
Sunday: Closed",http://www.belfieldbikeshop.com/,53.30686,-6.216463,"Google Places",ChIJTR5ezS8JZ0gROBU4Txrolm0,https://plus.google.com/112282176162554899668/about?hl=en
Partas,"Unit 6, Brookfield Enterprise Centre, Rossfield Avenue, Dublin 24, Ireland","Dublin 24",Dublin,,IE,"(01) 462 3222",,establishment,,http://www.partas.ie/,53.288634,-6.4036,"Google Places",ChIJMXfX-pN0Z0gRev9K72vWCgc,https://plus.google.com/106813804753017892665/about?hl=en
"Near 90 fm","Bunratty Road, Dublin, Ireland",Dublin,Dublin,,IE,"(01) 867 1190",,establishment,,http://www.near.ie/,53.3937,-6.206959,"Google Places",ChIJJ-UV8toPZ0gRiVHqV9Qi6Fw,https://plus.google.com/102461801287418540391/about?hl=en
"The Institute of Physical Therapy","18 Priory Hall, Stillorgan, Co. Dublin, Ireland",Stillorgan,Dublin,,IE,"(01) 283 5566",,establishment,"Monday: 9:00 am – 5:30 pm
Tuesday: 9:00 am – 5:30 pm
Wednesday: 9:00 am – 5:30 pm
Thursday: 9:00 am – 5:30 pm
Friday: 9:00 am – 5:30 pm
Saturday: Closed
Sunday: Closed",http://www.iptas.com/,53.294131,-6.201996,"Google Places",ChIJmztg9B8JZ0gRG8HzzrXp1Dc,https://plus.google.com/106031878759080276750/about?hl=en
Olas,"Q house, Unit 206, Furze Road, Sandyford, Dublin 18, Ireland","Dublin 18",Dublin,,IE,"(01) 279 0020",,establishment,"Monday: 9:00 am – 5:30 pm
Tuesday: 9:00 am – 5:30 pm
Wednesday: 9:00 am – 5:30 pm
Thursday: 9:00 am – 5:30 pm
Friday: 9:00 am – 5:30 pm
Saturday: Closed
Sunday: Closed",http://www.olas.ie/,53.274,-6.215387,"Google Places",ChIJA05I6B0JZ0gR2E8tY_zaOMY,https://plus.google.com/117876174311081234976/about?hl=en
"The Clarence Hotel","6-8 Wellington Quay, Dublin 2, Ireland","Dublin 2",,,IE,"(01) 407 0800",3.7,"lodging, establishment","Monday: Open 24 hours
Tuesday: Open 24 hours
Wednesday: Open 24 hours
Thursday: Open 24 hours
Friday: Open 24 hours
Saturday: Open 24 hours
Sunday: Open 24 hours",http://www.theclarence.ie/,53.345261,-6.266783,"Google Places",ChIJo8oetYIOZ0gRwYWzeaWxMxI,https://plus.google.com/100211171776281398601/about?hl=en
"Olas Software Training & Development","Q House, Furze Road, Sandyford Industrial Estate, Dublin 18, Ireland","Dublin 18",Dublin,,IE,"(01) 279 0020",,establishment,"Monday: 8:30 am – 5:30 pm
Tuesday: 8:30 am – 5:30 pm
Wednesday: 8:30 am – 5:30 pm
Thursday: 8:30 am – 5:30 pm
Friday: 8:30 am – 5:30 pm
Saturday: Closed
Sunday: Closed",http://www.olas.ie/,53.27388,-6.215165,"Google Places",ChIJN3jt6h0JZ0gR4rxUA_XXiu8,https://plus.google.com/103523208797590472538/about?hl=en
"Bray Institute Of Further Education","Novara Ave, Bray, Co. Wicklow, Ireland",,Wicklow,,IE,"(01) 282 9668",,"school, establishment","Monday: 9:00 am – 5:00 pm
Tuesday: 9:00 am – 5:00 pm
Wednesday: 9:00 am – 5:00 pm
Thursday: 9:00 am – 5:00 pm
Friday: 9:00 am – 5:00 pm
Saturday: Closed
Sunday: Closed",http://www.bife.ie,53.200795,-6.106714,"Google Places",ChIJZYVUcmWoZ0gRvTvRbf71t98,https://plus.google.com/100869916571557782776/about?hl=en
"Raw Condition Gym","7 Richmond Street South, Dublin 2, Ireland","Dublin 2",Dublin,,IE,"(01) 478 9204",4.4,"gym, health, establishment","Monday: 6:00 am – 10:00 pm
Tuesday: 6:00 am – 10:00 pm
Wednesday: 6:00 am – 10:00 pm
Thursday: 6:00 am – 10:00 pm
Friday: 6:00 am – 10:00 pm
Saturday: 9:00 am – 8:00 pm
Sunday: 9:00 am – 8:00 pm",http://www.rawcondition.com/,53.332111,-6.264324,"Google Places",ChIJG6mYfKAOZ0gR6nvkqjFdV0Q,https://plus.google.com/108326949290599271270/about?hl=en
"Irish Institute Of Nlp","84 Sundrive Road, Crumlin, Dublin 12, Ireland","Dublin 12",Dublin,,IE,"(01) 490 2923",,establishment,,http://www.nlp.ie/,53.321974,-6.294357,"Google Places",ChIJv_izb3gMZ0gR_G30poQXUiA,https://plus.google.com/116233903421205553562/about?hl=en
"Professional Development","Suite 11, Plaza 256, Blanchardstown Corporate Park 2, Dublin 15, Ireland","Dublin 15",Dublin,,IE,"(01) 861 0700",,establishment,"Monday: 9:00 am – 5:30 pm
Tuesday: 9:00 am – 5:30 pm
Wednesday: 9:00 am – 5:30 pm
Thursday: 9:00 am – 5:30 pm
Friday: 9:00 am – 5:30 pm
Saturday: Closed
Sunday: Closed",http://www.professionaldevelopment.ie/,53.412142,-6.365437,"Google Places",ChIJg-c37lANZ0gR92x8VKN3fec,https://plus.google.com/115746521462421827668/about?hl=en
McSport,"Unit 5 Fern Road, Sandyford Industrial Estate, Dublin 18, Ireland","Dublin 18",Dublin,,IE,"(01) 293 0005",,"store, establishment","Monday: 9:00 am – 5:00 pm
Tuesday: 9:00 am – 5:00 pm
Wednesday: 9:00 am – 5:00 pm
Thursday: 9:00 am – 5:00 pm
Friday: 9:00 am – 5:00 pm
Saturday: Closed
Sunday: Closed",http://www.mcsport.ie/,53.273594,-6.212311,"Google Places",ChIJGTmKVNWnZ0gR8p-UqER89FA,https://plus.google.com/105408905434248666599/about?hl=en
"Great Expectations Coaching","28 Whitebarn Road, Dublin 14, Ireland","Dublin 14",Dublin,,IE,"(01) 299 0900",,establishment,"Monday: 8:00 am – 10:00 pm
Tuesday: 8:00 am – 10:00 pm
Wednesday: 8:00 am – 10:00 pm
Thursday: 8:00 am – 10:00 pm
Friday: 8:00 am – 10:00 pm
Saturday: 8:00 am – 10:00 pm
Sunday: Closed",http://www.greatexpectationscoaching.com/,53.295627,-6.265753,"Google Places",ChIJE-o2luYLZ0gRNjC2T-HipgI,https://plus.google.com/115671739746979082335/about?hl=en
"1escape Health Club","Block G, Smithfield Market, Smithfield, Dublin 7, Block G Smithfield Market,, Smithfield, Dublin 7, Ireland","Dublin 7","Co. Dublin",,IE,"(01) 485 0700",4.1,"gym, health, establishment","Monday: 6:30 am – 9:30 pm
Tuesday: 6:30 am – 9:30 pm
Wednesday: 6:30 am – 9:30 pm
Thursday: 6:30 am – 9:30 pm
Friday: 6:30 am – 9:30 pm
Saturday: 10:00 am – 6:00 pm
Sunday: 10:00 am – 6:00 pm",http://www.oneescape.ie/,53.34955,-6.278402,"Google Places",ChIJl8_Ohi4MZ0gRkrRAc0fH77E,https://plus.google.com/118403482667828190613/about?hl=en
"Waverley Academy","Waverley Business Park, Old Naas Road, Dublin 12, Ireland","Dublin 12",Dublin,,IE,"(01) 408 9769",,"school, establishment","Monday: 9:00 am – 5:00 pm
Tuesday: 9:00 am – 5:00 pm
Wednesday: 9:00 am – 5:00 pm
Thursday: 9:00 am – 5:00 pm
Friday: 9:00 am – 5:00 pm
Saturday: Closed
Sunday: Closed",http://www.academy.ie/,53.32683,-6.344841,"Google Places",ChIJW2t3spUMZ0gRzF1jpIDu54g,https://plus.google.com/115473706242982515130/about?hl=en
"The Muscle Junction","The Muscle Junction, Ballymun Kickhams GAA Club, Physical Therapy Clinic, 9., Dublin, Ireland",,Dublin,,IE,"087 361 9225",,"physiotherapist, health, establishment","Monday: 9:00 am – 9:00 pm
Tuesday: 9:00 am – 9:00 pm
Wednesday: 9:00 am – 9:00 pm
Thursday: 9:00 am – 9:00 pm
Friday: 9:00 am – 9:00 pm
Saturday: 9:00 am – 1:00 pm
Sunday: Closed",http://www.themusclejunction.ie/,53.416854,-6.264996,"Google Places",ChIJj6xmFOwRZ0gRyf2nMgYGzM4,https://plus.google.com/108937356522184289190/about?hl=en
"Neary Marketing & Communications","71 Saint Helen's Road, Co. Dublin, Co. Dublin, Ireland","Co. Dublin",Dublin,,IE,"(01) 288 8646",,establishment,"Monday: 9:00 am – 5:30 am
Tuesday: 9:00 am – 5:30 am
Wednesday: 9:00 am – 5:30 am
Thursday: 9:00 am – 5:30 am
Friday: 9:00 am – 5:30 am
Saturday: Closed
Sunday: Closed",http://www.nearymarketing.com/,53.308279,-6.202901,"Google Places",ChIJibtvLtYIZ0gRHqhOYvaW32A,https://plus.google.com/109071730965841189079/about?hl=en
"Life and Executive Coaching","10 Whitefriars, Aungier St, Dublin, Ireland",Dublin,Dublin,,IE,"(01) 289 9056",,"health, establishment",,http://www.leci.ie/,53.338689,-6.266305,"Google Places",ChIJkWdOGZ4OZ0gRmWmzrJPQRc4,https://plus.google.com/117378661222727467104/about?hl=en
"TSS Ltd","5 Main Street, Shankill, Co. Dublin, Ireland",Shankill,Dublin,,IE,"(01) 282 6623",,establishment,"Monday: 9:00 am – 5:00 pm
Tuesday: 9:00 am – 5:00 pm
Wednesday: 9:00 am – 5:00 pm
Thursday: 9:00 am – 5:00 pm
Friday: 9:00 am – 5:00 pm
Saturday: Closed
Sunday: Closed",http://www.tss.ie/,53.230758,-6.124212,"Google Places",ChIJuebcdwGoZ0gRsQioXVyzuD0,https://plus.google.com/106350869679373280193/about?hl=en
"Patricia Loughlin","67 Camden Street Lower, Dublin 2, Ireland","Dublin 2",Dublin,,IE,"087 620 9892",,"health, establishment",,http://www.reikiinireland.com/,53.334806,-6.265492,"Google Places",ChIJFcsK_J8OZ0gRDMCIam78OXU,https://plus.google.com/108103732110192919021/about?hl=en
"Westpark Fitness","Greenhills Road, Tallaght, Co. Dublin, Ireland",Tallaght,Dublin,,IE,"(01) 462 6911",,"gym, health, establishment","Monday: 6:00 am – 10:00 pm
Tuesday: 6:00 am – 10:00 pm
Wednesday: 6:00 am – 10:00 pm
Thursday: 6:00 am – 10:00 pm
Friday: 6:00 am – 10:00 pm
Saturday: 8:00 am – 6:00 pm
Sunday: 8:00 am – 6:00 pm",http://www.westpark.ie/,53.291407,-6.356859,"Google Places",ChIJIZ-OzUgLZ0gRUKhyDg9pze4,https://plus.google.com/111031618416257305498/about?hl=en
"Patricia Loughlin","28 William Street South, Dublin 2, Ireland","Dublin 2",Dublin,,IE,"087 620 9892",,"health, establishment","Monday: 9:00 am – 8:00 pm
Tuesday: 9:00 am – 8:00 pm
Wednesday: 9:00 am – 9:00 pm
Thursday: 9:00 am – 8:00 pm
Friday: 9:00 am – 8:00 pm
Saturday: 9:00 am – 6:30 pm
Sunday: 9:00 am – 6:30 pm",http://www.reikiinireland.com/,53.341576,-6.263119,"Google Places",ChIJy0-5SJwOZ0gReKxekteZy5o,https://plus.google.com/106475422947453482669/about?hl=en
"Reiki in Ireland","42 Beech Rd., Foxrock, Dublin 18, Dublin, Ireland",Dublin,Dublin,,IE,"087 620 9892",,"health, establishment","Monday: 10:00 am – 8:00 pm
Tuesday: 10:00 am – 8:00 pm
Wednesday: 10:00 am – 8:00 pm
Thursday: 10:00 am – 8:00 pm
Friday: 10:00 am – 8:00 pm
Saturday: 10:00 am – 8:00 pm
Sunday: 10:00 am – 8:00 pm",http://www.reikiinireland.com/,53.272616,-6.168061,"Google Places",ChIJ3VQu2l8IZ0gRbwev0qR_aqg,https://plus.google.com/114325946181872308398/about?hl=en
"Optimum Limited","28, Westland Square, Pearse St, City Centre, Co. Dublin, Ireland","City Centre",Dublin,,IE,"(01) 672 8628",,establishment,"Monday: 9:00 am – 5:30 pm
Tuesday: 9:00 am – 5:30 pm
Wednesday: 9:00 am – 5:30 pm
Thursday: 9:00 am – 5:30 pm
Friday: 9:00 am – 5:00 pm
Saturday: Closed
Sunday: Closed",http://www.optimum.ie/,53.344482,-6.247718,"Google Places",ChIJRdUyjpEOZ0gRCI2PBP-LGJk,https://plus.google.com/100317872431238459628/about?hl=en
"EHS Consultancy","215 Woodfield, Rathfarnham, Dublin 16, Ireland","Dublin 16",Dublin,,IE,"087 225 1543",,"health, establishment",,http://www.ehsconsultancy.com/,53.276514,-6.308089,"Google Places",ChIJZapIIqgLZ0gR2q12bfY2J3o,https://plus.google.com/118281599771405482669/about?hl=en
"Contact Ignition","51 Oldcourt Ave, Dublin 24, Co. South Dublin, Ireland","Dublin 24","South Dublin",,IE,"087 643 9816",,establishment,"Monday: 9:00 am – 5:00 pm
Tuesday: 9:00 am – 5:00 pm
Wednesday: 9:00 am – 5:00 pm
Thursday: 9:00 am – 5:00 pm
Friday: 9:00 am – 5:00 pm
Saturday: Closed
Sunday: Closed",http://www.contactignition.com/,53.273862,-6.34589,"Google Places",ChIJB4uY8CQLZ0gRuKpRaDCsA4Q,https://plus.google.com/105246507334429772671/about?hl=en
"Century Management","Unit 3, Newlands Business Park, Newlands Rd, Newlands Cross,, Co. Dublin, Ireland","Newlands Cross,",Dublin,,IE,"(01) 459 5950",,establishment,"Monday: 9:00 am – 5:00 pm
Tuesday: 9:00 am – 5:00 pm
Wednesday: 9:00 am – 5:00 pm
Thursday: 9:00 am – 5:00 pm
Friday: 9:00 am – 5:00 pm
Saturday: Closed
Sunday: Closed",http://centurymanagement.ie/,53.313576,-6.39386,"Google Places",ChIJp5vuhFtzZ0gRrSMGlcM0dQk,https://plus.google.com/105013477818739830241/about?hl=en
IMI,"16 Sandyford Road, Dublin, Ireland",Dublin,Dublin,,IE,"(01) 207 8400",,"school, establishment",,http://www.imi.ie/,53.27556,-6.23185,"Google Places",ChIJSztKqHYJZ0gR2CzR9gQicJY,https://plus.google.com/117610490613425034955/about?hl=en
"Sallynoggin College of Further Education","Pearse Street, Sallynoggin, Co. Dublin, Ireland",,Dublin,,IE,"(01) 285 2997",,establishment,"Monday: 9:00 am – 5:00 pm
Tuesday: 9:00 am – 5:00 pm
Wednesday: 9:00 am – 5:00 pm
Thursday: 9:00 am – 5:00 pm
Friday: 9:00 am – 5:00 pm
Saturday: Closed
Sunday: Closed",http://www.scfe.ie/,53.273496,-6.138814,"Google Places",ChIJIVp0d9UHZ0gRFR5FD6n2F_w,https://plus.google.com/107449498746795025783/about?hl=en
Partas,"24 Main Rd, Dublin 24, Ireland","Dublin 24",Dublin,,IE,"(01) 459 9159",,establishment,"Monday: 7:30 am – 5:30 pm
Tuesday: 7:30 am – 5:30 pm
Wednesday: 7:30 am – 5:30 pm
Thursday: 7:30 am – 5:30 pm
Friday: 7:30 am – 5:30 pm
Saturday: Closed
Sunday: Closed",http://www.partas.ie/,53.28798,-6.35183,"Google Places",ChIJt5Skz0cLZ0gRQFbrmTGEA0A,https://plus.google.com/104763200010097495112/about?hl=en
Partas,"Bolbrook Enterprise Centre, Avonmore Rd, Tallaght, Dublin 24, Ireland","Tallaght, Dublin 24",,,IE,"(01) 414 5700",,establishment,,http://www.partas.ie/,53.287444,-6.339513,"Google Places",ChIJhcJfCkALZ0gRBXcXKca9O3c,https://plus.google.com/113291391503098625481/about?hl=en
"Abrahams Hostel","82-83 Lower Gardiner Street, Dublin 1, Ireland","Dublin 1",,,IE,"(01) 855 0600",3.4,"lodging, establishment","Monday: Open 24 hours
Tuesday: Open 24 hours
Wednesday: Open 24 hours
Thursday: Open 24 hours
Friday: Open 24 hours
Saturday: Open 24 hours
Sunday: Open 24 hours",http://www.abrahamshostel.com/,53.351596,-6.254808,"Google Places",ChIJA1pHr4gOZ0gRFLokG1iGqcs,https://plus.google.com/107980599852841535220/about?hl=en
Partas,"Bolbrook Enterprise Centre, Avonmore Road, Dublin 24, Ireland","Dublin 24",Dublin,,IE,"(01) 468 5305",,establishment,"Monday: 9:00 am – 5:00 am
Tuesday: 9:00 am – 5:00 am
Wednesday: 9:00 am – 5:00 am
Thursday: 9:00 am – 5:00 am
Friday: 9:00 am – 5:00 am
Saturday: Closed
Sunday: Closed",http://www.partas.ie/,53.287332,-6.339237,"Google Places",ChIJa1dKAEALZ0gRrlMD8sqZ_8g,https://plus.google.com/108661722743246215679/about?hl=en
Partas,"Killinarden Enterprise Park, Whitestown Way, Dublin 24, Ireland","Dublin 24",Dublin,,IE,"(01) 466 4285",,"real_estate_agency, establishment",,http://www.partas.ie/,53.277034,-6.377322,"Google Places",ChIJhQBadc90Z0gRcTALL1w92ko,https://plus.google.com/101736604048147082663/about?hl=en
"Executive Coaching Solutions","89 George's Street Upper, Dún Laoghaire, Co. Dublin, Ireland","Dun Laoghaire-Rathdown",Dublin,,IE,"(01) 284 5360",,establishment,,http://www.ecsl.eu/,53.290803,-6.132364,"Google Places",ChIJc0h_WToGZ0gRfxf_JHtrUKk,https://plus.google.com/102215651092446002016/about?hl=en
"Realize Coaching","Stillorgan, Stillorgan, Co. Dublin, Ireland",Stillorgan,Dublin,,IE,"086 816 2281",,"health, establishment",,http://www.realize.ie/,53.291103,-6.200379,"Google Places",ChIJ97VkUB4JZ0gRD_K0ym9uYuY,https://plus.google.com/114995226523806401062/about?hl=en
"Elverys Sports","Suffolk Street, Dublin 2, Ireland","Dublin 2","Co. Dublin",,IE,"(01) 679 1555",4.1,"clothing_store, store, establishment",,http://www.elverys.ie/,53.343382,-6.260022,"Google Places",ChIJSUieepsOZ0gR-fFzPRMcep4,https://plus.google.com/102007928606474167696/about?hl=en
"Live & Breathe Pilates","20 Camden Row, Dublin 8, Ireland","Dublin 8",Dublin,,IE,"(01) 554 9710",,"gym, health, establishment","Monday: 8:00 am – 9:00 pm
Tuesday: 8:00 am – 9:00 pm
Wednesday: 8:00 am – 9:00 pm
Thursday: 8:00 am – 9:00 pm
Friday: 8:00 am – 7:00 pm
Saturday: 10:00 am – 3:00 pm
Sunday: Closed",http://www.liveandbreathepilates.com/,53.336292,-6.268679,"Google Places",ChIJoU3Rjh8MZ0gRqIvTb1ogFQk,https://plus.google.com/117266920130856424006/about?hl=en
"Life Coach Dublin | Mike Crowley Coaching","96 Patrick St, Dublin, Ireland",Dublin,Dublin,,IE,"086 608 1232",,"health, establishment",,http://www.lifecoachdublin.com/,53.291487,-6.137201,"Google Places",ChIJQQ-IpiYGZ0gRmqltkJvXmW0,https://plus.google.com/117284754202034931715/about?hl=en
"Pharma Solutions Limited","62A Clontarf Rd, Dublin 3, Ireland","Dublin 3",Dublin,,IE,"(01) 805 5522",,establishment,,http://www.pharmasolutions.ie/,53.36248,-6.217306,"Google Places",ChIJ6VmkPAoPZ0gRc59PHlQ57qA,https://plus.google.com/108541820148913952049/about?hl=en
"National Adult Literacy Agency (NALA)","Sandford Lodge, Sandford Road, Ranelagh, Dublin 6, Co. Dublin, Ireland","Ranelagh, Dublin 6",Dublin,,IE,"(01) 412 7900",,establishment,,http://www.nala.ie/,53.319855,-6.248596,"Google Places",ChIJmR7_HK4OZ0gRJeQfbays2t4,https://plus.google.com/109190283197786662575/about?hl=en
"Louise Ward","25 Mount Eagle Green, Leopardstown Heights, Dublin 18, Ireland","Dublin 18",Dublin,,IE,"087 853 3338",,"health, establishment","Monday: 9:00 am – 5:00 pm
Tuesday: 9:00 am – 5:00 pm
Wednesday: 9:00 am – 5:00 pm
Thursday: 9:00 am – 5:00 pm
Friday: 9:00 am – 5:00 pm
Saturday: Closed
Sunday: Closed",http://www.counsellorcbt.com/,53.267917,-6.214448,"Google Places",ChIJ0UgJuaYJZ0gRrM5tlStnIYw,https://plus.google.com/111471234571900351865/about?hl=en
"NK Management","b2, 12 Calmount Ave, Dublin 12, Ireland","Dublin 12",Dublin,,IE,"(01) 626 5346",,establishment,,http://www.nkmanagement.ie/,53.312306,-6.345752,"Google Places",ChIJKb7RY58MZ0gRs9K6kWHBcaM,https://plus.google.com/114730021345455062182/about?hl=en
"Icon Health Club","1-4 Camden Street Lower, Dublin 2, Ireland","Dublin 2",Dublin,,IE,"(01) 405 3777",4.3,"gym, health, establishment","Monday: 6:00 am – 10:00 pm
Tuesday: 6:00 am – 10:00 pm
Wednesday: 6:00 am – 10:00 pm
Thursday: 6:00 am – 10:00 pm
Friday: 6:00 am – 9:00 pm
Saturday: 10:00 am – 6:00 pm
Sunday: Closed",http://iconhealthclub.ie/,53.336358,-6.265221,"Google Places",ChIJTwQx258OZ0gRI_HCZ-RVrk8,https://plus.google.com/103211395687181501792/about?hl=en
"The Synergy Group","10 Oakview Drive, Clonsilla, Co. Dublin, Ireland",Clonsilla,Dublin,,IE,"(01) 821 5189",,establishment,"Monday: 9:00 am – 5:00 pm
Tuesday: 9:00 am – 5:00 pm
Wednesday: 9:00 am – 5:00 pm
Thursday: 9:00 am – 5:00 pm
Friday: 9:00 am – 5:00 pm
Saturday: Closed
Sunday: Closed",http://www.synergy.ie/,53.393537,-6.416298,"Google Places",ChIJD3y5BV9tZ0gR4lJauJ2P4wM,https://plus.google.com/101651335952691513087/about?hl=en
"Driving lessons with Approved Driving School Raheny","All Saints Park, Dublin, Ireland",Dublin,Dublin,,IE,"(01) 840 2750",,"school, establishment","Monday: 9:00 am – 9:00 pm
Tuesday: 9:00 am – 9:00 pm
Wednesday: 9:00 am – 9:00 pm
Thursday: 9:00 am – 9:00 pm
Friday: 9:00 am – 9:00 pm
Saturday: 9:00 am – 6:00 pm
Sunday: Closed",https://plus.google.com/106273185722992647053/about?hl=en,53.376451,-6.179307,"Google Places",ChIJ9z2tjpEPZ0gRuSgRPJNR-yU,https://plus.google.com/106273185722992647053/about?hl=en
StudioSIX,"8 Pembroke Lane, Dublin 4, Ireland","Dublin 4",Dublin,,IE,"087 638 7976",,establishment,"Monday: 6:00 am – 10:00 pm
Tuesday: 6:00 am – 10:00 pm
Wednesday: 6:00 am – 10:00 pm
Thursday: 6:00 am – 10:00 pm
Friday: 6:00 am – 10:00 pm
Saturday: 9:00 am – 2:00 pm
Sunday: Closed",https://plus.google.com/113959489251032481026/about?hl=en,53.332038,-6.243363,"Google Places",ChIJKUIxWL8OZ0gR28Hn4O7FQlw,https://plus.google.com/113959489251032481026/about?hl=en
"Keenan Fitness","Morton Stadium, Swords Rd, Santry, Co. Dublin, Ireland",Santry,Dublin,,IE,"087 970 6848",,establishment,,https://plus.google.com/105050469441568991888/about?hl=en,53.401471,-6.243536,"Google Places",ChIJn7tnr9gRZ0gRSEmoOn92_Hk,https://plus.google.com/105050469441568991888/about?hl=en
"Phoenix Performance Centre","Phoenix Park Racecourse, Next to Londis, Castleknock, Co. Dublin, Ireland",Castleknock,Dublin,,IE,"(01) 827 6003",,"gym, health, establishment",,http://www.phoenixperformance.ie/,53.372217,-6.336922,"Google Places",ChIJ8eVQbwsNZ0gRyj0u9i92LUg,https://plus.google.com/102403573767827490499/about?hl=en
"Isofit Personal Trainers","4 Brook Court, Monkstown, Co. Dublin, Ireland",,Dublin,,IE,"086 343 8095",,"health, establishment","Monday: 8:00 am – 9:00 pm
Tuesday: 8:00 am – 9:00 pm
Wednesday: 8:00 am – 9:00 pm
Thursday: 8:00 am – 9:00 pm
Friday: 8:00 am – 9:00 pm
Saturday: 8:00 am – 9:00 pm
Sunday: Closed",https://plus.google.com/112469788767862083129/about?hl=en,53.289342,-6.157534,"Google Places",ChIJz6kYnZAIZ0gRgF98-2yyk4c,https://plus.google.com/112469788767862083129/about?hl=en
"Personal Instructor","Knocklyon, Dublin, Ireland",Dublin,Dublin,,IE,"087 250 3077",,establishment,"Monday: 5:00 – 10:00 pm
Tuesday: 5:00 – 10:00 pm
Wednesday: 5:00 – 10:00 pm
Thursday: 5:00 – 10:00 pm
Friday: 5:00 – 10:00 pm
Saturday: 12:00 – 5:00 pm
Sunday: 12:00 – 5:00 pm",https://plus.google.com/109812512490336649881/about?hl=en,53.282187,-6.316196,"Google Places",ChIJbVYjyRYLZ0gRTyI4SvSewaY,https://plus.google.com/109812512490336649881/about?hl=en
"the personal training company","5 Churchlands, Dublin, Ireland",Dublin,Dublin,,IE,"087 810 7443",,establishment,"Monday: 9:00 am – 9:00 pm
Tuesday: 9:00 am – 9:00 pm
Wednesday: 9:00 am – 9:00 pm
Thursday: 9:00 am – 9:00 pm
Friday: 9:00 am – 9:00 pm
Saturday: 9:00 am – 5:00 pm
Sunday: Closed",http://amandagannon.com/,53.26983,-6.222836,"Google Places",ChIJeWhHJ6AJZ0gR9AFlOMNTbm8,https://plus.google.com/107954471311681428976/about?hl=en
"Dublin ITF Sport Taekwon-Do","Dublin ITF Sports Limited, Unit D2 Centrepoint,, Rosemount Business Park,, Ballycoolin, Dublin 15, Ireland","Ballycoolin, Dublin 15",,,IE,"(01) 882 9955",,"school, establishment",,http://www.dublin-itf.com/,53.400449,-6.345076,"Google Places",ChIJl4XGyYYSZ0gRoXhE342hgcM,https://plus.google.com/104161178655505936062/about?hl=en
"Henshin Aikido","Grattan Business Park, Clonshaugh Business & Technology Park, Dublin 17, Ireland","Dublin 17",Dublin,,IE,"087 229 7215",,"gym, health, school, establishment",,https://plus.google.com/117561469777417152685/about?hl=en,53.402662,-6.217693,"Google Places",ChIJfehJ9ykQZ0gRLHm6MSgPBhc,https://plus.google.com/117561469777417152685/about?hl=en
"The Gym","75 Orwell Road, Rathgar, Dublin 6., Co. Dublin, Ireland","Rathgar, Dublin 6.",Dublin,,IE,"(01) 498 3512",,"gym, health, school, establishment",,http://www.the-gym.ie/,53.308571,-6.270027,"Google Places",ChIJq1R3C_kLZ0gRzshgSKxZkxc,https://plus.google.com/100067619061493340313/about?hl=en
"TonedFit Gym in Howth, North Dublin","50 Church Street, Howth, Co. Dublin, Ireland",,Dublin,,IE,"(01) 839 7471",,"gym, health, establishment",,http://www.tonedfit.com/,53.387607,-6.068695,"Google Places",ChIJG7LwHJgEZ0gR1b5m8I-LSmQ,https://plus.google.com/102446824499194167897/about?hl=en
"YMCA gym","53 Aungier Street, Dublin 2, Ireland","Dublin 2",Dublin,,IE,"(01) 478 2607",,"gym, health, establishment","Monday: 7:00 am – 10:00 pm
Tuesday: 7:00 am – 10:00 pm
Wednesday: 7:00 am – 10:00 pm
Thursday: 7:00 am – 10:00 pm
Friday: 7:00 am – 10:00 pm
Saturday: 9:30 am – 4:30 pm
Sunday: Closed",http://www.ymca.ie/ylifestyle,53.339375,-6.26607,"Google Places",ChIJL2vIBZ4OZ0gRu_c-nR_Ssks,https://plus.google.com/112839370362702450417/about?hl=en
"Brown Thomas Dublin","95 Grafton Street, Dublin 2, Ireland","Dublin 2",Dublin,,IE,"(01) 605 6666",4.5,"department_store, store, establishment","Monday: 9:30 am – 8:00 pm
Tuesday: 10:00 am – 8:00 pm
Wednesday: 9:30 am – 8:00 pm
Thursday: 9:30 am – 9:00 pm
Friday: 9:30 am – 8:00 pm
Saturday: 9:00 am – 8:00 pm
Sunday: 11:00 am – 7:00 pm",http://www.brownthomas.com/,53.342465,-6.259823,"Google Places",ChIJo8CUnJsOZ0gRsRsxHKkaTKU,https://plus.google.com/111069589100028003497/about?hl=en
"Sandymount YMCA","YMCA Sports Grounds, Claremont Rd, Sandymount, Ireland",Sandymount,,,IE,"(01) 607 7102",,"gym, health, establishment","Monday: 7:30 am – 9:15 pm
Tuesday: 7:30 am – 9:15 pm
Wednesday: 7:30 am – 9:15 pm
Thursday: 7:30 am – 9:15 pm
Friday: 7:30 am – 8:15 pm
Saturday: 10:00 am – 4:00 pm
Sunday: Closed",http://www.ymca.ie/ylifestyle.html,53.330424,-6.219795,"Google Places",ChIJSx5rcdsOZ0gRSNWz7kfHcAM,https://plus.google.com/107528711646505292463/about?hl=en
"Dunboyne Castle Hotel and Spa","Maynooth Road, Dunboyne, Co. Meath, Ireland",Dunboyne,Meath,,IE,"(01) 801 3500",4.2,"lodging, spa, establishment","Monday: Open 24 hours
Tuesday: Open 24 hours
Wednesday: Open 24 hours
Thursday: Open 24 hours
Friday: Open 24 hours
Saturday: Open 24 hours
Sunday: Open 24 hours",http://dunboynecastlehotel.com/,53.41741,-6.477427,"Google Places",ChIJGdywprhtZ0gRBHB54DKuyP8,https://plus.google.com/110332756418945154330/about?hl=en
"Community Matters Ltd","Blanchardstown Road North, Dublin, Ireland",Fingal,Dublin,,IE,"087 277 5225",,establishment,"Monday: 9:00 am – 5:30 pm
Tuesday: 9:00 am – 5:30 pm
Wednesday: 9:00 am – 5:30 pm
Thursday: 9:00 am – 5:30 pm
Friday: 9:00 am – 5:30 pm
Saturday: Closed
Sunday: Closed",http://www.communitymatters.ie/,53.407487,-6.377902,"Google Places",ChIJ-RwfU7oSZ0gRQ7hvDVuCSUU,https://plus.google.com/116186874490730693938/about?hl=en
"Expert Leisure Supplies","Unit P10, Greenogue Industrial Estate, Rathcoole, Co. Dublin, Ireland","South Dublin",Dublin,,IE,"(01) 401 9774",,establishment,"Monday: 9:00 am – 5:30 pm
Tuesday: 9:00 am – 5:30 pm
Wednesday: 9:00 am – 5:30 pm
Thursday: 9:00 am – 5:30 pm
Friday: 9:00 am – 5:30 pm
Saturday: Closed
Sunday: Closed",http://www.expertleisure.ie/,53.300414,-6.478791,"Google Places",ChIJ0TkhmwZ0Z0gR5wNeK10MIcQ,https://plus.google.com/112807681807426678449/about?hl=en
"Turtle Tots Dublin","43 Clonlea, Ballinteer, Dublin 16, Ireland","Dublin 16",Dublin,,IE,"085 875 9790",,establishment,,http://www.turtletots.ie/,53.274436,-6.244823,"Google Places",ChIJC4SoNXkJZ0gRYHXrXk9XUT4,https://plus.google.com/113662259665268510046/about?hl=en
"Phibsboro Gym","Phibsborough Shopping Centre, Dublin 7, Ireland","Dublin 7",Dublin,,IE,"(01) 830 1849",,"gym, health, establishment","Monday: 7:30 am – 9:30 pm
Tuesday: 9:30 am – 9:30 pm
Wednesday: 7:30 am – 9:30 pm
Thursday: 9:30 am – 9:30 pm
Friday: 7:30 am – 8:00 pm
Saturday: 10:00 am – 4:00 pm
Sunday: 11:00 am – 1:00 pm",http://phibsborogym.com/,53.361722,-6.273103,"Google Places",ChIJM39Z_dUNZ0gR6YeY5tV63k4,https://plus.google.com/104219246224944413421/about?hl=en
"BODYFIRM Pilates & Fitness Studios","@studio 14 Level 1, Prussia Street, Dublin 7, Ireland","Dublin 7",Dublin,,IE,"(01) 868 4600",,"health, establishment","Monday: 8:00 am – 9:00 pm
Tuesday: 8:00 am – 9:00 pm
Wednesday: 8:00 am – 9:00 pm
Thursday: 8:00 am – 9:00 pm
Friday: 8:00 am – 9:00 pm
Saturday: 8:00 am – 12:00 pm
Sunday: Closed",http://www.bodyfirmpilates.com/,53.356359,-6.288127,"Google Places",ChIJ638cH80NZ0gRHQK0ydkzPf8,https://plus.google.com/110469974488666102930/about?hl=en
"Progressive Pilates Academy","Park Shopping Centre, Prussia St, Stoneybatter, Dublin 7, Ireland","Dublin 7",Dublin,,IE,"(01) 868 4600",,establishment,,http://www.bodyfirmpilates.com/,53.356558,-6.288267,"Google Places",ChIJ8xjUHc0NZ0gRJmEUcMS2YTU,https://plus.google.com/113944887250413190613/about?hl=en
"Archview Physiotherapy Pain and Sports Injury clinic","49 Ranelagh Rd, Ranelagh, Dublin, Ireland","Dublin City",Dublin,,IE,"(01) 491 3228",,"physiotherapist, health, establishment","Monday: 8:30 am – 8:30 pm
Tuesday: 8:30 am – 8:30 pm
Wednesday: 8:30 am – 8:30 pm
Thursday: 8:30 am – 8:30 pm
Friday: 8:30 am – 8:30 pm
Saturday: Closed
Sunday: Closed",http://www.archviewclinic.ie/,53.32701,-6.257159,"Google Places",ChIJ5ybhu6YOZ0gRxKC2yfWhPjA,https://plus.google.com/117539117567389970051/about?hl=en
Sportsfuel,"Croghan House, Willowbrook Rd, Celbridge, Co. Kildare, Ireland",Celbridge,Kildare,,IE,"(01) 627 3052",,establishment,"Monday: 11:00 am – 6:00 pm
Tuesday: 11:00 am – 6:00 pm
Wednesday: 11:00 am – 6:00 pm
Thursday: 11:00 am – 6:00 pm
Friday: 11:00 am – 6:00 pm
Saturday: 11:00 am – 4:00 pm
Sunday: Closed",http://www.sportsfuel.ie/,53.344566,-6.546208,"Google Places",ChIJAXI0u6txZ0gRMeDbg92wOB0,https://plus.google.com/116381670291543498422/about?hl=en
"SPRAY TAN/GEL NAIL COURSES FOR LESS","BLANCHARDSTOWN, DUBLIN 15, DUBLIN, Ireland",DUBLIN,,,IE,"087 754 0416",,"beauty_salon, establishment",,http://www.facebook.com/affordablecourses,53.394875,-6.378791,"Google Places",ChIJPW415KUSZ0gRbd9qbT9JajM,https://plus.google.com/111714658759116807874/about?hl=en
"First Response","52 Sundrive Road, Crumlin, Dublin 12, Ireland","Dublin 12",Dublin,,IE,"(01) 405 5355",,establishment,"Monday: 9:00 am – 5:00 pm
Tuesday: 9:00 am – 5:00 pm
Wednesday: 9:00 am – 5:00 pm
Thursday: 9:00 am – 5:00 pm
Friday: 9:00 am – 5:00 pm
Saturday: 9:00 am – 5:00 pm
Sunday: Closed",http://www.alarmtraining.ie/,53.321029,-6.293266,"Google Places",ChIJTdtYkXIMZ0gRppltWOI3uLI,https://plus.google.com/116014506563852217192/about?hl=en
WITS.ie,"19 College Green, Dublin, Ireland",Dublin,Dublin,,IE,"086 825 3755",,establishment,"Monday: 9:30 am – 5:30 pm
Tuesday: 9:30 am – 5:30 pm
Wednesday: 9:30 am – 5:30 pm
Thursday: 9:30 am – 5:30 pm
Friday: 9:30 am – 5:30 pm
Saturday: 9:00 am – 1:00 pm
Sunday: Closed",http://www.wits.ie/,53.344184,-6.261561,"Google Places",ChIJra45o5wOZ0gRPQaDbGtbMtE,https://plus.google.com/100955008590745968043/about?hl=en
"Hilton Dublin Airport Hotel","Northern Cross, Malahide Rd, Dublin 17, Ireland","Dublin 17",Dublin,,IE,"(01) 866 1800",3.7,"lodging, establishment","Monday: Open 24 hours
Tuesday: Open 24 hours
Wednesday: Open 24 hours
Thursday: Open 24 hours
Friday: Open 24 hours
Saturday: Open 24 hours
Sunday: Open 24 hours",http://www.placeshilton.com/dublin-airport,53.403403,-6.17986,"Google Places",ChIJFfNJfP0PZ0gRWHDGm4WHWqc,https://plus.google.com/111161578872325410842/about?hl=en
"International Centre for Security Excllence (ICSE)","77 Sir John Rogerson's Quay, Ringsend, Dublin 2, Ireland","Dublin 2",Dublin,,IE,"(01) 640 1989",,establishment,,http://www.securityexcellence.net/,53.345286,-6.233346,"Google Places",ChIJDYwh3-0OZ0gR7y7tqCmxaok,https://plus.google.com/111537629038139252865/about?hl=en
"AK Safety Management Ltd","Rathfarnham, Ballyboden, Co. Dublin, Ireland","South Dublin",Dublin,,IE,"(01) 406 1875",,"health, establishment",,http://www.aksafety.ie/,53.295782,-6.259299,"Google Places",ChIJa77WkMMLZ0gRSzlWr1_WCjI,https://plus.google.com/105785820703502639631/about?hl=en
"Champion Sports","Unit 9 /10, 125 Jervis Street Shopping Centre, Jervis St, Dublin, Ireland",Dublin,Dublin,,IE,"(01) 685 2239",,"store, establishment","Monday: 9:00 am – 6:00 pm
Tuesday: 9:00 am – 6:00 pm
Wednesday: 9:00 am – 6:00 pm
Thursday: 9:00 am – 7:00 pm
Friday: 9:00 am – 6:00 pm
Saturday: 9:00 am – 6:00 pm
Sunday: 9:00 am – 6:00 pm",http://www.champion.ie/,53.347826,-6.2659,"Google Places",ChIJf5n6t4MOZ0gRALbmWt3otSc,https://plus.google.com/107399515046723768737/about?hl=en
"MOBILE BEAUTICIAN- NO.1 SPRAY TAN GEL NAILS/ EYELASH EXTENSIONS AND MORE...","Dublin blanchardstown, Dublin Ongar 15, Dublin, Ireland",Dublin,Dublin,,IE,"087 754 0416",,"beauty_salon, establishment",,http://www.facebook.com/affordablecourses,53.387308,-6.411331,"Google Places",ChIJa8G36VVtZ0gRYaMRQ9-1ouA,https://plus.google.com/103851986504537880080/about?hl=en
"International Centre for Security Excellence","11 Merrion Square North, Dublin, Ireland","Dublin City",Dublin,,IE,"1800 844 418",5,establishment,"Monday: 8:00 am – 9:00 pm
Tuesday: 8:00 am – 9:00 pm
Wednesday: 8:00 am – 9:00 pm
Thursday: 8:00 am – 9:00 pm
Friday: 8:00 am – 9:00 pm
Saturday: 8:00 am – 9:00 pm
Sunday: 8:00 am – 9:00 pm",https://www.securityexcellence.net/,53.340671,-6.249331,"Google Places",ChIJoeVJK5EOZ0gRxy5Z0xClJKQ,https://plus.google.com/109674291608231974844/about?hl=en
"First Floor Bar & Brasserie","Dundrum Town Centre, Sandyford Road, Dublin 16, Ireland","Dublin 16",Dublin,,IE,"(01) 291 0488",4.2,"restaurant, food, establishment","Monday: Closed
Tuesday: 12:30 – 3:00 pm, 6:00 – 9:00 pm
Wednesday: 12:30 – 3:00 pm, 6:00 – 9:00 pm
Thursday: 12:30 – 3:00 pm, 6:00 – 10:00 pm
Friday: 12:30 – 3:00 pm, 6:00 – 10:00 pm
Saturday: 12:30 – 3:30 pm, 6:00 – 10:00 pm
Sunday: 12:30 – 4:00 pm",http://www.harveynichols.com/restaurants/first-floor-dublin/first-floor-dublin-brasserie,53.288205,-6.243574,"Google Places",ChIJ1ar75WUJZ0gRay24K3sOKi0,https://plus.google.com/111694281360194017447/about?hl=en
"The Morgan","10-12 Fleet Street, Dublin 2, Ireland","Dublin 2",Dublin,,IE,"(01) 643 7000",4,"bar, lodging, establishment","Monday: Open 24 hours
Tuesday: Open 24 hours
Wednesday: Open 24 hours
Thursday: Open 24 hours
Friday: Open 24 hours
Saturday: Open 24 hours
Sunday: Open 24 hours",http://www.themorgan.com/,53.345737,-6.261078,"Google Places",ChIJISjK0PEMZ0gRLn5bYGkhZdc,https://plus.google.com/114546929094070658949/about?hl=en
"Mespil Hotel","60 Mespil Road, Dublin 4, Ireland","Dublin 4",Dublin,,IE,"(01) 488 4600",3.8,"bar, restaurant, lodging, food, establishment","Monday: Open 24 hours
Tuesday: Open 24 hours
Wednesday: Open 24 hours
Thursday: Open 24 hours
Friday: Open 24 hours
Saturday: Open 24 hours
Sunday: Open 24 hours",http://www.mespilhotel.com/,53.333284,-6.246879,"Google Places",ChIJOfLeur0OZ0gRIJva0UTWaAQ,https://plus.google.com/108877475206796989243/about?hl=en
"Clarion Hotel","Clondalkin, Dublin 22, Ireland","Dublin 22",Dublin,,IE,"(01) 625 8000",3.8,"lodging, establishment",,http://www.clarionhotelliffeyvalley.com/,53.354812,-6.402602,"Google Places",ChIJCfXUx9tyZ0gRZuuFsjEj9Jk,https://plus.google.com/106137058244792422120/about?hl=en
"Castleknock Hotel & Country Club","Porterstown Rd, Castleknock, Dublin 15, Ireland","Dublin 15",Dublin,,IE,"(01) 640 6300",4.3,"bar, gym, restaurant, lodging, food, health, establishment","Monday: Open 24 hours
Tuesday: Open 24 hours
Wednesday: Open 24 hours
Thursday: Open 24 hours
Friday: Open 24 hours
Saturday: Open 24 hours
Sunday: Open 24 hours",http://www.castleknockhotel.com/,53.365968,-6.389344,"Google Places",ChIJ8cOAmwE_Z0gRK0M8bpYMzX8,https://plus.google.com/107812299576522639905/about?hl=en
"Barratts Shoes","Unit 147, Blanchards Town Shopping Centre, Blanchards Town, Co. Dublin, Ireland","Blanchards Town",Dublin,,IE,"(01) 822 1991",,"shoe_store, store, establishment",,http://www.barratts.co.uk/,53.3928,-6.389883,"Google Places",ChIJQ2F8PURzZ0gRtZZ5gWSh7Z4,https://plus.google.com/113381872604266950270/about?hl=en
"Barratts Shoes","Unit F16, The Pavillion Centre, Swords, Co. Dublin, Ireland",Swords,Dublin,,IE,"(01) 807 9677",,"shoe_store, store, establishment",,http://www.barratts.co.uk/,53.455747,-6.219741,"Google Places",ChIJQ2F8PURzZ0gRZ15xPLzj8TY,https://plus.google.com/104396071522416362885/about?hl=en
"Arnotts Warehouse","Unit K, Furry Park Industrial Estate, Santry, Dublin 9, Ireland","Dublin 9",Dublin,,IE,"(01) 805 0400",,"department_store, store, establishment",,http://www.arnotts.ie,53.407182,-6.241286,"Google Places",ChIJ1cJYJtoRZ0gRuPJEOc1MiXc,https://plus.google.com/117828988855984554856/about?hl=en
"How-To Ebooks Download","2 Ballyowen Court, Dublin, Ireland",Dublin,Dublin,,IE,"086 210 3415",,"book_store, store, establishment",,http://www.howtoebooksdownload.com/,53.355168,-6.421433,"Google Places",ChIJIeOBUORyZ0gRLiQ_UooD-XE,https://plus.google.com/113141985247000627046/about?hl=en
"Harvey Nichols Café","16 Sandyford Rd, Dublin 16, Ireland","Dublin 16",Dublin,,IE,,,"restaurant, food, establishment",,http://www.harveynichols.com/dublin,53.278879,-6.229619,"Google Places",ChIJ-yNXsHMJZ0gRXglUMChsvb8,https://plus.google.com/103964528790233391749/about?hl=en
"Barratts Shoes","80 Grafton St, Dublin 2, Ireland","Dublin 2",,,IE,"(01) 671 0644",,"shoe_store, store, establishment",,http://www.barratts.co.uk/,53.341726,-6.260215,"Google Places",ChIJQ2F8PURzZ0gRzNNYHY8iaX8,https://plus.google.com/118210660803725043465/about?hl=en
"Barratts Shoes","Unit 44 /45 Moore Mall, Ilac Centre, Henry Street, Dublin Ilac Centre, Co. Eire, Ireland","Dublin Ilac Centre",Eire,,IE,"(01) 872 8770",,"shoe_store, store, establishment",,http://www.barratts.co.uk/,53.35075,-6.264525,"Google Places",ChIJQ2F8PURzZ0gRcj8q4kdfkmE,https://plus.google.com/100058846312854652591/about?hl=en
"All Dogs great and small - Dog grooming","26A Maywood Lawn, Dublin 5, Ireland","Dublin 5",Dublin,,IE,"(01) 805 8885",,establishment,"Monday: 9:00 am – 6:00 pm
Tuesday: 9:00 am – 6:00 pm
Wednesday: 9:00 am – 6:00 pm
Thursday: 9:00 am – 6:00 pm
Friday: 9:00 am – 5:00 pm
Saturday: Closed
Sunday: Closed",http://www.alldogsgreatandsmall.ie/,53.377138,-6.167068,"Google Places",ChIJt7kEhIkPZ0gRo7XFX0mrSdg,https://plus.google.com/107160841359995177992/about?hl=en
"Runners Need","3.2 - 4.2, Dundrum Town Centre, Dundrum, Dublin 16, Ireland","Dublin 16","Co. Dublin",,IE,"(01) 292 4700",,"clothing_store, store, establishment","Monday: 10:00 am – 8:00 pm
Tuesday: 10:00 am – 8:00 pm
Wednesday: 10:00 am – 8:00 pm
Thursday: 10:00 am – 9:00 pm
Friday: 10:00 am – 7:00 pm
Saturday: 10:00 am – 7:00 pm
Sunday: 11:00 am – 7:00 pm",http://www.runnersneed.co.uk/,53.286347,-6.239641,"Google Places",ChIJDzIIGmYJZ0gRoHJK0cauUr8,https://plus.google.com/109067384437692276259/about?hl=en
"Oxendale & Co. Ltd","351 North Circular Road, Baile Phib, Dublin 7, Ireland","Dublin 7","Baile Átha Cliath",,IE,"(01) 830 0600",,establishment,,http://www.oxendales.ie/,53.360923,-6.273489,"Google Places",ChIJTf7MoOGZXUgR3bKxkbfUg2w,https://plus.google.com/117666302791497888323/about?hl=en
"Marine Parts Direct","Unit 7 N1 Business Park, Swords, Co. Dublin, Ireland",Swords,Dublin,,IE,"(01) 807 5144",,"store, establishment","Monday: 9:00 am – 5:30 pm
Tuesday: 9:00 am – 5:30 pm
Wednesday: 9:00 am – 5:30 pm
Thursday: 9:00 am – 5:30 pm
Friday: 9:00 am – 5:30 pm
Saturday: 10:00 am – 2:00 pm
Sunday: Closed",http://www.marineparts.ie/,53.44186,-6.226746,"Google Places",ChIJT2kFgVYQZ0gRGAKf09yrxTE,https://plus.google.com/115982616550732664884/about?hl=en
"Marine Parts Direct Ltd","Unit 3 Seatown Business Campus, Old Seatown Road, Swords, Co. Dublin, Ireland",Swords,Dublin,,IE,"(01) 807 5144",,"store, establishment",,http://www.marineparts.ie/,53.462861,-6.208305,"Google Places",ChIJFb_kkJQQZ0gRKDya4XkQE84,https://plus.google.com/104660025502194860501/about?hl=en
Genius,"6a, Powerscourt Townhouse Centre, Clarendon Street, Dublin 2, Ireland","Dublin 2",Dublin,,IE,"(01) 679 7851",,"clothing_store, store, establishment","Monday: 10:00 am – 6:00 pm
Tuesday: 10:00 am – 6:00 pm
Wednesday: 10:00 am – 6:00 pm
Thursday: 10:00 am – 8:00 pm
Friday: 10:00 am – 6:00 pm
Saturday: 10:00 am – 6:00 pm
Sunday: 12:00 – 6:00 pm",http://www.genius.ie/,53.342413,-6.261117,"Google Places",ChIJlfjFb5wOZ0gR2i7aQgq7t4Q,https://plus.google.com/111338525168281692297/about?hl=en
