Name,"Full Address",City,County/State,Postcode,Country,"Telephone Number",Rating,Keywords,"Opening hours",URL,Latitude,Longitude,"Data Source","Data Source Identifer"
"Allergy Skin Testing Blackrock Clinic","Blackrock Clinic, Rock Rd, Co. Dublin, Co. Dublin, Ireland","Co. Dublin",Dublin,,IE,"(01) 288 8375",,"hospital, establishment",,http://www.allergytestingblackrockclinic.ie/,53.304762,-6.18806,"Google Places",ChIJ4fWJSMUIZ0gReAdnDijZTwg,https://plus.google.com/117526070488316821668/about?hl=en
"allergy testing clinic","106 Nutgrove Avenue, Rathfarnham, Co. Dublin, Ireland",Rathfarnham,Dublin,,IE,"086 836 2705",,"health, establishment",,http://www.daatc.com/,53.292429,-6.272117,"Google Places",ChIJwZeGQegLZ0gRKuK289eMn6c,https://plus.google.com/112761606322452742862/about?hl=en
"Acupuncture & Allergy Testing Clinic","564 Howth Rd, Raheny, Co. Dublin, Ireland",Raheny,Dublin,,IE,"(01) 851 0285",,"health, establishment","Monday: Closed
Tuesday: 5:00 – 9:00 pm
Wednesday: 3:30 – 9:00 pm
Thursday: 9:00 am – 1:00 pm, 5:00 – 9:00 pm
Friday: Closed
Saturday: 9:00 am – 12:00 pm
Sunday: Closed",http://www.daatc.com/,53.38039,-6.172471,"Google Places",ChIJCWwcjYwPZ0gRqOa_s-S7yEM,https://plus.google.com/108442689431063240061/about?hl=en
"Mitex Anti Allergy","5B Adelaide Court, Albert Rd, Glenageary, Co. Dublin, Ireland",Glenageary,Dublin,,IE,"(01) 280 2800",,establishment,,http://www.mitex.ie/,53.281256,-6.120951,"Google Places",ChIJtdlu6yQGZ0gR6w2RZfwotCw,https://plus.google.com/114012814071567662374/about?hl=en
"Advanced Allergy Testing @ The Health Shoppe","Merrion Shopping Centre, Nutley Lane, Ballsbridge, Co. Dublin, Ireland",Ballsbridge,Dublin,,IE,"(01) 206 6565",,establishment,,https://plus.google.com/108822848336616163757/about?hl=en,53.3188,-6.213884,"Google Places",ChIJb-RYhdMOZ0gRd-MqkxpjHw4,https://plus.google.com/108822848336616163757/about?hl=en
"Charlemont Respiratory & Allergy Diagnostic Services","Charlemont Clinic, Charlemont Mall, Dublin, Ireland",Dublin,Dublin,,IE,"(01) 418 8482",,"health, establishment",,http://www.allergycounts.com/,53.330849,-6.261122,"Google Places",ChIJOSWjHqEOZ0gRuQ4jU085sYk,https://plus.google.com/116248509007030755766/about?hl=en
"Allergy and Treatment Clinic","20 Saint Olave's, Malahide Road, KInsealy, Co. Dublin, Ireland",KInsealy,Dublin,,IE,"(01) 846 4058",,"health, establishment","Monday: 9:00 am – 9:00 pm
Tuesday: 9:00 am – 9:00 pm
Wednesday: 9:00 am – 9:00 pm
Thursday: 9:00 am – 9:00 pm
Friday: 9:00 am – 9:00 pm
Saturday: 9:00 am – 9:00 pm
Sunday: Closed",http://www.allergyandtreatmentclinic.com/,53.42562,-6.175694,"Google Places",ChIJ6UkcWTA6Z0gR0Va5kchlpEI,https://plus.google.com/109308649202782108849/about?hl=en
"The Clontarf Allergy Clinic","63 Clontarf Rd, Dublin, Ireland",Dublin,Dublin,,IE,"(01) 833 8207",,establishment,,http://www.clontarfclinic.com/,53.36245,-6.217205,"Google Places",ChIJBSrcxlQOZ0gR4U2Jp5mKTco,https://plus.google.com/112286442952069777251/about?hl=en
"Lalloos Acupuncture & Allergy Testing Clinics","30 Porter's Gate Heights, Dublin 15, Ireland","Dublin 15",Dublin,,IE,"086 836 6128",,"doctor, health, establishment","Monday: 9:00 am – 7:30 pm
Tuesday: 9:00 am – 7:30 pm
Wednesday: 9:00 am – 7:30 pm
Thursday: 9:00 am – 7:30 pm
Friday: 9:00 am – 7:30 pm
Saturday: 9:00 am – 1:00 pm
Sunday: Closed",http://www.acupunctureallergytesting.com/,53.387091,-6.420492,"Google Places",ChIJm56dap9yZ0gR-AgzQqifki0,https://plus.google.com/117474522015454613321/about?hl=en
"Terenure Allergy Test Clinic","4 Ashfield Park, Terenure, Dublin 6W, Co. Dublin, Ireland","Dublin 6W",Dublin,,IE,"085 144 5494",,"doctor, health, establishment",,http://www.allergytestinginireland.com/,53.314894,-6.283904,"Google Places",ChIJC5wrygsMZ0gRTgRRYAzApy0,https://plus.google.com/117076696848526362988/about?hl=en
"Mitex Products","Unit 5B, Adelaide Court, Albert Road, Glenageary, Co. Dublin, Ireland",Glenageary,Dublin,,IE,"(01) 280 2800",,"doctor, health, establishment","Monday: 11:00 am – 6:00 pm
Tuesday: 11:00 am – 6:00 pm
Wednesday: 11:00 am – 6:00 pm
Thursday: 11:00 am – 6:00 pm
Friday: 11:00 am – 6:00 pm
Saturday: Closed
Sunday: Closed",http://www.mitex.ie,53.281252,-6.120951,"Google Places",ChIJ3SgL9DMGZ0gRA0Z--pEj5Yg,https://plus.google.com/109339117542101621980/about?hl=en
"acupuncture clinic","106 Nutgrove Ave rathfarnham Dublin 14, Ireland",,,,IE,"(01) 493 4736",,"health, establishment",,http://www.daatc.com/,53.292391,-6.272148,"Google Places",ChIJwZeGQegLZ0gRUbmRnOVEFMI,https://plus.google.com/106283272453708198637/about?hl=en
"Spring Into Health","32 Nassau St, Dublin 2, Ireland","Dublin 2",Dublin,,IE,"087 415 0404",,"health, establishment",,https://plus.google.com/101671914263876402095/about?hl=en,53.342764,-6.257445,"Google Places",ChIJIV9NqpsOZ0gRWJgmIgEzXt4,https://plus.google.com/101671914263876402095/about?hl=en
"Colonic Irrigation Dublin, NOW €79 not €120","4, 48 Rushbrook, Blanchardstown, Co. Dublin, Ireland",Blanchardstown,Dublin,,IE,"(01) 820 1602",,"health, establishment","Monday: 10:00 am – 8:00 pm
Tuesday: 10:00 am – 8:00 pm
Wednesday: 10:00 am – 8:00 pm
Thursday: 10:00 am – 8:00 pm
Friday: 10:00 am – 8:00 pm
Saturday: 10:00 am – 8:00 pm
Sunday: Closed",http://www.colonicdublin.ie/,53.385867,-6.380484,"Google Places",ChIJywC1bVENZ0gRrQSt-nBlivQ,https://plus.google.com/104115120359688324409/about?hl=en
"la sante health store","Dun Laoghaire Shopping Centre, George's Street Upper, Dun Laoghaire, Co. Dublin, Ireland","Dun Laoghaire",Dublin,,IE,"(01) 230 2090",,"food, store, health, establishment",,https://plus.google.com/110990415548080499540/about?hl=en,53.292322,-6.13587,"Google Places",ChIJh9S1CSQGZ0gR6hFE0U6A3PE,https://plus.google.com/110990415548080499540/about?hl=en
"Punjabi By Nature Indian Restaurants & Takeaway","15 Ranelagh Avenue, Dublin 6, Ireland","Dublin 6",Dublin,,IE,"(01) 496 0808",4.3,"restaurant, lodging, food, establishment","Monday: 5:00 – 11:00 pm
Tuesday: 5:00 – 11:00 pm
Wednesday: 5:00 – 11:00 pm
Thursday: 5:00 – 11:00 pm
Friday: 5:00 – 11:00 pm
Saturday: 5:00 – 11:00 pm
Sunday: 5:00 – 11:00 pm",http://www.punjabibynature.ie/,53.325785,-6.255695,"Google Places",ChIJCY59xKUOZ0gROZHzWtOlCd8,https://plus.google.com/115334562071804444672/about?hl=en
"Slievemore Medical Acupuncture Clinic","Slievemore Clinic, Old Dublin Road Stillorgan, Co. Dublin, Dublin, Ireland",Dublin,Dublin,,IE,"(01) 200 0530",,"health, establishment",,http://www.slievemore-clinic.com/department.php?page=108,53.292322,-6.201717,"Google Places",ChIJ5bETyB8JZ0gRn7LkjEgLY94,https://plus.google.com/104973412836020795109/about?hl=en
"Slievemore Clinic","Old Dublin Road, Co. Dublin, Co. Dublin, Ireland","Co. Dublin",Dublin,,IE,"(01) 200 0575",,"dentist, physiotherapist, doctor, health, establishment",,http://www.slievemore-clinic.com/,53.292286,-6.201364,"Google Places",ChIJazNszx8JZ0gRW8ftJqIxjc0,https://plus.google.com/115166447680382886189/about?hl=en
"Dr Acupuncture","41 Henry Street, Dublin 1, Ireland","Dublin 1",Dublin,,IE,"(01) 804 4544",,"health, establishment","Monday: 10:00 am – 7:30 pm
Tuesday: 10:00 am – 7:30 pm
Wednesday: 10:00 am – 7:30 pm
Thursday: 10:00 am – 7:30 pm
Friday: 10:00 am – 7:30 pm
Saturday: 10:00 am – 7:30 pm
Sunday: 11:00 am – 6:00 pm",http://dracupuncture.ie/,53.349625,-6.261756,"Google Places",ChIJzSGKDIQOZ0gRYwNcCzrDt2U,https://plus.google.com/104845170324393510113/about?hl=en
Medpages.ie,"6 Suffolk St, Dublin, Ireland",Dublin,Dublin,,IE,"(01) 675 5137",,"doctor, dentist, health, establishment","Monday: 9:00 am – 5:00 pm
Tuesday: 9:00 am – 5:00 pm
Wednesday: 9:00 am – 5:00 pm
Thursday: 9:00 am – 5:00 pm
Friday: 9:00 am – 5:00 pm
Saturday: Closed
Sunday: Closed",http://www.medpages.ie/,53.343708,-6.260212,"Google Places",ChIJlT6MY5sOZ0gR6K_xcCJmhbo,https://plus.google.com/112590289778880271689/about?hl=en
"Dr Acupuncture","Unit10A, Nutgrove SC, Rathfarnham, Dublin 14, Dublin, Ireland",Dublin,Dublin,,IE,"(01) 901 0688",,"health, establishment","Monday: 10:00 am – 6:30 pm
Tuesday: 10:00 am – 6:30 pm
Wednesday: 10:00 am – 6:30 pm
Thursday: 10:00 am – 6:30 pm
Friday: 10:00 am – 6:30 pm
Saturday: 10:00 am – 6:30 pm
Sunday: 12:00 – 6:00 pm",http://dracupuncture.ie/,53.289962,-6.267548,"Google Places",ChIJE9iYad0LZ0gRyzDBb4b9mZM,https://plus.google.com/110097071694667427326/about?hl=en
"Fitzwilliam FoodTest","Clifton House, Lower Fitzwilliam Street, Dublin 2, Ireland","Dublin 2","Co. Dublin",,IE,"(01) 473 3790",,"health, establishment",,http://www.fitzwilliamfoodtest.com/,53.337924,-6.248272,"Google Places",ChIJIbP1GJgOZ0gRz4-zFT1qUao,https://plus.google.com/102051877604652290240/about?hl=en
"Life Coach, Reiki Master, Kinesiologist","7 Carysfort Avenue, Blackrock, Co. Dublin, Ireland",Blackrock,Dublin,,IE,"086 682 4401",,"health, establishment",,http://www.xhale.ie/,53.3007,-6.177889,"Google Places",ChIJDc-yLsEIZ0gRyNZL7yK_xww,https://plus.google.com/115309851791678112919/about?hl=en
"VIVASAN Natural Health and Beauty","61 Monastery Gate Avenue, D22 Dublin, Co. Dublin, Ireland","D22 Dublin",Dublin,,IE,"087 774 4504",,"grocery_or_supermarket, food, store, health, establishment",,http://www.vivasanwebshop.com/,53.32035,-6.374956,"Google Places",ChIJ31V-1bIMZ0gRBbJg3dnRXd0,https://plus.google.com/103825408878447612677/about?hl=en
Econatural.ie,"Kcr Estate, Ravensdale Park, Kimmage, Dublin 12, Ireland","Dublin 12",Dublin,,IE,"(01) 492 7774",,"grocery_or_supermarket, food, store, establishment",,http://www.econatural.ie/,53.311917,-6.298211,"Google Places",ChIJj4b3OnYMZ0gR8jrF5lH8y2k,https://plus.google.com/100165020955612624213/about?hl=en
"Irish Bed Hygiene Company Ltd","B2, JFK Trading Centre, Dublin 12, Ireland","Dublin 12","Co. Dublin",,IE,"(01) 459 1083",,establishment,,http://www.irishbedhygiene.com/,53.328435,-6.357885,"Google Places",ChIJvWf1ZMcMZ0gRLo1qpslQJaM,https://plus.google.com/116353292799202024390/about?hl=en
Medipharm,"16 S Great George's St, Dublin 2, Ireland","Dublin 2",Dublin,,IE,"(01) 671 9765",,"pharmacy, store, health, establishment","Monday: 8:30 am – 7:30 pm
Tuesday: 8:30 am – 7:30 pm
Wednesday: 8:30 am – 7:30 pm
Thursday: 8:30 am – 7:30 pm
Friday: 8:30 am – 7:30 pm
Saturday: 10:00 am – 6:30 pm
Sunday: 12:00 – 5:30 pm",http://www.medipharm.ie/,53.343069,-6.264325,"Google Places",ChIJpc5iAp0OZ0gRRsDWWA4wkr4,https://plus.google.com/110094743380822926787/about?hl=en
"Complementary Therapists","5 Ardmore Drive, Dublin 5, Ireland","Dublin 5",Dublin,,IE,"086 668 2855",,"health, establishment",,http://www.complementary-therapists.com/,53.388366,-6.215449,"Google Places",ChIJVfGDK8wPZ0gROjMPMQhZeLc,https://plus.google.com/113651269337634309661/about?hl=en
LloydsPharmacy,"Blackrock Shopping Centre, Blackrock, Co. Dublin, Ireland",Blackrock,Dublin,,IE,"(01) 283 4251",,"pharmacy, store, health, establishment",,http://www.lloydspharmacy.ie/,53.301962,-6.180274,"Google Places",ChIJWzimvMYIZ0gRw-T7kaGhexk,https://plus.google.com/103944148497285068646/about?hl=en
"Health and Harmony","41B Richmond Street South, Dublin, Ireland","Dublin City",Dublin,,IE,"(01) 475 9648",,"health, establishment","Monday: 11:00 am – 6:30 pm
Tuesday: 11:00 am – 6:30 pm
Wednesday: 11:00 am – 6:30 pm
Thursday: 12:00 – 5:00 pm
Friday: 11:00 am – 6:30 pm
Saturday: 11:00 am – 3:00 pm
Sunday: Closed",http://www.healthandharmony.ie/,53.330699,-6.264556,"Google Places",ChIJa2eonqAOZ0gRNTGQVR_5EKY,https://plus.google.com/100256940583872002319/about?hl=en
"Slievemore General Practice","Old Dublin Road, Co. Dublin, Co. Dublin, Ireland","Co. Dublin",Dublin,,IE,"(01) 200 0501",,"health, establishment","Monday: 9:00 am – 7:30 pm
Tuesday: 9:00 am – 7:30 pm
Wednesday: 9:00 am – 7:30 pm
Thursday: 9:00 am – 7:30 pm
Friday: 9:00 am – 5:00 pm
Saturday: Closed
Sunday: Closed",http://slievemoregp.com/,53.292306,-6.201383,"Google Places",ChIJHaHKyB8JZ0gRGj04khFCWJc,https://plus.google.com/108069532484117037750/about?hl=en
"Care Cure Acupuncture & Chinese Medicine","1 Rockfort House, St. Augustine Street, Galway, Ireland",Galway,"Co. Galway",,IE,"(091) 539 996",,"health, establishment","Monday: 10:00 am – 6:30 pm
Tuesday: 10:00 am – 6:30 pm
Wednesday: 10:00 am – 6:30 pm
Thursday: 10:00 am – 6:30 pm
Friday: 10:00 am – 6:30 pm
Saturday: 10:00 am – 6:30 pm
Sunday: Closed",http://www.care-cure.ie/,53.288299,-6.167773,"Google Places",ChIJhz_oAJMIZ0gRFnZZM92Dpwc,https://plus.google.com/108046238761759256250/about?hl=en
"Care Cure Acupuncture & Chinese Medicine","County Dublin, Ireland, 53 George's Street Lower, Dun Laoghaire, Co. Dublin, Ireland","Dun Laoghaire",Dublin,,IE,"(01) 284 5555",,"health, establishment","Monday: 10:00 am – 6:30 pm
Tuesday: 10:00 am – 6:30 pm
Wednesday: 10:00 am – 6:30 pm
Thursday: 10:00 am – 6:30 pm
Friday: 10:00 am – 6:30 pm
Saturday: 10:00 am – 6:30 pm
Sunday: Closed",http://www.care-cure.ie/,53.292969,-6.137966,"Google Places",ChIJg3OyFiEGZ0gRKfZ2nKOPUpw,https://plus.google.com/113992898662629071480/about?hl=en
"Care Cure Acupuncture & Chinese Medicine","53 George's Street Lower, Dun Laoghaire, Dublin, Ireland",Dublin,Dublin,,IE,"(01) 284 5555",,"health, establishment","Monday: 10:00 am – 6:30 pm
Tuesday: 10:00 am – 6:30 pm
Wednesday: 10:00 am – 6:30 pm
Thursday: 10:00 am – 6:30 pm
Friday: 10:00 am – 6:30 pm
Saturday: 10:00 am – 6:30 pm
Sunday: Closed",http://www.care-cure.ie/,53.292981,-6.137983,"Google Places",ChIJhXOyFiEGZ0gRcBcTury0QCE,https://plus.google.com/106847439573148444568/about?hl=en
"Care Cure Acupuncture & Chinese Medicine","53 George's Street Lower, Dun Laoghaire, Dublin, Ireland",Dublin,Dublin,,IE,"(01) 284 5555",,"hospital, health, establishment","Monday: 10:00 am – 6:30 pm
Tuesday: 10:00 am – 6:30 pm
Wednesday: 10:00 am – 6:30 pm
Thursday: 10:00 am – 6:30 pm
Friday: 10:00 am – 6:30 pm
Saturday: 10:00 am – 6:30 pm
Sunday: Closed",http://www.carecure.ie,53.289889,-6.130831,"Google Places",ChIJAd25ICUGZ0gRk9vHJDJKyso,https://plus.google.com/115680807134977763609/about?hl=en
HairCreations,"Roselawn Rd, Dublin 15, Ireland","Dublin 15",Dublin,,IE,"(01) 821 0694",,"beauty_salon, hair_care, establishment","Monday: 9:00 am – 5:30 pm
Tuesday: 9:00 am – 5:30 pm
Wednesday: 9:00 am – 5:30 pm
Thursday: 9:00 am – 8:00 pm
Friday: 9:00 am – 8:00 pm
Saturday: 9:00 am – 5:00 pm
Sunday: Closed",http://www.haircreations.ie/roselawn,53.392644,-6.389665,"Google Places",ChIJlV4zYlUNZ0gR1tUnIFAeJwQ,https://plus.google.com/116988489077410159204/about?hl=en
"Medipharm Dundrum","7, Arbourfield Terrace, Dundrum Rd, Dublin 14, Ireland","Dublin 14",Dublin,,IE,"(01) 296 3492",,"pharmacy, store, health, establishment","Monday: 8:30 am – 6:30 pm
Tuesday: 8:30 am – 6:30 pm
Wednesday: 8:30 am – 6:30 pm
Thursday: 8:30 am – 6:30 pm
Friday: 8:30 am – 6:30 pm
Saturday: 9:30 am – 6:00 pm
Sunday: Closed",http://www.medipharm.ie/,53.302032,-6.244902,"Google Places",ChIJAWFTBh0MZ0gRKYnKYZhjw-M,https://plus.google.com/110899819544525944621/about?hl=en
"home heat recovery","81 Harcourt Green, Charlemont St, Co. Dublin, Ireland","Charlemont St",Dublin,,IE,"083 002 3939",,establishment,"Monday: 8:00 am – 8:00 pm
Tuesday: 8:00 am – 8:00 pm
Wednesday: 8:00 am – 8:00 pm
Thursday: 8:00 am – 8:00 pm
Friday: 8:00 am – 8:00 pm
Saturday: 8:00 am – 8:00 pm
Sunday: 8:00 am – 8:00 pm",http://www.homeheatrecovery.com/,53.331568,-6.261809,"Google Places",ChIJjZx9_qAOZ0gROIrLOke4elg,https://plus.google.com/111150451880654684858/about?hl=en
"Homeopathy Healing - Eileen Scullion","25 Suffolk Street, Dublin 2, Ireland","Dublin 2",Dublin,,IE,"086 089 1037",,"health, hospital, establishment",,http://www.homeopathy-healing.com/,53.343553,-6.260352,"Google Places",ChIJ2eOzhpwOZ0gRVbK-3kTbfV8,https://plus.google.com/112722452961569773454/about?hl=en
"Homeopathy Healing - Registered Dublin Homeopath - Eileen Scullion","88 Leighlin Road, Crumlin, Dublin 12, Ireland","Dublin 12",Dublin,,IE,"086 089 1037",,"health, establishment",,http://www.homeopathy-healing.com/,53.323907,-6.30182,"Google Places",ChIJKxo2rW8MZ0gRD7AsYel54BQ,https://plus.google.com/103711849835030362995/about?hl=en
"beauty secrets 2010","Tallaght, Tallaght, Co. Dublin, Ireland",Tallaght,Dublin,,IE,,,"beauty_salon, establishment",,http://www.beautysecrets2010.blogspot.com/,53.288804,-6.355706,"Google Places",ChIJBW7BdbV0Z0gREMxlrZ0Uz2U,https://plus.google.com/111079512597562529024/about?hl=en
"Croke Park","Jones' Road, Dublin 3, Ireland","Dublin 3",,,IE,"(01) 819 2300",4.7,"stadium, establishment",,http://www.crokepark.ie/,53.360712,-6.251209,"Google Places",ChIJlflkkmMOZ0gRX7SIDoZHE-U,https://plus.google.com/107994286923627258787/about?hl=en
"Mater Private","Eccles St, Dublin 7, Ireland","Dublin 7",,,IE,"(01) 885 8888",,"hospital, establishment",,http://www.materprivate.ie/,53.357957,-6.264644,"Google Places",ChIJY-Ptc34OZ0gRI1OPvEO1CDY,https://plus.google.com/112754498493398241324/about?hl=en
"The Gibson Hotel","Point Village, Dublin 1, Ireland","Dublin 1",Dublin,,IE,"(01) 681 5000",4.5,"lodging, establishment",,http://www.thegibsonhotel.ie/,53.34865,-6.22857,"Google Places",ChIJLyP6P_AOZ0gRFhHN1UZA8nw,https://plus.google.com/113745712349359822467/about?hl=en
"Brooks Hotel","59-63 Drury Street, Dublin 2, Ireland","Dublin 2",Dublin,,IE,"(01) 670 4000",4.3,"lodging, establishment","Monday: 7:00 am – 12:00 am
Tuesday: 7:00 am – 12:00 am
Wednesday: 7:00 am – 12:00 am
Thursday: 7:00 am – 12:00 am
Friday: 7:00 am – 12:00 am
Saturday: 7:00 am – 12:00 am
Sunday: 7:00 am – 12:00 am",http://www.brookshotel.ie/,53.34162,-6.263533,"Google Places",ChIJ____j2bxX0gRRo1iOZDA4wg,https://plus.google.com/103513027839183832203/about?hl=en
"Buswells Hotel","27 Molesworth Street, Dublin 2, Ireland","Dublin 2",Dublin,,IE,"(01) 614 6500",3.9,"bar, restaurant, lodging, food, establishment","Monday: Open 24 hours
Tuesday: Open 24 hours
Wednesday: Open 24 hours
Thursday: Open 24 hours
Friday: Open 24 hours
Saturday: Open 24 hours
Sunday: Open 24 hours",http://www.buswells.ie/,53.340797,-6.255582,"Google Places",ChIJzdlHJJoOZ0gRSAHBJlhQo28,https://plus.google.com/113594589856612722568/about?hl=en
Bruxelles,"7-8 Harry St, Dublin 2, Ireland","Dublin 2",,,IE,"(01) 677 5362",3.9,"night_club, bar, establishment","Monday: 9:30 am – 1:30 am
Tuesday: 9:30 am – 1:30 am
Wednesday: 9:30 am – 2:30 am
Thursday: 9:30 am – 2:30 am
Friday: 9:30 am – 2:30 am
Saturday: 9:30 am – 2:30 am
Sunday: 9:30 am – 1:30 am",http://www.bruxelles.ie/,53.341341,-6.260908,"Google Places",ChIJEYHHDJwOZ0gRVbbA0NQyqRU,https://plus.google.com/103375629880324401995/about?hl=en
"Morehampton Townhouse Dublin","78 Morehampton Road, Dublin 4, Ireland","Dublin 4",Dublin,,IE,"(01) 668 8866",,"lodging, establishment","Monday: 7:30 am – 12:00 am
Tuesday: 7:30 am – 12:00 am
Wednesday: 7:30 am – 12:00 am
Thursday: 7:30 am – 12:00 am
Friday: 7:30 am – 12:00 am
Saturday: 7:30 am – 12:00 am
Sunday: 7:30 am – 12:00 am",http://www.morehamptontownhouse.com,53.325103,-6.240646,"Google Places",ChIJ8cyd4LkOZ0gRI4g3upF6UT0,https://plus.google.com/110543712491025249938/about?hl=en
"The Ripley Court Hotel","37 Talbot Street, Dublin 1, Ireland",,,,IE,"(01) 836 5892",3.9,"lodging, establishment",,http://www.ripleycourt.com/,53.351301,-6.251528,"Google Places",ChIJwYIW044OZ0gRx7crsdmsKdM,https://plus.google.com/109264530313310279882/about?hl=en
"Beresford Hotel IFSC","Store St, Dublin 1, Ireland","Dublin 1",,,IE,"(01) 813 4700",3.4,"cafe, restaurant, lodging, food, establishment","Monday: Open 24 hours
Tuesday: Open 24 hours
Wednesday: Open 24 hours
Thursday: Open 24 hours
Friday: Open 24 hours
Saturday: Open 24 hours
Sunday: Open 24 hours",http://www.beresfordhotelifsc.com/,53.350052,-6.252521,"Google Places",ChIJyQ9lII8OZ0gRqFm_Moc2OuE,https://plus.google.com/103149998155722193658/about?hl=en
"Boots Pharmacy Grafton Street","12 Grafton St, Dublin 2, Ireland","Dublin 2",Dublin,,IE,"(01) 677 3000",,"pharmacy, store, health, establishment","Monday: 8:00 am – 8:00 pm
Tuesday: 8:00 am – 8:00 pm
Wednesday: 8:00 am – 8:00 pm
Thursday: 8:00 am – 9:00 pm
Friday: 8:00 am – 8:00 pm
Saturday: 8:30 am – 7:00 pm
Sunday: 11:00 am – 7:00 pm",http://www.boots.ie/,53.342534,-6.25945,"Google Places",ChIJLYlam5sOZ0gRgFIS8dfcFuU,https://plus.google.com/118081851890960804952/about?hl=en
"Dublin Holistic Centre","28 South William St, Dublin 2, Ireland",,Dublin,,IE,"(01) 633 0063",,"health, establishment","Monday: 8:00 am – 10:00 pm
Tuesday: 8:00 am – 10:00 pm
Wednesday: 8:00 am – 10:00 pm
Thursday: 8:00 am – 10:00 pm
Friday: 8:00 am – 10:00 pm
Saturday: 8:00 am – 10:00 pm
Sunday: Closed",http://www.dublinholisticcentre.com/,53.341541,-6.263094,"Google Places",ChIJq5jig5wOZ0gRorA7PqnmV9c,https://plus.google.com/101394568762108166336/about?hl=en
"The Academy, Middle Abbey Street","57 Abbey Street Middle, Dublin 1, Ireland","Dublin 1",Dublin,,IE,,3.9,"night_club, bar, establishment",,http://www.theacademydublin.com/,53.348045,-6.26198,"Google Places",ChIJC6HYf4MOZ0gRHU_7xAjvlDQ,https://plus.google.com/100304189794776086223/about?hl=en
"Restaurant @ Marks & Spencer","15-20 Grafton St, Dublin, Ireland",Dublin,Dublin,,IE,"(01) 679 7855",,"restaurant, food, establishment","Monday: 8:00 am – 8:00 pm
Tuesday: 8:00 am – 8:00 pm
Wednesday: 8:00 am – 8:00 pm
Thursday: 8:00 am – 9:00 pm
Friday: 8:00 am – 8:00 pm
Saturday: 8:00 am – 8:00 pm
Sunday: 8:00 am – 7:00 pm","http://www.marksandspencer.ie/Grafton-St/STORE%2012%20Grafton%20St,en_IE,pg.html",53.342274,-6.259673,"Google Places",ChIJRQYhsoQOZ0gR3dW583jMXRQ,https://plus.google.com/115138230300210082007/about?hl=en
Boots,"20 Henry Street, Dublin, Ireland",Dublin,Dublin,,IE,"(01) 873 0209",,"pharmacy, store, health, establishment","Monday: 8:00 am – 7:00 pm
Tuesday: 8:00 am – 7:00 pm
Wednesday: 8:00 am – 7:00 pm
Thursday: 8:00 am – 9:00 pm
Friday: 8:00 am – 8:00 pm
Saturday: 9:00 am – 7:00 pm
Sunday: 11:00 am – 6:00 pm",http://www.boots.ie,53.34962,-6.261203,"Google Places",ChIJIW3EDIQOZ0gRGbagf68lHks,https://plus.google.com/103127790253229489813/about?hl=en
"Boots Pharmacy Ilac","Unit 20, Central Mall, Ilac Centre, Dublin 1, Ireland","Dublin 1",Dublin,,IE,"(01) 872 2520",,"pharmacy, store, health, establishment",,http://www.boots.ie,53.350188,-6.264377,"Google Places",ChIJS7QDYYEOZ0gRP8u2ufjBbFw,https://plus.google.com/109445784442561031433/about?hl=en
"Carpet and Flooring concepts","95 George's Street Lower, Dun Laoghaire, Co. Dublin, Ireland","Dun Laoghaire",Dublin,,IE,"(01) 903 3613",,"home_goods_store, store, establishment","Monday: Closed
Tuesday: 10:00 am – 5:30 pm
Wednesday: 10:00 am – 5:30 pm
Thursday: 10:00 am – 5:30 pm
Friday: 10:00 am – 5:30 pm
Saturday: 10:00 am – 5:30 pm
Sunday: 1:00 – 5:00 pm",http://www.carpetandflooringconcepts.ie/,53.293395,-6.138286,"Google Places",ChIJo57-EiEGZ0gRc3dcVdDi-T0,https://plus.google.com/105573037188618291474/about?hl=en
UrbanWax,"22-23 Suffolk St, Dublin, Ireland",,Dublin,,IE,"(01) 677 8577",,"beauty_salon, establishment","Monday: 9:00 am – 6:00 pm
Tuesday: 9:00 am – 8:00 pm
Wednesday: 9:00 am – 8:00 pm
Thursday: 9:00 am – 8:00 pm
Friday: 9:00 am – 6:00 pm
Saturday: 9:00 am – 5:00 pm
Sunday: Closed",http://www.urbanwax.com/,53.343478,-6.26014,"Google Places",ChIJDS0IcJsOZ0gRFSyE3SphN6U,https://plus.google.com/112831873564625883163/about?hl=en
HairCreations,"Unit 41 /42, Blackrock Shopping Centre, Rock Hill, Blackrock, Co. Dublin, Ireland",Blackrock,Dublin,,IE,"(01) 288 4121",,"beauty_salon, hair_care, establishment","Monday: 9:00 am – 5:30 pm
Tuesday: 9:00 am – 5:30 pm
Wednesday: 9:00 am – 5:30 pm
Thursday: 9:00 am – 8:00 pm
Friday: 9:00 am – 8:00 pm
Saturday: 9:00 am – 5:00 pm
Sunday: Closed",http://www.haircreations.ie/blackrock,53.302254,-6.179902,"Google Places",ChIJo80lvMYIZ0gR1NiVdwtUn0o,https://plus.google.com/100627548715483387799/about?hl=en
"Wellbeing Ireland","First Floor,, 2C Main Street,, Blackrock, Dublin,, Co. Dublin, Ireland","Blackrock, Dublin,",Dublin,,IE,"(01) 288 5118",,"health, establishment","Monday: 9:00 am – 5:30 pm
Tuesday: 9:00 am – 5:30 pm
Wednesday: 9:00 am – 5:30 pm
Thursday: 9:00 am – 5:30 pm
Friday: 9:00 am – 5:30 pm
Saturday: Closed
Sunday: Closed",http://www.wellbeing.ie/,53.302434,-6.178017,"Google Places",ChIJAVR84MYIZ0gR-1NrtWgefmE,https://plus.google.com/115495403478559735711/about?hl=en
Boots,"Unit 9, Jervis Shopping Centre, Henry St, Dublin 1, Ireland","Dublin 1",Dublin,,IE,"(01) 878 0200",,"pharmacy, store, health, establishment","Monday: 8:30 am – 7:00 pm
Tuesday: 8:30 am – 7:00 pm
Wednesday: 8:30 am – 7:00 pm
Thursday: 8:30 am – 9:00 pm
Friday: 8:30 am – 7:00 pm
Saturday: 8:30 am – 7:00 pm
Sunday: 11:30 am – 7:00 pm",http://www.boots.ie,53.348114,-6.265259,"Google Places",ChIJ36jtTIIOZ0gRqP_opm2-TSs,https://plus.google.com/103621385329173018666/about?hl=en
Superdrug,"Unit 106 The Square Town, The Square Shopping Centre, Dublin, Ireland",Dublin,,,IE,"(01) 451 4890",,"store, establishment",,http://store-finder.superdrug.com/store.php?id=1802,53.286457,-6.371121,"Google Places",ChIJVVjPCrV0Z0gRpeUgcte3dkk,https://plus.google.com/102340672679427235976/about?hl=en
"Anne Butler - Reflexologist","63 Beechwood Avenue Lower, Dublin 6, Ireland","Dublin 6",Dublin,,IE,"(01) 412 6215",,"health, establishment","Monday: 9:00 am – 5:00 pm
Tuesday: 9:00 am – 5:00 pm
Wednesday: 9:00 am – 5:00 pm
Thursday: 9:00 am – 5:00 pm
Friday: 9:00 am – 5:00 pm
Saturday: 9:00 am – 5:00 pm
Sunday: Closed",http://www.complementary-therapists.com/irish-therapists/dublin/anne-butler.htm,53.323383,-6.254416,"Google Places",ChIJI3laaK8OZ0gRg-HsouRNdBw,https://plus.google.com/110519937472744261139/about?hl=en
"Glenville Nutrition","10 Orwell Road, Rathgar, Dublin 6, Ireland","Dublin 6","Co. Dublin",,IE,"(01) 402 0777",,"health, establishment",,http://www.positivenutrition.ie/,53.311642,-6.274646,"Google Places",ChIJXT2MB6gOZ0gR8Zp-zzAzPyw,https://plus.google.com/102322907542256523990/about?hl=en
"Marian Sopoliga & Lenka Sopoligova - Reiki Therapists","Castleforbes Square, Dublin 1, Ireland","Dublin 1",Dublin,,IE,"(01) 442 2702",,"health, establishment","Monday: 9:00 am – 8:00 pm
Tuesday: 9:00 am – 8:00 pm
Wednesday: 9:00 am – 8:00 pm
Thursday: 9:00 am – 8:00 pm
Friday: 9:00 am – 8:00 pm
Saturday: 9:00 am – 8:00 pm
Sunday: 9:00 am – 2:00 pm",http://www.complementary-therapists.com/irish-therapists/dublin/marian-lenka.htm,53.349629,-6.232219,"Google Places",ChIJCWR6dvEOZ0gRi4--U5REvMQ,https://plus.google.com/102876961350105050651/about?hl=en
"Hermitage Medical Clinic","Lucan Road Old, Dublin, Ireland","South Dublin",Dublin,,IE,"(01) 645 9000",4.2,"hospital, health, establishment","Monday: 8:00 am – 5:00 pm
Tuesday: 8:00 am – 5:00 pm
Wednesday: 8:00 am – 5:00 pm
Thursday: 8:00 am – 5:00 pm
Friday: 8:00 am – 5:00 pm
Saturday: 10:00 am – 5:00 pm
Sunday: 10:00 am – 5:00 pm",http://www.hermitageclinic.ie/,53.358813,-6.40464,"Google Places",ChIJM7GOVNtyZ0gRnIn_TQdJmew,https://plus.google.com/116984371357446672010/about?hl=en
"Tony Lawless","16 Brookwood Rise, Dublin 5, Ireland","Dublin 5",Dublin,,IE,"087 223 0052",,"health, establishment","Monday: 9:00 am – 9:00 pm
Tuesday: 9:00 am – 9:00 pm
Wednesday: 9:00 am – 9:00 pm
Thursday: 9:00 am – 9:00 pm
Friday: 9:00 am – 9:00 pm
Saturday: 9:00 am – 9:00 pm
Sunday: Closed",http://www.complementary-therapists.com/irish-therapists/dublin/tony-lawless.htm,53.377791,-6.195111,"Google Places",ChIJzwhw9r4PZ0gRpBdra39XWUw,https://plus.google.com/117596132256849753047/about?hl=en
"Linda Keogh - Reiki Healer","2, The Strand, Dublin 13, Ireland","Dublin 13",Dublin,,IE,"086 880 0602",,"health, establishment","Monday: 9:00 am – 9:00 pm
Tuesday: 9:00 am – 9:00 pm
Wednesday: 9:00 am – 9:00 pm
Thursday: 9:00 am – 9:00 pm
Friday: 9:00 am – 9:00 pm
Saturday: 9:00 am – 9:00 pm
Sunday: Closed",http://www.complementary-therapists.com/linda.htm,53.390538,-6.124255,"Google Places",ChIJh9gdScIaZ0gRTh2sqAgTMBc,https://plus.google.com/107429128392744366729/about?hl=en
Biomnis,"Sandyford Business Estate, Three Rock Road, Dublin 18, Ireland","Dublin 18",Dublin,,IE,"(01) 295 8545",,"health, establishment",,http://www.biomnis.ie/,53.276257,-6.213325,"Google Places",ChIJLXnn4AgJZ0gRoUayn2oTJMg,https://plus.google.com/111092569735003120371/about?hl=en
"Pharmhealth Pharmacy","Dublin City University Campus, Glasnevin, Dublin 9, Ireland",,,,IE,"(01) 700 6080",,"pharmacy, food, store, health, establishment","Monday: 8:30 am – 6:30 pm
Tuesday: 8:30 am – 6:30 pm
Wednesday: 8:30 am – 6:30 pm
Thursday: 8:30 am – 6:30 pm
Friday: 8:30 am – 6:00 pm
Saturday: Closed
Sunday: Closed",http://www.pharmhealth.ie/,53.385725,-6.259112,"Google Places",ChIJRTPVsREOZ0gRazSz7d6Al_Y,https://plus.google.com/117114773722271132274/about?hl=en
"MedLab Pathology","Unit 3, Sandyford Business Park, Blackthorn Road, Sandyford, Dublin 18, Ireland","Dublin 18","Co. Dublin",,IE,"(01) 293 3690",,"doctor, health, establishment",,http://www.sonichealthcare.ie/home.aspx,53.276058,-6.20764,"Google Places",ChIJy7ivWQgJZ0gRDFqnlHuylZg,https://plus.google.com/109192397538608768712/about?hl=en
"Holistic Therapist - Jennifer Dunne","22 Jugback Lane, Swords, Co. Dublin, Ireland",Swords,Dublin,,IE,"086 156 2701",,"health, establishment","Monday: 9:00 am – 9:00 pm
Tuesday: 9:00 am – 9:00 pm
Wednesday: 9:00 am – 9:00 pm
Thursday: 9:00 am – 9:00 pm
Friday: 9:00 am – 9:00 pm
Saturday: 9:00 am – 6:00 pm
Sunday: Closed",http://www.complementary-therapists.com/irish-therapists/dublin/jennifer-dunne.htm,53.465927,-6.226136,"Google Places",ChIJS2ZX4-cQZ0gRiE2OpQRHN-A,https://plus.google.com/105491966479826400668/about?hl=en
"Challenge Insurance","28 Willie Nolan Road, Baldoyle, Co. Dublin, Ireland",Baldoyle,Dublin,,IE,"(01) 839 5942",,"insurance_agency, establishment","Monday: 9:00 am – 5:30 pm
Tuesday: 9:00 am – 5:30 pm
Wednesday: 9:00 am – 5:30 pm
Thursday: 9:00 am – 5:30 pm
Friday: 9:00 am – 5:30 pm
Saturday: Closed
Sunday: Closed",http://www.challenge.ie/,53.397494,-6.132887,"Google Places",ChIJ4cVoMjcFZ0gRX1rEpzN60n0,https://plus.google.com/112160795557035235454/about?hl=en
"McCabes Pharmacy","Unit 148, The Blanchardstown Centre, Dublin 15, Ireland","Dublin 15",,,IE,"(01) 822 2171",,"pharmacy, store, health, establishment","Monday: 9:00 am – 6:00 pm
Tuesday: 9:00 am – 6:00 pm
Wednesday: 9:00 am – 6:00 pm
Thursday: 9:00 am – 9:00 pm
Friday: 9:00 am – 9:00 pm
Saturday: 9:00 am – 6:00 pm
Sunday: 12:00 – 6:00 pm",http://www.mccabespharmacy.com/pharmacies/blanchardstown-late-night-pharmacy/,53.392878,-6.390016,"Google Places",ChIJi-F2mKoSZ0gRCPFti8jRgXA,https://plus.google.com/102763377078386709545/about?hl=en
"Linda Keogh - Spiritual Healer & Reiki Master","2, The Strand, Dublin 13, Ireland","Dublin 13",Dublin,,IE,"086 880 0602",,establishment,"Monday: 9:00 am – 9:00 pm
Tuesday: 9:00 am – 9:00 pm
Wednesday: 9:00 am – 9:00 pm
Thursday: 9:00 am – 9:00 pm
Friday: 9:00 am – 9:00 pm
Saturday: 9:00 am – 9:00 pm
Sunday: Closed",http://www.complementary-therapists.com/irish-therapists/dublin/linda-keogh.htm,53.425562,-6.13676,"Google Places",ChIJh9gdScIaZ0gRBHYeB6BTd50,https://plus.google.com/109268889001666722036/about?hl=en
"Supreme Carpet Cleaning Services","Swords, Swords, Co. Dublin, Ireland",Swords,Dublin,,IE,"(01) 895 6773",,"laundry, establishment","Monday: 9:00 am – 9:00 pm
Tuesday: 9:00 am – 9:00 pm
Wednesday: 9:00 am – 9:00 pm
Thursday: 9:00 am – 9:00 pm
Friday: 9:00 am – 9:00 pm
Saturday: 10:00 am – 5:00 pm
Sunday: Closed",http://www.supremecarpetcleaning.ie/,53.455746,-6.21974,"Google Places",ChIJCfHjROsQZ0gRKaO8aWBTvLs,https://plus.google.com/101844271201175444081/about?hl=en
"Free Spirit Therapies","Captain's Hill, Leixlip, Co. Kildare, Ireland",Leixlip,Kildare,,IE,"087 253 8812",,"health, establishment",,http://www.free-spirit.biz/,53.366766,-6.487543,"Google Places",ChIJTbKOtxlyZ0gRvLXPmFyXRTM,https://plus.google.com/114923909103657007385/about?hl=en
"Sam McCauley Chemist Group","Church Rd, Greystones, Co. Wicklow, Ireland",Greystones,Wicklow,,IE,"(01) 287 2600",,"pharmacy, store, health, establishment","Monday: 9:00 am – 8:00 pm
Tuesday: 9:00 am – 8:00 pm
Wednesday: 9:00 am – 8:00 pm
Thursday: 9:00 am – 8:00 pm
Friday: 9:00 am – 8:00 pm
Saturday: 9:00 am – 6:00 pm
Sunday: 12:00 am – 6:00 pm",http://www.sammccauley.com/aspx/Homepage.aspx,53.144753,-6.06337,"Google Places",ChIJl9r-4javZ0gREOoKs60oPG4,https://plus.google.com/105842274670837009184/about?hl=en
"Fannin Ltd","16 Redmond's Hill, Dublin 2, Ireland","Dublin 2",Dublin,,IE,"(01) 290 7000",,"hospital, establishment",,http://www.fannin.eu/,53.338141,-6.266261,"Google Places",ChIJc1-FI54OZ0gRohVzrG8-Dxg,https://plus.google.com/105606508340194377666/about?hl=en
"Dan Tien Acupuncture","31 Bride Street, Dublin, Ireland",Dublin,Dublin,,IE,"087 961 8344",,"health, establishment","Monday: 10:30 am – 7:00 pm
Tuesday: 10:30 am – 7:00 pm
Wednesday: 10:30 am – 7:00 pm
Thursday: 10:30 am – 7:00 pm
Friday: 10:30 am – 7:00 pm
Saturday: 2:00 – 5:00 pm
Sunday: Closed",http://dan-tien.ie/,53.341072,-6.270427,"Google Places",ChIJG4IIIycMZ0gRXL8_2scvvPY,https://plus.google.com/117486597884981751519/about?hl=en
